[Licensing::Module] Trying to connect to existing licensing client channel...
Built from '6000.3/staging' branch; Version is '6000.3.8f1 (1c7db571dde0) revision 1867189'; Using compiler version '194234433'; Build Type 'Release'
[Licensing::IpcConnector] Successfully connected to: "LicenseClient-pg29diana" at "2026-06-03T20:25:48.1998822Z"
OS: 'Windows 11  (10.0.26200) Education' Language: 'en' Physical Memory: 65218 MB
BatchMode: 1, IsHumanControllingUs: 0, StartBugReporterOnCrash: 0, Is64bit: 1
System  architecture: x64
Process architecture: x64
Date: 2026-06-03T20:25:48Z

COMMAND LINE ARGUMENTS:
C:\Program Files\Unity\Hub\Editor\6000.3.8f1\Editor\Unity.exe
-adb2
-batchMode
-noUpm
-name
AssetImportWorker4
-projectPath
C:/Users/pg29diana/Desktop/Mobile/SegundaPrueba
-logFile
Logs/AssetImportWorker4.log
-srvPort
58493
-licensingIpc
LicenseClient-pg29diana
-job-worker-count
7
-background-job-worker-count
8
-gc-helper-count
1
-name
AssetImport
Successfully changed project path to: C:/Users/pg29diana/Desktop/Mobile/SegundaPrueba
C:/Users/pg29diana/Desktop/Mobile/SegundaPrueba
[UnityMemory] Configuration Parameters - Can be set up in boot.config
    "memorysetup-temp-allocator-size-nav-mesh-worker=65536"
    "memorysetup-temp-allocator-size-audio-worker=65536"
    "memorysetup-temp-allocator-size-gfx=262144"
    "memorysetup-allocator-temp-initial-block-size-main=262144"
    "memorysetup-allocator-temp-initial-block-size-worker=262144"
    "memorysetup-temp-allocator-size-background-worker=32768"
    "memorysetup-temp-allocator-size-job-worker=262144"
    "memorysetup-temp-allocator-size-preload-manager=33554432"
    "memorysetup-temp-allocator-size-gi-baking-worker=262144"
    "memorysetup-temp-allocator-size-gi-baking-worker=262144"
    "memorysetup-temp-allocator-size-gi-baking-worker=262144"
    "memorysetup-temp-allocator-size-gi-baking-worker=262144"
    "memorysetup-temp-allocator-size-gi-baking-worker=262144"
    "memorysetup-bucket-allocator-granularity=16"
    "memorysetup-bucket-allocator-bucket-count=8"
    "memorysetup-bucket-allocator-block-size=33554432"
    "memorysetup-bucket-allocator-block-count=8"
    "memorysetup-main-allocator-block-size=16777216"
    "memorysetup-thread-allocator-block-size=16777216"
    "memorysetup-gfx-main-allocator-block-size=16777216"
    "memorysetup-gfx-thread-allocator-block-size=16777216"
    "memorysetup-cache-allocator-block-size=4194304"
    "memorysetup-typetree-allocator-block-size=2097152"
    "memorysetup-profiler-bucket-allocator-granularity=16"
    "memorysetup-profiler-bucket-allocator-bucket-count=8"
    "memorysetup-profiler-bucket-allocator-block-size=33554432"
    "memorysetup-profiler-bucket-allocator-block-count=8"
    "memorysetup-profiler-allocator-block-size=16777216"
    "memorysetup-profiler-editor-allocator-block-size=1048576"
    "memorysetup-temp-allocator-size-main=16777216"
    "memorysetup-job-temp-allocator-block-size=2097152"
    "memorysetup-job-temp-allocator-block-size-background=1048576"
    "memorysetup-job-temp-allocator-reduction-small-platforms=262144"
    "memorysetup-temp-allocator-size-cloud-worker=32768"
Player connection [3944]  Target information:

Player connection [3944]  * "[IP] 10.131.175.176 [Port] 0 [Flags] 2 [Guid] 752952449 [EditorId] 752952449 [Version] 1048832 [Id] WindowsEditor(7,151-R115-02) [Debug] 1 [PackageName] WindowsEditor [ProjectName] Editor" 

Player connection [3944] Host joined multi-casting on [225.0.0.222:54997]...
Player connection [3944] Host joined alternative multi-casting on [225.0.0.222:34997]...
JobSystem: Creating JobQueue using job-worker-count value 7
Input System module state changed to: Initialized.
[Physics::Module] Initialized fallback backend.
[Physics::Module] Id: 0xdecafbad
Library Redirect Path: Library/
[Physics::Module] Selected backend.
[Physics::Module] Name: PhysX
[Physics::Module] Id: 0xf2b8ea05
[Physics::Module] SDK Version: 4.1.2
[Physics::Module] Integration Version: 1.0.0
[Physics::Module] Threading Mode: Multi-Threaded
[Licensing::Module] Licensing is not yet initialized.
[Licensing::Client] Handshaking with LicensingClient:
  Version:                 1.17.4+4293ba1
  Session Id:              ab1cc4471f97499e8b7775293286b3a7
  Correlation Id:          3206ed57358bf6af4499c84597da6215
  External correlation Id: 6069140098372692579
  Machine Id:              RO8vXEZkbjZyy8j6rFw/uKQsBFw=
[Licensing::Module] Successfully connected to LicensingClient on channel: "LicenseClient-pg29diana" (connect: 0.00s, validation: 0.00s, handshake: 3.13s)
[Licensing::IpcConnector] Successfully connected to: "LicenseClient-pg29diana-notifications" at "2026-06-03T20:25:51.3372929Z"
[Licensing::Module] Licensing Background thread has ended after 3.14s
[Licensing::Module] Licensing is initialized (took 2.83s).
[Licensing::Client] Successfully resolved entitlement details
[Licensing::Module] License group:
  Id: 4674058632067-UnityPersXXXX
  Product: Unity Personal
  Type: Assigned
  Expiration: Unlimited
Refreshing native plugins compatible for Editor in 5.32 ms, found 4 plugins.
Preloading 0 native plugins for Editor in 0.00 ms.
Initialize engine version: 6000.3.8f1 (1c7db571dde0)
[Subsystems] Discovering subsystems at path C:/Program Files/Unity/Hub/Editor/6000.3.8f1/Editor/Data/Resources/UnitySubsystems
[Subsystems] Discovering subsystems at path C:/Users/pg29diana/Desktop/Mobile/SegundaPrueba/Assets
GfxDevice: creating device client; kGfxThreadingModeNonThreaded
Direct3D:
    Version:  Direct3D 11.0 [level 11.1]
    Renderer: NVIDIA Quadro RTX 5000 (ID=0x1eb0)
    Vendor:   NVIDIA
    VRAM:     16147 MB
    Driver:   32.0.15.9597
Shader 'TextMeshPro/Distance Field SSD': fallback shader 'TextMeshPro/Mobile/Distance Field' not found
Shader 'TextMeshPro/Distance Field': fallback shader 'TextMeshPro/Mobile/Distance Field' not found
Shader 'TextMeshPro/Distance Field Overlay': fallback shader 'TextMeshPro/Mobile/Distance Field' not found
Initialize mono
Mono path[0] = 'C:/Program Files/Unity/Hub/Editor/6000.3.8f1/Editor/Data/Managed'
Mono path[1] = 'C:/Program Files/Unity/Hub/Editor/6000.3.8f1/Editor/Data/MonoBleedingEdge/lib/mono/unityjit-win32'
Mono config path = 'C:/Program Files/Unity/Hub/Editor/6000.3.8f1/Editor/Data/MonoBleedingEdge/etc'
Using monoOptions --debugger-agent=transport=dt_socket,embedding=1,server=y,suspend=n,address=127.0.0.1:56908
Begin MonoManager ReloadAssembly
Registering precompiled unity dll's ...
Register platform support module: C:/Program Files/Unity/Hub/Editor/6000.3.8f1/Editor/Data/PlaybackEngines/WebGLSupport/UnityEditor.WebGL.Extensions.dll
Register platform support module: C:/Program Files/Unity/Hub/Editor/6000.3.8f1/Editor/Data/PlaybackEngines/WindowsStandaloneSupport/UnityEditor.WindowsStandalone.Extensions.dll
Register platform support module: C:/Program Files/Unity/Hub/Editor/6000.3.8f1/Editor/Data/PlaybackEngines/AndroidPlayer/UnityEditor.Android.Extensions.dll
[Licensing::Client] Successfully resolved entitlement details
Register platform support module: C:/Program Files/Unity/Hub/Editor/6000.3.8f1/Editor/Data/PlaybackEngines/iOSSupport/UnityEditor.iOS.Extensions.dll
Registered in 0.006474 seconds.
- Loaded All Assemblies, in  0.559 seconds
[usbmuxd] Start listen thread
[usbmuxd] Listen thread started
[usbmuxd] Send listen message
Native extension for iOS target not found
Native extension for Android target not found
Android Extension - Scanning For ADB Devices 1042 ms
Native extension for WindowsStandalone target not found
Native extension for WebGL target not found
ScheduleIndexationOnStartup MainProcess:False IndexOnStartup:True
Mono: successfully reloaded assembly
- Finished resetting the current domain, in  1.693 seconds
Domain Reload Profiling: 2247ms
	BeginReloadAssembly (160ms)
		ExecutionOrderSort (0ms)
		DisableScriptedObjects (0ms)
		BackupInstance (0ms)
		ReleaseScriptingObjects (0ms)
		CreateAndSetChildDomain (1ms)
	RebuildCommonClasses (48ms)
	RebuildNativeTypeToScriptingClass (15ms)
	initialDomainReloadingComplete (61ms)
	LoadAllAssembliesAndSetupDomain (270ms)
		LoadAssemblies (155ms)
		RebuildTransferFunctionScriptingTraits (0ms)
		AnalyzeDomain (264ms)
			TypeCache.Refresh (261ms)
				TypeCache.ScanAssembly (243ms)
			BuildScriptInfoCaches (0ms)
			ResolveRequiredComponents (1ms)
	FinalizeReload (1693ms)
		ReleaseScriptCaches (0ms)
		RebuildScriptCaches (0ms)
		SetupLoadedEditorAssemblies (1630ms)
			LogAssemblyErrors (0ms)
			InitializePlatformSupportModulesInManaged (1188ms)
			SetLoadedEditorAssemblies (5ms)
			BeforeProcessingInitializeOnLoad (120ms)
			ProcessInitializeOnLoadAttributes (209ms)
			ProcessInitializeOnLoadMethodAttributes (108ms)
			AfterProcessingInitializeOnLoad (0ms)
			EditorAssembliesLoaded (0ms)
		ExecutionOrderSort2 (0ms)
		AwakeInstancesAfterBackupRestoration (0ms)
========================================================================
Worker process is ready to serve import requests
Import Worker Mode flag is 0x00
Begin MonoManager ReloadAssembly
[Licensing::Client] Successfully resolved entitlement details
- Loaded All Assemblies, in  1.336 seconds
Refreshing native plugins compatible for Editor in 3.42 ms, found 4 plugins.
Native extension for iOS target not found
Native extension for Android target not found
Native extension for WindowsStandalone target not found
Native extension for WebGL target not found
Package Manager log level set to [2]
[Package Manager] Failed to launch server process. Reason: Unity was launched with the -noUpm command-line argument
[Package Manager] Unable to send message (not connected to server process).
[Package Manager] Cannot connect to Unity Package Manager local server
ScheduleIndexationOnStartup MainProcess:False IndexOnStartup:True
Mono: successfully reloaded assembly
[Package Manager] Failed to launch server process. Reason: Unity was launched with the -noUpm command-line argument
[Package Manager] Unable to send message (not connected to server process).
[Package Manager] Cannot connect to Unity Package Manager local server
[Package Manager] Failed to launch server process. Reason: Unity was launched with the -noUpm command-line argument
[Package Manager] Unable to send message (not connected to server process).
[Package Manager] Cannot connect to Unity Package Manager local server
- Finished resetting the current domain, in  1.080 seconds
Domain Reload Profiling: 2402ms
	BeginReloadAssembly (252ms)
		ExecutionOrderSort (0ms)
		DisableScriptedObjects (8ms)
		BackupInstance (0ms)
		ReleaseScriptingObjects (0ms)
		CreateAndSetChildDomain (56ms)
	RebuildCommonClasses (53ms)
	RebuildNativeTypeToScriptingClass (17ms)
	initialDomainReloadingComplete (57ms)
	LoadAllAssembliesAndSetupDomain (942ms)
		LoadAssemblies (577ms)
		RebuildTransferFunctionScriptingTraits (0ms)
		AnalyzeDomain (490ms)
			TypeCache.Refresh (335ms)
				TypeCache.ScanAssembly (307ms)
			BuildScriptInfoCaches (130ms)
			ResolveRequiredComponents (18ms)
	FinalizeReload (1081ms)
		ReleaseScriptCaches (0ms)
		RebuildScriptCaches (0ms)
		SetupLoadedEditorAssemblies (766ms)
			LogAssemblyErrors (0ms)
			InitializePlatformSupportModulesInManaged (19ms)
			SetLoadedEditorAssemblies (5ms)
			BeforeProcessingInitializeOnLoad (213ms)
			ProcessInitializeOnLoadAttributes (420ms)
			ProcessInitializeOnLoadMethodAttributes (99ms)
			AfterProcessingInitializeOnLoad (10ms)
			EditorAssembliesLoaded (0ms)
		ExecutionOrderSort2 (0ms)
		AwakeInstancesAfterBackupRestoration (12ms)
WARNING: Shader Unsupported: 'Hidden/Simulation/URP/Synthetic' - All subshaders removed
WARNING: Shader Did you use #pragma only_renderers and omit this platform?
WARNING: Shader If subshaders removal was intentional, you may have forgotten turning Fallback off?
WARNING: Shader Unsupported: 'Hidden/Simulation/URP/Synthetic' - All subshaders removed
WARNING: Shader Did you use #pragma only_renderers and omit this platform?
WARNING: Shader If subshaders removal was intentional, you may have forgotten turning Fallback off?
WARNING: Shader Unsupported: 'Simulation/Standard Lit' - All subshaders removed
WARNING: Shader Did you use #pragma only_renderers and omit this platform?
WARNING: Shader If subshaders removal was intentional, you may have forgotten turning Fallback off?
WARNING: Shader Unsupported: 'Simulation/Standard Lit' - All subshaders removed
WARNING: Shader Did you use #pragma only_renderers and omit this platform?
WARNING: Shader If subshaders removal was intentional, you may have forgotten turning Fallback off?
WARNING: Shader Unsupported: 'Hidden/Simulation/Synthetic Lit' - All subshaders removed
WARNING: Shader Did you use #pragma only_renderers and omit this platform?
WARNING: Shader If subshaders removal was intentional, you may have forgotten turning Fallback off?
WARNING: Shader Unsupported: 'Hidden/Simulation/Synthetic Lit' - All subshaders removed
WARNING: Shader Did you use #pragma only_renderers and omit this platform?
WARNING: Shader If subshaders removal was intentional, you may have forgotten turning Fallback off?
WARNING: Shader Unsupported: 'Simulation/URP/Room X-Ray' - All subshaders removed
WARNING: Shader Did you use #pragma only_renderers and omit this platform?
WARNING: Shader If subshaders removal was intentional, you may have forgotten turning Fallback off?
WARNING: Shader Unsupported: 'Simulation/URP/Room X-Ray' - All subshaders removed
WARNING: Shader Did you use #pragma only_renderers and omit this platform?
WARNING: Shader If subshaders removal was intentional, you may have forgotten turning Fallback off?
WARNING: Shader Unsupported: 'Simulation/Room X-Ray' - All subshaders removed
WARNING: Shader Did you use #pragma only_renderers and omit this platform?
WARNING: Shader If subshaders removal was intentional, you may have forgotten turning Fallback off?
WARNING: Shader Unsupported: 'Simulation/Room X-Ray' - All subshaders removed
WARNING: Shader Did you use #pragma only_renderers and omit this platform?
WARNING: Shader If subshaders removal was intentional, you may have forgotten turning Fallback off?
WARNING: Shader Unsupported: 'Simulation/URP/Lit' - All subshaders removed
WARNING: Shader Did you use #pragma only_renderers and omit this platform?
WARNING: Shader If subshaders removal was intentional, you may have forgotten turning Fallback off?
WARNING: Shader Unsupported: 'Simulation/URP/Lit' - All subshaders removed
WARNING: Shader Did you use #pragma only_renderers and omit this platform?
WARNING: Shader If subshaders removal was intentional, you may have forgotten turning Fallback off?
Launched and connected shader compiler UnityShaderCompiler.exe after 0.06 seconds
Refreshing native plugins compatible for Editor in 3.76 ms, found 4 plugins.
Preloading 0 native plugins for Editor in 0.00 ms.
Unloading 24 Unused Serialized files (Serialized files now loaded: 0)
Unloading 7032 unused Assets / (8.6 MB). Loaded Objects now: 7855.
Memory consumption went from 158.4 MB to 149.8 MB.
Total: 17.837400 ms (FindLiveObjects: 1.081000 ms CreateObjectMapping: 1.708000 ms MarkObjects: 8.610100 ms  DeleteObjects: 6.437000 ms)

========================================================================
Received Prepare
WARNING: Shader Unsupported: 'Hidden/Simulation/URP/Synthetic' - All subshaders removed
WARNING: Shader Did you use #pragma only_renderers and omit this platform?
WARNING: Shader If subshaders removal was intentional, you may have forgotten turning Fallback off?
WARNING: Shader Unsupported: 'Hidden/Simulation/URP/Synthetic' - All subshaders removed
WARNING: Shader Did you use #pragma only_renderers and omit this platform?
WARNING: Shader If subshaders removal was intentional, you may have forgotten turning Fallback off?
WARNING: Shader Unsupported: 'Simulation/Standard Lit' - All subshaders removed
WARNING: Shader Did you use #pragma only_renderers and omit this platform?
WARNING: Shader If subshaders removal was intentional, you may have forgotten turning Fallback off?
WARNING: Shader Unsupported: 'Simulation/Standard Lit' - All subshaders removed
WARNING: Shader Did you use #pragma only_renderers and omit this platform?
WARNING: Shader If subshaders removal was intentional, you may have forgotten turning Fallback off?
WARNING: Shader Unsupported: 'Hidden/Simulation/Synthetic Lit' - All subshaders removed
WARNING: Shader Did you use #pragma only_renderers and omit this platform?
WARNING: Shader If subshaders removal was intentional, you may have forgotten turning Fallback off?
WARNING: Shader Unsupported: 'Hidden/Simulation/Synthetic Lit' - All subshaders removed
WARNING: Shader Did you use #pragma only_renderers and omit this platform?
WARNING: Shader If subshaders removal was intentional, you may have forgotten turning Fallback off?
WARNING: Shader Unsupported: 'Simulation/URP/Room X-Ray' - All subshaders removed
WARNING: Shader Did you use #pragma only_renderers and omit this platform?
WARNING: Shader If subshaders removal was intentional, you may have forgotten turning Fallback off?
WARNING: Shader Unsupported: 'Simulation/URP/Room X-Ray' - All subshaders removed
WARNING: Shader Did you use #pragma only_renderers and omit this platform?
WARNING: Shader If subshaders removal was intentional, you may have forgotten turning Fallback off?
WARNING: Shader Unsupported: 'Simulation/Room X-Ray' - All subshaders removed
WARNING: Shader Did you use #pragma only_renderers and omit this platform?
WARNING: Shader If subshaders removal was intentional, you may have forgotten turning Fallback off?
WARNING: Shader Unsupported: 'Simulation/Room X-Ray' - All subshaders removed
WARNING: Shader Did you use #pragma only_renderers and omit this platform?
WARNING: Shader If subshaders removal was intentional, you may have forgotten turning Fallback off?
WARNING: Shader Unsupported: 'Simulation/URP/Lit' - All subshaders removed
WARNING: Shader Did you use #pragma only_renderers and omit this platform?
WARNING: Shader If subshaders removal was intentional, you may have forgotten turning Fallback off?
WARNING: Shader Unsupported: 'Simulation/URP/Lit' - All subshaders removed
WARNING: Shader Did you use #pragma only_renderers and omit this platform?
WARNING: Shader If subshaders removal was intentional, you may have forgotten turning Fallback off?
Refreshing native plugins compatible for Editor in 3.37 ms, found 4 plugins.
Preloading 0 native plugins for Editor in 0.00 ms.
Unloading 24 Unused Serialized files (Serialized files now loaded: 0)
Unloading 7018 unused Assets / (6.5 MB). Loaded Objects now: 7852.
Memory consumption went from 156.1 MB to 149.6 MB.
Total: 25.599400 ms (FindLiveObjects: 1.045700 ms CreateObjectMapping: 1.470400 ms MarkObjects: 17.435200 ms  DeleteObjects: 5.646600 ms)

Prepare: number of updated asset objects reloaded= 0
========================================================================
Received Import Request.
  Time since last request: 3197106.984192 seconds.
  path: Assets/Scripts/PlacedController.cs
  artifactKey: Guid(c86cb95004fb3e2429fd47ae878e7239) Importer(815301076,1909f56bfc062723c751e8b465ee728b)
Start importing Assets/Scripts/PlacedController.cs using Guid(c86cb95004fb3e2429fd47ae878e7239) Importer(815301076,1909f56bfc062723c751e8b465ee728b) (PreviewImporter) -> (artifact id: 'cbb5028922424139d48ba3d59ec8fc70') in 0.0074728 seconds
Number of updated asset objects reloaded before import = 0Number of asset objects unloaded after import = 0

========================================================================
Received Import Request.
  Time since last request: 0.020758 seconds.
  path: Assets/Scripts/PlacedController.cs
  artifactKey: Guid(c86cb95004fb3e2429fd47ae878e7239) Importer(2089858483,b0f066a214c2f5e87bad3c948f4d605d)
Start importing Assets/Scripts/PlacedController.cs using Guid(c86cb95004fb3e2429fd47ae878e7239) Importer(2089858483,b0f066a214c2f5e87bad3c948f4d605d) (ScriptedImporter) -> (artifact id: '686f87a4043c7f258684c55318ff26e6') in 0.0876765 seconds
Number of updated asset objects reloaded before import = 0Number of asset objects unloaded after import = 0

========================================================================
Received Prepare
[Licensing::Client] Successfully resolved entitlement details
Begin MonoManager ReloadAssembly
[Licensing::Client] Successfully resolved entitlement details
- Loaded All Assemblies, in  1.137 seconds
Refreshing native plugins compatible for Editor in 3.10 ms, found 4 plugins.
Native extension for iOS target not found
Native extension for Android target not found
Native extension for WindowsStandalone target not found
Native extension for WebGL target not found
[Package Manager] Failed to launch server process. Reason: Unity was launched with the -noUpm command-line argument
[Package Manager] Unable to send message (not connected to server process).
[Package Manager] Cannot connect to Unity Package Manager local server
ScheduleIndexationOnStartup MainProcess:False IndexOnStartup:True
Mono: successfully reloaded assembly
[Package Manager] Failed to launch server process. Reason: Unity was launched with the -noUpm command-line argument
[Package Manager] Unable to send message (not connected to server process).
[Package Manager] Cannot connect to Unity Package Manager local server
- Finished resetting the current domain, in  0.947 seconds
Domain Reload Profiling: 2075ms
	BeginReloadAssembly (282ms)
		ExecutionOrderSort (0ms)
		DisableScriptedObjects (6ms)
		BackupInstance (0ms)
		ReleaseScriptingObjects (0ms)
		CreateAndSetChildDomain (85ms)
	RebuildCommonClasses (48ms)
	RebuildNativeTypeToScriptingClass (17ms)
	initialDomainReloadingComplete (35ms)
	LoadAllAssembliesAndSetupDomain (745ms)
		LoadAssemblies (557ms)
		RebuildTransferFunctionScriptingTraits (0ms)
		AnalyzeDomain (297ms)
			TypeCache.Refresh (13ms)
				TypeCache.ScanAssembly (0ms)
			BuildScriptInfoCaches (261ms)
			ResolveRequiredComponents (16ms)
	FinalizeReload (948ms)
		ReleaseScriptCaches (0ms)
		RebuildScriptCaches (0ms)
		SetupLoadedEditorAssemblies (724ms)
			LogAssemblyErrors (0ms)
			InitializePlatformSupportModulesInManaged (14ms)
			SetLoadedEditorAssemblies (4ms)
			BeforeProcessingInitializeOnLoad (225ms)
			ProcessInitializeOnLoadAttributes (371ms)
			ProcessInitializeOnLoadMethodAttributes (99ms)
			AfterProcessingInitializeOnLoad (11ms)
			EditorAssembliesLoaded (0ms)
		ExecutionOrderSort2 (0ms)
		AwakeInstancesAfterBackupRestoration (21ms)
WARNING: Shader Unsupported: 'Hidden/Simulation/URP/Synthetic' - All subshaders removed
WARNING: Shader Did you use #pragma only_renderers and omit this platform?
WARNING: Shader If subshaders removal was intentional, you may have forgotten turning Fallback off?
WARNING: Shader Unsupported: 'Hidden/Simulation/URP/Synthetic' - All subshaders removed
WARNING: Shader Did you use #pragma only_renderers and omit this platform?
WARNING: Shader If subshaders removal was intentional, you may have forgotten turning Fallback off?
WARNING: Shader Unsupported: 'Simulation/Standard Lit' - All subshaders removed
WARNING: Shader Did you use #pragma only_renderers and omit this platform?
WARNING: Shader If subshaders removal was intentional, you may have forgotten turning Fallback off?
WARNING: Shader Unsupported: 'Simulation/Standard Lit' - All subshaders removed
WARNING: Shader Did you use #pragma only_renderers and omit this platform?
WARNING: Shader If subshaders removal was intentional, you may have forgotten turning Fallback off?
WARNING: Shader Unsupported: 'Hidden/Simulation/Synthetic Lit' - All subshaders removed
WARNING: Shader Did you use #pragma only_renderers and omit this platform?
WARNING: Shader If subshaders removal was intentional, you may have forgotten turning Fallback off?
WARNING: Shader Unsupported: 'Hidden/Simulation/Synthetic Lit' - All subshaders removed
WARNING: Shader Did you use #pragma only_renderers and omit this platform?
WARNING: Shader If subshaders removal was intentional, you may have forgotten turning Fallback off?
WARNING: Shader Unsupported: 'Simulation/URP/Room X-Ray' - All subshaders removed
WARNING: Shader Did you use #pragma only_renderers and omit this platform?
WARNING: Shader If subshaders removal was intentional, you may have forgotten turning Fallback off?
WARNING: Shader Unsupported: 'Simulation/URP/Room X-Ray' - All subshaders removed
WARNING: Shader Did you use #pragma only_renderers and omit this platform?
WARNING: Shader If subshaders removal was intentional, you may have forgotten turning Fallback off?
WARNING: Shader Unsupported: 'Simulation/Room X-Ray' - All subshaders removed
WARNING: Shader Did you use #pragma only_renderers and omit this platform?
WARNING: Shader If subshaders removal was intentional, you may have forgotten turning Fallback off?
WARNING: Shader Unsupported: 'Simulation/Room X-Ray' - All subshaders removed
WARNING: Shader Did you use #pragma only_renderers and omit this platform?
WARNING: Shader If subshaders removal was intentional, you may have forgotten turning Fallback off?
WARNING: Shader Unsupported: 'Simulation/URP/Lit' - All subshaders removed
WARNING: Shader Did you use #pragma only_renderers and omit this platform?
WARNING: Shader If subshaders removal was intentional, you may have forgotten turning Fallback off?
WARNING: Shader Unsupported: 'Simulation/URP/Lit' - All subshaders removed
WARNING: Shader Did you use #pragma only_renderers and omit this platform?
WARNING: Shader If subshaders removal was intentional, you may have forgotten turning Fallback off?
Refreshing native plugins compatible for Editor in 3.14 ms, found 4 plugins.
Preloading 0 native plugins for Editor in 0.00 ms.
Unloading 24 Unused Serialized files (Serialized files now loaded: 0)
Unloading 7029 unused Assets / (8.5 MB). Loaded Objects now: 7874.
Memory consumption went from 164.2 MB to 155.7 MB.
Total: 16.343900 ms (FindLiveObjects: 0.982100 ms CreateObjectMapping: 1.571100 ms MarkObjects: 7.478400 ms  DeleteObjects: 6.310600 ms)

Prepare: number of updated asset objects reloaded= 0
========================================================================
Received Prepare
WARNING: Shader Unsupported: 'Hidden/Simulation/URP/Synthetic' - All subshaders removed
WARNING: Shader Did you use #pragma only_renderers and omit this platform?
WARNING: Shader If subshaders removal was intentional, you may have forgotten turning Fallback off?
WARNING: Shader Unsupported: 'Hidden/Simulation/URP/Synthetic' - All subshaders removed
WARNING: Shader Did you use #pragma only_renderers and omit this platform?
WARNING: Shader If subshaders removal was intentional, you may have forgotten turning Fallback off?
WARNING: Shader Unsupported: 'Simulation/Standard Lit' - All subshaders removed
WARNING: Shader Did you use #pragma only_renderers and omit this platform?
WARNING: Shader If subshaders removal was intentional, you may have forgotten turning Fallback off?
WARNING: Shader Unsupported: 'Simulation/Standard Lit' - All subshaders removed
WARNING: Shader Did you use #pragma only_renderers and omit this platform?
WARNING: Shader If subshaders removal was intentional, you may have forgotten turning Fallback off?
WARNING: Shader Unsupported: 'Hidden/Simulation/Synthetic Lit' - All subshaders removed
WARNING: Shader Did you use #pragma only_renderers and omit this platform?
WARNING: Shader If subshaders removal was intentional, you may have forgotten turning Fallback off?
WARNING: Shader Unsupported: 'Hidden/Simulation/Synthetic Lit' - All subshaders removed
WARNING: Shader Did you use #pragma only_renderers and omit this platform?
WARNING: Shader If subshaders removal was intentional, you may have forgotten turning Fallback off?
WARNING: Shader Unsupported: 'Simulation/URP/Room X-Ray' - All subshaders removed
WARNING: Shader Did you use #pragma only_renderers and omit this platform?
WARNING: Shader If subshaders removal was intentional, you may have forgotten turning Fallback off?
WARNING: Shader Unsupported: 'Simulation/URP/Room X-Ray' - All subshaders removed
WARNING: Shader Did you use #pragma only_renderers and omit this platform?
WARNING: Shader If subshaders removal was intentional, you may have forgotten turning Fallback off?
WARNING: Shader Unsupported: 'Simulation/Room X-Ray' - All subshaders removed
WARNING: Shader Did you use #pragma only_renderers and omit this platform?
WARNING: Shader If subshaders removal was intentional, you may have forgotten turning Fallback off?
WARNING: Shader Unsupported: 'Simulation/Room X-Ray' - All subshaders removed
WARNING: Shader Did you use #pragma only_renderers and omit this platform?
WARNING: Shader If subshaders removal was intentional, you may have forgotten turning Fallback off?
WARNING: Shader Unsupported: 'Simulation/URP/Lit' - All subshaders removed
WARNING: Shader Did you use #pragma only_renderers and omit this platform?
WARNING: Shader If subshaders removal was intentional, you may have forgotten turning Fallback off?
WARNING: Shader Unsupported: 'Simulation/URP/Lit' - All subshaders removed
WARNING: Shader Did you use #pragma only_renderers and omit this platform?
WARNING: Shader If subshaders removal was intentional, you may have forgotten turning Fallback off?
Refreshing native plugins compatible for Editor in 3.59 ms, found 4 plugins.
Preloading 0 native plugins for Editor in 0.00 ms.
Unloading 24 Unused Serialized files (Serialized files now loaded: 0)
Unloading 7018 unused Assets / (8.4 MB). Loaded Objects now: 7870.
Memory consumption went from 164.3 MB to 156.0 MB.
Total: 22.460000 ms (FindLiveObjects: 1.198800 ms CreateObjectMapping: 1.748800 ms MarkObjects: 12.400400 ms  DeleteObjects: 7.110600 ms)

Prepare: number of updated asset objects reloaded= 0
========================================================================
Received Import Request.
  Time since last request: 1656.516446 seconds.
  path: Assets/Scripts/PlacedController.cs
  artifactKey: Guid(c86cb95004fb3e2429fd47ae878e7239) Importer(815301076,1909f56bfc062723c751e8b465ee728b)
Start importing Assets/Scripts/PlacedController.cs using Guid(c86cb95004fb3e2429fd47ae878e7239) Importer(815301076,1909f56bfc062723c751e8b465ee728b) (PreviewImporter) -> (artifact id: '095ba25e8fb52694100467dac543f6ee') in 0.0100154 seconds
Number of updated asset objects reloaded before import = 0Number of asset objects unloaded after import = 0

========================================================================
Received Prepare
WARNING: Shader Unsupported: 'Hidden/Simulation/URP/Synthetic' - All subshaders removed
WARNING: Shader Did you use #pragma only_renderers and omit this platform?
WARNING: Shader If subshaders removal was intentional, you may have forgotten turning Fallback off?
WARNING: Shader Unsupported: 'Hidden/Simulation/URP/Synthetic' - All subshaders removed
WARNING: Shader Did you use #pragma only_renderers and omit this platform?
WARNING: Shader If subshaders removal was intentional, you may have forgotten turning Fallback off?
WARNING: Shader Unsupported: 'Simulation/Standard Lit' - All subshaders removed
WARNING: Shader Did you use #pragma only_renderers and omit this platform?
WARNING: Shader If subshaders removal was intentional, you may have forgotten turning Fallback off?
WARNING: Shader Unsupported: 'Simulation/Standard Lit' - All subshaders removed
WARNING: Shader Did you use #pragma only_renderers and omit this platform?
WARNING: Shader If subshaders removal was intentional, you may have forgotten turning Fallback off?
WARNING: Shader Unsupported: 'Hidden/Simulation/Synthetic Lit' - All subshaders removed
WARNING: Shader Did you use #pragma only_renderers and omit this platform?
WARNING: Shader If subshaders removal was intentional, you may have forgotten turning Fallback off?
WARNING: Shader Unsupported: 'Hidden/Simulation/Synthetic Lit' - All subshaders removed
WARNING: Shader Did you use #pragma only_renderers and omit this platform?
WARNING: Shader If subshaders removal was intentional, you may have forgotten turning Fallback off?
WARNING: Shader Unsupported: 'Simulation/URP/Room X-Ray' - All subshaders removed
WARNING: Shader Did you use #pragma only_renderers and omit this platform?
WARNING: Shader If subshaders removal was intentional, you may have forgotten turning Fallback off?
WARNING: Shader Unsupported: 'Simulation/URP/Room X-Ray' - All subshaders removed
WARNING: Shader Did you use #pragma only_renderers and omit this platform?
WARNING: Shader If subshaders removal was intentional, you may have forgotten turning Fallback off?
WARNING: Shader Unsupported: 'Simulation/Room X-Ray' - All subshaders removed
WARNING: Shader Did you use #pragma only_renderers and omit this platform?
WARNING: Shader If subshaders removal was intentional, you may have forgotten turning Fallback off?
WARNING: Shader Unsupported: 'Simulation/Room X-Ray' - All subshaders removed
WARNING: Shader Did you use #pragma only_renderers and omit this platform?
WARNING: Shader If subshaders removal was intentional, you may have forgotten turning Fallback off?
WARNING: Shader Unsupported: 'Simulation/URP/Lit' - All subshaders removed
WARNING: Shader Did you use #pragma only_renderers and omit this platform?
WARNING: Shader If subshaders removal was intentional, you may have forgotten turning Fallback off?
WARNING: Shader Unsupported: 'Simulation/URP/Lit' - All subshaders removed
WARNING: Shader Did you use #pragma only_renderers and omit this platform?
WARNING: Shader If subshaders removal was intentional, you may have forgotten turning Fallback off?
Refreshing native plugins compatible for Editor in 3.99 ms, found 4 plugins.
Preloading 0 native plugins for Editor in 0.00 ms.
Unloading 24 Unused Serialized files (Serialized files now loaded: 0)
Unloading 7018 unused Assets / (7.8 MB). Loaded Objects now: 7870.
Memory consumption went from 164.3 MB to 156.5 MB.
Total: 20.506800 ms (FindLiveObjects: 1.054200 ms CreateObjectMapping: 1.562600 ms MarkObjects: 11.372900 ms  DeleteObjects: 6.515900 ms)

Prepare: number of updated asset objects reloaded= 0
========================================================================
Received Import Request.
  Time since last request: 1413.540843 seconds.
  path: Assets/Scripts/PlacedController.cs
  artifactKey: Guid(c86cb95004fb3e2429fd47ae878e7239) Importer(815301076,1909f56bfc062723c751e8b465ee728b)
Start importing Assets/Scripts/PlacedController.cs using Guid(c86cb95004fb3e2429fd47ae878e7239) Importer(815301076,1909f56bfc062723c751e8b465ee728b) (PreviewImporter) -> (artifact id: '544ec90a31096f8c5e03ff70a73f0bbb') in 0.0021074 seconds
Number of updated asset objects reloaded before import = 0Number of asset objects unloaded after import = 0

========================================================================
Received Prepare
[Licensing::Client] Successfully resolved entitlement details
Begin MonoManager ReloadAssembly
[Licensing::Client] Successfully resolved entitlement details
- Loaded All Assemblies, in  1.481 seconds
Refreshing native plugins compatible for Editor in 5.53 ms, found 4 plugins.
Native extension for iOS target not found
Native extension for Android target not found
Native extension for WindowsStandalone target not found
Native extension for WebGL target not found
[Package Manager] Failed to launch server process. Reason: Unity was launched with the -noUpm command-line argument
[Package Manager] Unable to send message (not connected to server process).
[Package Manager] Cannot connect to Unity Package Manager local server
ScheduleIndexationOnStartup MainProcess:False IndexOnStartup:True
Mono: successfully reloaded assembly
[Package Manager] Failed to launch server process. Reason: Unity was launched with the -noUpm command-line argument
[Package Manager] Unable to send message (not connected to server process).
[Package Manager] Cannot connect to Unity Package Manager local server
- Finished resetting the current domain, in  1.241 seconds
Domain Reload Profiling: 2711ms
	BeginReloadAssembly (366ms)
		ExecutionOrderSort (0ms)
		DisableScriptedObjects (8ms)
		BackupInstance (0ms)
		ReleaseScriptingObjects (0ms)
		CreateAndSetChildDomain (89ms)
	RebuildCommonClasses (60ms)
	RebuildNativeTypeToScriptingClass (31ms)
	initialDomainReloadingComplete (47ms)
	LoadAllAssembliesAndSetupDomain (964ms)
		LoadAssemblies (705ms)
		RebuildTransferFunctionScriptingTraits (0ms)
		AnalyzeDomain (427ms)
			TypeCache.Refresh (17ms)
				TypeCache.ScanAssembly (1ms)
			BuildScriptInfoCaches (381ms)
			ResolveRequiredComponents (20ms)
	FinalizeReload (1243ms)
		ReleaseScriptCaches (0ms)
		RebuildScriptCaches (0ms)
		SetupLoadedEditorAssemblies (931ms)
			LogAssemblyErrors (0ms)
			InitializePlatformSupportModulesInManaged (20ms)
			SetLoadedEditorAssemblies (6ms)
			BeforeProcessingInitializeOnLoad (275ms)
			ProcessInitializeOnLoadAttributes (482ms)
			ProcessInitializeOnLoadMethodAttributes (133ms)
			AfterProcessingInitializeOnLoad (14ms)
			EditorAssembliesLoaded (1ms)
		ExecutionOrderSort2 (0ms)
		AwakeInstancesAfterBackupRestoration (28ms)
WARNING: Shader Unsupported: 'Hidden/Simulation/URP/Synthetic' - All subshaders removed
WARNING: Shader Did you use #pragma only_renderers and omit this platform?
WARNING: Shader If subshaders removal was intentional, you may have forgotten turning Fallback off?
WARNING: Shader Unsupported: 'Hidden/Simulation/URP/Synthetic' - All subshaders removed
WARNING: Shader Did you use #pragma only_renderers and omit this platform?
WARNING: Shader If subshaders removal was intentional, you may have forgotten turning Fallback off?
WARNING: Shader Unsupported: 'Simulation/Standard Lit' - All subshaders removed
WARNING: Shader Did you use #pragma only_renderers and omit this platform?
WARNING: Shader If subshaders removal was intentional, you may have forgotten turning Fallback off?
WARNING: Shader Unsupported: 'Simulation/Standard Lit' - All subshaders removed
WARNING: Shader Did you use #pragma only_renderers and omit this platform?
WARNING: Shader If subshaders removal was intentional, you may have forgotten turning Fallback off?
WARNING: Shader Unsupported: 'Hidden/Simulation/Synthetic Lit' - All subshaders removed
WARNING: Shader Did you use #pragma only_renderers and omit this platform?
WARNING: Shader If subshaders removal was intentional, you may have forgotten turning Fallback off?
WARNING: Shader Unsupported: 'Hidden/Simulation/Synthetic Lit' - All subshaders removed
WARNING: Shader Did you use #pragma only_renderers and omit this platform?
WARNING: Shader If subshaders removal was intentional, you may have forgotten turning Fallback off?
WARNING: Shader Unsupported: 'Simulation/URP/Room X-Ray' - All subshaders removed
WARNING: Shader Did you use #pragma only_renderers and omit this platform?
WARNING: Shader If subshaders removal was intentional, you may have forgotten turning Fallback off?
WARNING: Shader Unsupported: 'Simulation/URP/Room X-Ray' - All subshaders removed
WARNING: Shader Did you use #pragma only_renderers and omit this platform?
WARNING: Shader If subshaders removal was intentional, you may have forgotten turning Fallback off?
WARNING: Shader Unsupported: 'Simulation/Room X-Ray' - All subshaders removed
WARNING: Shader Did you use #pragma only_renderers and omit this platform?
WARNING: Shader If subshaders removal was intentional, you may have forgotten turning Fallback off?
WARNING: Shader Unsupported: 'Simulation/Room X-Ray' - All subshaders removed
WARNING: Shader Did you use #pragma only_renderers and omit this platform?
WARNING: Shader If subshaders removal was intentional, you may have forgotten turning Fallback off?
WARNING: Shader Unsupported: 'Simulation/URP/Lit' - All subshaders removed
WARNING: Shader Did you use #pragma only_renderers and omit this platform?
WARNING: Shader If subshaders removal was intentional, you may have forgotten turning Fallback off?
WARNING: Shader Unsupported: 'Simulation/URP/Lit' - All subshaders removed
WARNING: Shader Did you use #pragma only_renderers and omit this platform?
WARNING: Shader If subshaders removal was intentional, you may have forgotten turning Fallback off?
Refreshing native plugins compatible for Editor in 8.95 ms, found 4 plugins.
Preloading 0 native plugins for Editor in 0.00 ms.
Unloading 24 Unused Serialized files (Serialized files now loaded: 0)
Unloading 7029 unused Assets / (7.9 MB). Loaded Objects now: 7877.
Memory consumption went from 164.1 MB to 156.2 MB.
Total: 20.118500 ms (FindLiveObjects: 1.218000 ms CreateObjectMapping: 1.801300 ms MarkObjects: 8.623600 ms  DeleteObjects: 8.474400 ms)

Prepare: number of updated asset objects reloaded= 0
========================================================================
Received Prepare
WARNING: Shader Unsupported: 'Hidden/Simulation/URP/Synthetic' - All subshaders removed
WARNING: Shader Did you use #pragma only_renderers and omit this platform?
WARNING: Shader If subshaders removal was intentional, you may have forgotten turning Fallback off?
WARNING: Shader Unsupported: 'Hidden/Simulation/URP/Synthetic' - All subshaders removed
WARNING: Shader Did you use #pragma only_renderers and omit this platform?
WARNING: Shader If subshaders removal was intentional, you may have forgotten turning Fallback off?
WARNING: Shader Unsupported: 'Simulation/Standard Lit' - All subshaders removed
WARNING: Shader Did you use #pragma only_renderers and omit this platform?
WARNING: Shader If subshaders removal was intentional, you may have forgotten turning Fallback off?
WARNING: Shader Unsupported: 'Simulation/Standard Lit' - All subshaders removed
WARNING: Shader Did you use #pragma only_renderers and omit this platform?
WARNING: Shader If subshaders removal was intentional, you may have forgotten turning Fallback off?
WARNING: Shader Unsupported: 'Hidden/Simulation/Synthetic Lit' - All subshaders removed
WARNING: Shader Did you use #pragma only_renderers and omit this platform?
WARNING: Shader If subshaders removal was intentional, you may have forgotten turning Fallback off?
WARNING: Shader Unsupported: 'Hidden/Simulation/Synthetic Lit' - All subshaders removed
WARNING: Shader Did you use #pragma only_renderers and omit this platform?
WARNING: Shader If subshaders removal was intentional, you may have forgotten turning Fallback off?
WARNING: Shader Unsupported: 'Simulation/URP/Room X-Ray' - All subshaders removed
WARNING: Shader Did you use #pragma only_renderers and omit this platform?
WARNING: Shader If subshaders removal was intentional, you may have forgotten turning Fallback off?
WARNING: Shader Unsupported: 'Simulation/URP/Room X-Ray' - All subshaders removed
WARNING: Shader Did you use #pragma only_renderers and omit this platform?
WARNING: Shader If subshaders removal was intentional, you may have forgotten turning Fallback off?
WARNING: Shader Unsupported: 'Simulation/Room X-Ray' - All subshaders removed
WARNING: Shader Did you use #pragma only_renderers and omit this platform?
WARNING: Shader If subshaders removal was intentional, you may have forgotten turning Fallback off?
WARNING: Shader Unsupported: 'Simulation/Room X-Ray' - All subshaders removed
WARNING: Shader Did you use #pragma only_renderers and omit this platform?
WARNING: Shader If subshaders removal was intentional, you may have forgotten turning Fallback off?
WARNING: Shader Unsupported: 'Simulation/URP/Lit' - All subshaders removed
WARNING: Shader Did you use #pragma only_renderers and omit this platform?
WARNING: Shader If subshaders removal was intentional, you may have forgotten turning Fallback off?
WARNING: Shader Unsupported: 'Simulation/URP/Lit' - All subshaders removed
WARNING: Shader Did you use #pragma only_renderers and omit this platform?
WARNING: Shader If subshaders removal was intentional, you may have forgotten turning Fallback off?
Refreshing native plugins compatible for Editor in 4.16 ms, found 4 plugins.
Preloading 0 native plugins for Editor in 0.00 ms.
Unloading 24 Unused Serialized files (Serialized files now loaded: 0)
Unloading 7018 unused Assets / (8.4 MB). Loaded Objects now: 7873.
Memory consumption went from 164.3 MB to 155.9 MB.
Total: 18.444600 ms (FindLiveObjects: 1.158100 ms CreateObjectMapping: 1.488600 ms MarkObjects: 8.467200 ms  DeleteObjects: 7.329500 ms)

Prepare: number of updated asset objects reloaded= 0
========================================================================
Received Import Request.
  Time since last request: 265.521540 seconds.
  path: Assets/Scripts/PlacedController.cs
  artifactKey: Guid(c86cb95004fb3e2429fd47ae878e7239) Importer(815301076,1909f56bfc062723c751e8b465ee728b)
Start importing Assets/Scripts/PlacedController.cs using Guid(c86cb95004fb3e2429fd47ae878e7239) Importer(815301076,1909f56bfc062723c751e8b465ee728b) (PreviewImporter) -> (artifact id: '640476ef8896b38edb2a14b074171ae9') in 0.0042157 seconds
Number of updated asset objects reloaded before import = 0Number of asset objects unloaded after import = 0

========================================================================
Received Prepare
[Licensing::Client] Successfully resolved entitlement details
Begin MonoManager ReloadAssembly
[Licensing::Client] Successfully resolved entitlement details
- Loaded All Assemblies, in  1.468 seconds
Refreshing native plugins compatible for Editor in 4.08 ms, found 4 plugins.
Native extension for iOS target not found
Native extension for Android target not found
Native extension for WindowsStandalone target not found
Native extension for WebGL target not found
[Package Manager] Failed to launch server process. Reason: Unity was launched with the -noUpm command-line argument
[Package Manager] Unable to send message (not connected to server process).
[Package Manager] Cannot connect to Unity Package Manager local server
ScheduleIndexationOnStartup MainProcess:False IndexOnStartup:True
Mono: successfully reloaded assembly
[Package Manager] Failed to launch server process. Reason: Unity was launched with the -noUpm command-line argument
[Package Manager] Unable to send message (not connected to server process).
[Package Manager] Cannot connect to Unity Package Manager local server
- Finished resetting the current domain, in  1.344 seconds
Domain Reload Profiling: 2792ms
	BeginReloadAssembly (366ms)
		ExecutionOrderSort (0ms)
		DisableScriptedObjects (9ms)
		BackupInstance (0ms)
		ReleaseScriptingObjects (0ms)
		CreateAndSetChildDomain (93ms)
	RebuildCommonClasses (66ms)
	RebuildNativeTypeToScriptingClass (24ms)
	initialDomainReloadingComplete (49ms)
	LoadAllAssembliesAndSetupDomain (941ms)
		LoadAssemblies (649ms)
		RebuildTransferFunctionScriptingTraits (0ms)
		AnalyzeDomain (451ms)
			TypeCache.Refresh (18ms)
				TypeCache.ScanAssembly (1ms)
			BuildScriptInfoCaches (410ms)
			ResolveRequiredComponents (14ms)
	FinalizeReload (1345ms)
		ReleaseScriptCaches (0ms)
		RebuildScriptCaches (0ms)
		SetupLoadedEditorAssemblies (981ms)
			LogAssemblyErrors (0ms)
			InitializePlatformSupportModulesInManaged (25ms)
			SetLoadedEditorAssemblies (15ms)
			BeforeProcessingInitializeOnLoad (291ms)
			ProcessInitializeOnLoadAttributes (501ms)
			ProcessInitializeOnLoadMethodAttributes (124ms)
			AfterProcessingInitializeOnLoad (25ms)
			EditorAssembliesLoaded (0ms)
		ExecutionOrderSort2 (0ms)
		AwakeInstancesAfterBackupRestoration (50ms)
WARNING: Shader Unsupported: 'Hidden/Simulation/URP/Synthetic' - All subshaders removed
WARNING: Shader Did you use #pragma only_renderers and omit this platform?
WARNING: Shader If subshaders removal was intentional, you may have forgotten turning Fallback off?
WARNING: Shader Unsupported: 'Hidden/Simulation/URP/Synthetic' - All subshaders removed
WARNING: Shader Did you use #pragma only_renderers and omit this platform?
WARNING: Shader If subshaders removal was intentional, you may have forgotten turning Fallback off?
WARNING: Shader Unsupported: 'Simulation/Standard Lit' - All subshaders removed
WARNING: Shader Did you use #pragma only_renderers and omit this platform?
WARNING: Shader If subshaders removal was intentional, you may have forgotten turning Fallback off?
WARNING: Shader Unsupported: 'Simulation/Standard Lit' - All subshaders removed
WARNING: Shader Did you use #pragma only_renderers and omit this platform?
WARNING: Shader If subshaders removal was intentional, you may have forgotten turning Fallback off?
WARNING: Shader Unsupported: 'Hidden/Simulation/Synthetic Lit' - All subshaders removed
WARNING: Shader Did you use #pragma only_renderers and omit this platform?
WARNING: Shader If subshaders removal was intentional, you may have forgotten turning Fallback off?
WARNING: Shader Unsupported: 'Hidden/Simulation/Synthetic Lit' - All subshaders removed
WARNING: Shader Did you use #pragma only_renderers and omit this platform?
WARNING: Shader If subshaders removal was intentional, you may have forgotten turning Fallback off?
WARNING: Shader Unsupported: 'Simulation/URP/Room X-Ray' - All subshaders removed
WARNING: Shader Did you use #pragma only_renderers and omit this platform?
WARNING: Shader If subshaders removal was intentional, you may have forgotten turning Fallback off?
WARNING: Shader Unsupported: 'Simulation/URP/Room X-Ray' - All subshaders removed
WARNING: Shader Did you use #pragma only_renderers and omit this platform?
WARNING: Shader If subshaders removal was intentional, you may have forgotten turning Fallback off?
WARNING: Shader Unsupported: 'Simulation/Room X-Ray' - All subshaders removed
WARNING: Shader Did you use #pragma only_renderers and omit this platform?
WARNING: Shader If subshaders removal was intentional, you may have forgotten turning Fallback off?
WARNING: Shader Unsupported: 'Simulation/Room X-Ray' - All subshaders removed
WARNING: Shader Did you use #pragma only_renderers and omit this platform?
WARNING: Shader If subshaders removal was intentional, you may have forgotten turning Fallback off?
WARNING: Shader Unsupported: 'Simulation/URP/Lit' - All subshaders removed
WARNING: Shader Did you use #pragma only_renderers and omit this platform?
WARNING: Shader If subshaders removal was intentional, you may have forgotten turning Fallback off?
WARNING: Shader Unsupported: 'Simulation/URP/Lit' - All subshaders removed
WARNING: Shader Did you use #pragma only_renderers and omit this platform?
WARNING: Shader If subshaders removal was intentional, you may have forgotten turning Fallback off?
Refreshing native plugins compatible for Editor in 7.98 ms, found 4 plugins.
Preloading 0 native plugins for Editor in 0.00 ms.
Unloading 24 Unused Serialized files (Serialized files now loaded: 0)
Unloading 7029 unused Assets / (8.9 MB). Loaded Objects now: 7880.
Memory consumption went from 164.2 MB to 155.4 MB.
Total: 27.220800 ms (FindLiveObjects: 2.071100 ms CreateObjectMapping: 1.752000 ms MarkObjects: 13.892700 ms  DeleteObjects: 9.502500 ms)

Prepare: number of updated asset objects reloaded= 0
========================================================================
Received Prepare
WARNING: Shader Unsupported: 'Hidden/Simulation/URP/Synthetic' - All subshaders removed
WARNING: Shader Did you use #pragma only_renderers and omit this platform?
WARNING: Shader If subshaders removal was intentional, you may have forgotten turning Fallback off?
WARNING: Shader Unsupported: 'Hidden/Simulation/URP/Synthetic' - All subshaders removed
WARNING: Shader Did you use #pragma only_renderers and omit this platform?
WARNING: Shader If subshaders removal was intentional, you may have forgotten turning Fallback off?
WARNING: Shader Unsupported: 'Simulation/Standard Lit' - All subshaders removed
WARNING: Shader Did you use #pragma only_renderers and omit this platform?
WARNING: Shader If subshaders removal was intentional, you may have forgotten turning Fallback off?
WARNING: Shader Unsupported: 'Simulation/Standard Lit' - All subshaders removed
WARNING: Shader Did you use #pragma only_renderers and omit this platform?
WARNING: Shader If subshaders removal was intentional, you may have forgotten turning Fallback off?
WARNING: Shader Unsupported: 'Hidden/Simulation/Synthetic Lit' - All subshaders removed
WARNING: Shader Did you use #pragma only_renderers and omit this platform?
WARNING: Shader If subshaders removal was intentional, you may have forgotten turning Fallback off?
WARNING: Shader Unsupported: 'Hidden/Simulation/Synthetic Lit' - All subshaders removed
WARNING: Shader Did you use #pragma only_renderers and omit this platform?
WARNING: Shader If subshaders removal was intentional, you may have forgotten turning Fallback off?
WARNING: Shader Unsupported: 'Simulation/URP/Room X-Ray' - All subshaders removed
WARNING: Shader Did you use #pragma only_renderers and omit this platform?
WARNING: Shader If subshaders removal was intentional, you may have forgotten turning Fallback off?
WARNING: Shader Unsupported: 'Simulation/URP/Room X-Ray' - All subshaders removed
WARNING: Shader Did you use #pragma only_renderers and omit this platform?
WARNING: Shader If subshaders removal was intentional, you may have forgotten turning Fallback off?
WARNING: Shader Unsupported: 'Simulation/Room X-Ray' - All subshaders removed
WARNING: Shader Did you use #pragma only_renderers and omit this platform?
WARNING: Shader If subshaders removal was intentional, you may have forgotten turning Fallback off?
WARNING: Shader Unsupported: 'Simulation/Room X-Ray' - All subshaders removed
WARNING: Shader Did you use #pragma only_renderers and omit this platform?
WARNING: Shader If subshaders removal was intentional, you may have forgotten turning Fallback off?
WARNING: Shader Unsupported: 'Simulation/URP/Lit' - All subshaders removed
WARNING: Shader Did you use #pragma only_renderers and omit this platform?
WARNING: Shader If subshaders removal was intentional, you may have forgotten turning Fallback off?
WARNING: Shader Unsupported: 'Simulation/URP/Lit' - All subshaders removed
WARNING: Shader Did you use #pragma only_renderers and omit this platform?
WARNING: Shader If subshaders removal was intentional, you may have forgotten turning Fallback off?
Refreshing native plugins compatible for Editor in 7.38 ms, found 4 plugins.
Preloading 0 native plugins for Editor in 0.00 ms.
Unloading 24 Unused Serialized files (Serialized files now loaded: 0)
Unloading 7018 unused Assets / (8.3 MB). Loaded Objects now: 7876.
Memory consumption went from 164.4 MB to 156.1 MB.
Total: 22.499300 ms (FindLiveObjects: 2.148100 ms CreateObjectMapping: 2.219400 ms MarkObjects: 11.494300 ms  DeleteObjects: 6.635500 ms)

Prepare: number of updated asset objects reloaded= 0
========================================================================
Received Import Request.
  Time since last request: 2369.053260 seconds.
  path: Assets/Scripts/PlacedController.cs
  artifactKey: Guid(c86cb95004fb3e2429fd47ae878e7239) Importer(815301076,1909f56bfc062723c751e8b465ee728b)
Start importing Assets/Scripts/PlacedController.cs using Guid(c86cb95004fb3e2429fd47ae878e7239) Importer(815301076,1909f56bfc062723c751e8b465ee728b) (PreviewImporter) -> (artifact id: '425d1cb949ccc4707dcd7bbd5ed2ffa6') in 0.0051058 seconds
Number of updated asset objects reloaded before import = 0Number of asset objects unloaded after import = 0

========================================================================
Received Prepare
[Licensing::Client] Successfully resolved entitlement details
Begin MonoManager ReloadAssembly
[Licensing::Client] Successfully resolved entitlement details
- Loaded All Assemblies, in  1.403 seconds
Refreshing native plugins compatible for Editor in 3.12 ms, found 4 plugins.
Native extension for iOS target not found
Native extension for Android target not found
Native extension for WindowsStandalone target not found
Native extension for WebGL target not found
[Package Manager] Failed to launch server process. Reason: Unity was launched with the -noUpm command-line argument
[Package Manager] Unable to send message (not connected to server process).
[Package Manager] Cannot connect to Unity Package Manager local server
ScheduleIndexationOnStartup MainProcess:False IndexOnStartup:True
Mono: successfully reloaded assembly
[Package Manager] Failed to launch server process. Reason: Unity was launched with the -noUpm command-line argument
[Package Manager] Unable to send message (not connected to server process).
[Package Manager] Cannot connect to Unity Package Manager local server
- Finished resetting the current domain, in  1.179 seconds
Domain Reload Profiling: 2577ms
	BeginReloadAssembly (379ms)
		ExecutionOrderSort (0ms)
		DisableScriptedObjects (12ms)
		BackupInstance (0ms)
		ReleaseScriptingObjects (1ms)
		CreateAndSetChildDomain (106ms)
	RebuildCommonClasses (68ms)
	RebuildNativeTypeToScriptingClass (19ms)
	initialDomainReloadingComplete (44ms)
	LoadAllAssembliesAndSetupDomain (888ms)
		LoadAssemblies (653ms)
		RebuildTransferFunctionScriptingTraits (0ms)
		AnalyzeDomain (398ms)
			TypeCache.Refresh (19ms)
				TypeCache.ScanAssembly (1ms)
			BuildScriptInfoCaches (346ms)
			ResolveRequiredComponents (24ms)
	FinalizeReload (1179ms)
		ReleaseScriptCaches (0ms)
		RebuildScriptCaches (0ms)
		SetupLoadedEditorAssemblies (902ms)
			LogAssemblyErrors (0ms)
			InitializePlatformSupportModulesInManaged (23ms)
			SetLoadedEditorAssemblies (5ms)
			BeforeProcessingInitializeOnLoad (278ms)
			ProcessInitializeOnLoadAttributes (466ms)
			ProcessInitializeOnLoadMethodAttributes (116ms)
			AfterProcessingInitializeOnLoad (13ms)
			EditorAssembliesLoaded (1ms)
		ExecutionOrderSort2 (0ms)
		AwakeInstancesAfterBackupRestoration (42ms)
WARNING: Shader Unsupported: 'Hidden/Simulation/URP/Synthetic' - All subshaders removed
WARNING: Shader Did you use #pragma only_renderers and omit this platform?
WARNING: Shader If subshaders removal was intentional, you may have forgotten turning Fallback off?
WARNING: Shader Unsupported: 'Hidden/Simulation/URP/Synthetic' - All subshaders removed
WARNING: Shader Did you use #pragma only_renderers and omit this platform?
WARNING: Shader If subshaders removal was intentional, you may have forgotten turning Fallback off?
WARNING: Shader Unsupported: 'Simulation/Standard Lit' - All subshaders removed
WARNING: Shader Did you use #pragma only_renderers and omit this platform?
WARNING: Shader If subshaders removal was intentional, you may have forgotten turning Fallback off?
WARNING: Shader Unsupported: 'Simulation/Standard Lit' - All subshaders removed
WARNING: Shader Did you use #pragma only_renderers and omit this platform?
WARNING: Shader If subshaders removal was intentional, you may have forgotten turning Fallback off?
WARNING: Shader Unsupported: 'Hidden/Simulation/Synthetic Lit' - All subshaders removed
WARNING: Shader Did you use #pragma only_renderers and omit this platform?
WARNING: Shader If subshaders removal was intentional, you may have forgotten turning Fallback off?
WARNING: Shader Unsupported: 'Hidden/Simulation/Synthetic Lit' - All subshaders removed
WARNING: Shader Did you use #pragma only_renderers and omit this platform?
WARNING: Shader If subshaders removal was intentional, you may have forgotten turning Fallback off?
WARNING: Shader Unsupported: 'Simulation/URP/Room X-Ray' - All subshaders removed
WARNING: Shader Did you use #pragma only_renderers and omit this platform?
WARNING: Shader If subshaders removal was intentional, you may have forgotten turning Fallback off?
WARNING: Shader Unsupported: 'Simulation/URP/Room X-Ray' - All subshaders removed
WARNING: Shader Did you use #pragma only_renderers and omit this platform?
WARNING: Shader If subshaders removal was intentional, you may have forgotten turning Fallback off?
WARNING: Shader Unsupported: 'Simulation/Room X-Ray' - All subshaders removed
WARNING: Shader Did you use #pragma only_renderers and omit this platform?
WARNING: Shader If subshaders removal was intentional, you may have forgotten turning Fallback off?
WARNING: Shader Unsupported: 'Simulation/Room X-Ray' - All subshaders removed
WARNING: Shader Did you use #pragma only_renderers and omit this platform?
WARNING: Shader If subshaders removal was intentional, you may have forgotten turning Fallback off?
WARNING: Shader Unsupported: 'Simulation/URP/Lit' - All subshaders removed
WARNING: Shader Did you use #pragma only_renderers and omit this platform?
WARNING: Shader If subshaders removal was intentional, you may have forgotten turning Fallback off?
WARNING: Shader Unsupported: 'Simulation/URP/Lit' - All subshaders removed
WARNING: Shader Did you use #pragma only_renderers and omit this platform?
WARNING: Shader If subshaders removal was intentional, you may have forgotten turning Fallback off?
Refreshing native plugins compatible for Editor in 7.01 ms, found 4 plugins.
Preloading 0 native plugins for Editor in 0.00 ms.
Unloading 24 Unused Serialized files (Serialized files now loaded: 0)
Unloading 7029 unused Assets / (7.7 MB). Loaded Objects now: 7883.
Memory consumption went from 164.3 MB to 156.7 MB.
Total: 15.960900 ms (FindLiveObjects: 1.004300 ms CreateObjectMapping: 1.460700 ms MarkObjects: 7.120000 ms  DeleteObjects: 6.374800 ms)

Prepare: number of updated asset objects reloaded= 0
========================================================================
Received Prepare
[Licensing::Client] Successfully resolved entitlement details
Begin MonoManager ReloadAssembly
[Licensing::Client] Successfully resolved entitlement details
- Loaded All Assemblies, in  1.120 seconds
Refreshing native plugins compatible for Editor in 3.20 ms, found 4 plugins.
Native extension for iOS target not found
Native extension for Android target not found
Native extension for WindowsStandalone target not found
Native extension for WebGL target not found
[Package Manager] Failed to launch server process. Reason: Unity was launched with the -noUpm command-line argument
[Package Manager] Unable to send message (not connected to server process).
[Package Manager] Cannot connect to Unity Package Manager local server
ScheduleIndexationOnStartup MainProcess:False IndexOnStartup:True
Mono: successfully reloaded assembly
[Package Manager] Failed to launch server process. Reason: Unity was launched with the -noUpm command-line argument
[Package Manager] Unable to send message (not connected to server process).
[Package Manager] Cannot connect to Unity Package Manager local server
- Finished resetting the current domain, in  0.974 seconds
Domain Reload Profiling: 2089ms
	BeginReloadAssembly (287ms)
		ExecutionOrderSort (0ms)
		DisableScriptedObjects (6ms)
		BackupInstance (0ms)
		ReleaseScriptingObjects (0ms)
		CreateAndSetChildDomain (76ms)
	RebuildCommonClasses (46ms)
	RebuildNativeTypeToScriptingClass (20ms)
	initialDomainReloadingComplete (39ms)
	LoadAllAssembliesAndSetupDomain (722ms)
		LoadAssemblies (536ms)
		RebuildTransferFunctionScriptingTraits (0ms)
		AnalyzeDomain (304ms)
			TypeCache.Refresh (10ms)
				TypeCache.ScanAssembly (0ms)
			BuildScriptInfoCaches (273ms)
			ResolveRequiredComponents (14ms)
	FinalizeReload (974ms)
		ReleaseScriptCaches (0ms)
		RebuildScriptCaches (0ms)
		SetupLoadedEditorAssemblies (751ms)
			LogAssemblyErrors (0ms)
			InitializePlatformSupportModulesInManaged (17ms)
			SetLoadedEditorAssemblies (6ms)
			BeforeProcessingInitializeOnLoad (244ms)
			ProcessInitializeOnLoadAttributes (380ms)
			ProcessInitializeOnLoadMethodAttributes (94ms)
			AfterProcessingInitializeOnLoad (10ms)
			EditorAssembliesLoaded (0ms)
		ExecutionOrderSort2 (0ms)
		AwakeInstancesAfterBackupRestoration (22ms)
WARNING: Shader Unsupported: 'Hidden/Simulation/URP/Synthetic' - All subshaders removed
WARNING: Shader Did you use #pragma only_renderers and omit this platform?
WARNING: Shader If subshaders removal was intentional, you may have forgotten turning Fallback off?
WARNING: Shader Unsupported: 'Hidden/Simulation/URP/Synthetic' - All subshaders removed
WARNING: Shader Did you use #pragma only_renderers and omit this platform?
WARNING: Shader If subshaders removal was intentional, you may have forgotten turning Fallback off?
WARNING: Shader Unsupported: 'Simulation/Standard Lit' - All subshaders removed
WARNING: Shader Did you use #pragma only_renderers and omit this platform?
WARNING: Shader If subshaders removal was intentional, you may have forgotten turning Fallback off?
WARNING: Shader Unsupported: 'Simulation/Standard Lit' - All subshaders removed
WARNING: Shader Did you use #pragma only_renderers and omit this platform?
WARNING: Shader If subshaders removal was intentional, you may have forgotten turning Fallback off?
WARNING: Shader Unsupported: 'Hidden/Simulation/Synthetic Lit' - All subshaders removed
WARNING: Shader Did you use #pragma only_renderers and omit this platform?
WARNING: Shader If subshaders removal was intentional, you may have forgotten turning Fallback off?
WARNING: Shader Unsupported: 'Hidden/Simulation/Synthetic Lit' - All subshaders removed
WARNING: Shader Did you use #pragma only_renderers and omit this platform?
WARNING: Shader If subshaders removal was intentional, you may have forgotten turning Fallback off?
WARNING: Shader Unsupported: 'Simulation/URP/Room X-Ray' - All subshaders removed
WARNING: Shader Did you use #pragma only_renderers and omit this platform?
WARNING: Shader If subshaders removal was intentional, you may have forgotten turning Fallback off?
WARNING: Shader Unsupported: 'Simulation/URP/Room X-Ray' - All subshaders removed
WARNING: Shader Did you use #pragma only_renderers and omit this platform?
WARNING: Shader If subshaders removal was intentional, you may have forgotten turning Fallback off?
WARNING: Shader Unsupported: 'Simulation/Room X-Ray' - All subshaders removed
WARNING: Shader Did you use #pragma only_renderers and omit this platform?
WARNING: Shader If subshaders removal was intentional, you may have forgotten turning Fallback off?
WARNING: Shader Unsupported: 'Simulation/Room X-Ray' - All subshaders removed
WARNING: Shader Did you use #pragma only_renderers and omit this platform?
WARNING: Shader If subshaders removal was intentional, you may have forgotten turning Fallback off?
WARNING: Shader Unsupported: 'Simulation/URP/Lit' - All subshaders removed
WARNING: Shader Did you use #pragma only_renderers and omit this platform?
WARNING: Shader If subshaders removal was intentional, you may have forgotten turning Fallback off?
WARNING: Shader Unsupported: 'Simulation/URP/Lit' - All subshaders removed
WARNING: Shader Did you use #pragma only_renderers and omit this platform?
WARNING: Shader If subshaders removal was intentional, you may have forgotten turning Fallback off?
Refreshing native plugins compatible for Editor in 4.75 ms, found 4 plugins.
Preloading 0 native plugins for Editor in 0.00 ms.
Unloading 24 Unused Serialized files (Serialized files now loaded: 0)
Unloading 7029 unused Assets / (7.7 MB). Loaded Objects now: 7886.
Memory consumption went from 164.2 MB to 156.6 MB.
Total: 17.309400 ms (FindLiveObjects: 1.056500 ms CreateObjectMapping: 1.709400 ms MarkObjects: 7.871100 ms  DeleteObjects: 6.670900 ms)

Prepare: number of updated asset objects reloaded= 0
========================================================================
Received Prepare
[Licensing::Client] Successfully resolved entitlement details
Begin MonoManager ReloadAssembly
[Licensing::Client] Successfully resolved entitlement details
- Loaded All Assemblies, in  1.184 seconds
Refreshing native plugins compatible for Editor in 3.69 ms, found 4 plugins.
Native extension for iOS target not found
Native extension for Android target not found
Native extension for WindowsStandalone target not found
Native extension for WebGL target not found
[Package Manager] Failed to launch server process. Reason: Unity was launched with the -noUpm command-line argument
[Package Manager] Unable to send message (not connected to server process).
[Package Manager] Cannot connect to Unity Package Manager local server
ScheduleIndexationOnStartup MainProcess:False IndexOnStartup:True
Mono: successfully reloaded assembly
[Package Manager] Failed to launch server process. Reason: Unity was launched with the -noUpm command-line argument
[Package Manager] Unable to send message (not connected to server process).
[Package Manager] Cannot connect to Unity Package Manager local server
- Finished resetting the current domain, in  0.956 seconds
Domain Reload Profiling: 2135ms
	BeginReloadAssembly (301ms)
		ExecutionOrderSort (0ms)
		DisableScriptedObjects (6ms)
		BackupInstance (0ms)
		ReleaseScriptingObjects (0ms)
		CreateAndSetChildDomain (88ms)
	RebuildCommonClasses (60ms)
	RebuildNativeTypeToScriptingClass (17ms)
	initialDomainReloadingComplete (34ms)
	LoadAllAssembliesAndSetupDomain (765ms)
		LoadAssemblies (570ms)
		RebuildTransferFunctionScriptingTraits (0ms)
		AnalyzeDomain (315ms)
			TypeCache.Refresh (9ms)
				TypeCache.ScanAssembly (0ms)
			BuildScriptInfoCaches (285ms)
			ResolveRequiredComponents (13ms)
	FinalizeReload (957ms)
		ReleaseScriptCaches (0ms)
		RebuildScriptCaches (0ms)
		SetupLoadedEditorAssemblies (732ms)
			LogAssemblyErrors (0ms)
			InitializePlatformSupportModulesInManaged (15ms)
			SetLoadedEditorAssemblies (4ms)
			BeforeProcessingInitializeOnLoad (214ms)
			ProcessInitializeOnLoadAttributes (377ms)
			ProcessInitializeOnLoadMethodAttributes (112ms)
			AfterProcessingInitializeOnLoad (9ms)
			EditorAssembliesLoaded (0ms)
		ExecutionOrderSort2 (0ms)
		AwakeInstancesAfterBackupRestoration (22ms)
WARNING: Shader Unsupported: 'Hidden/Simulation/URP/Synthetic' - All subshaders removed
WARNING: Shader Did you use #pragma only_renderers and omit this platform?
WARNING: Shader If subshaders removal was intentional, you may have forgotten turning Fallback off?
WARNING: Shader Unsupported: 'Hidden/Simulation/URP/Synthetic' - All subshaders removed
WARNING: Shader Did you use #pragma only_renderers and omit this platform?
WARNING: Shader If subshaders removal was intentional, you may have forgotten turning Fallback off?
WARNING: Shader Unsupported: 'Simulation/Standard Lit' - All subshaders removed
WARNING: Shader Did you use #pragma only_renderers and omit this platform?
WARNING: Shader If subshaders removal was intentional, you may have forgotten turning Fallback off?
WARNING: Shader Unsupported: 'Simulation/Standard Lit' - All subshaders removed
WARNING: Shader Did you use #pragma only_renderers and omit this platform?
WARNING: Shader If subshaders removal was intentional, you may have forgotten turning Fallback off?
WARNING: Shader Unsupported: 'Hidden/Simulation/Synthetic Lit' - All subshaders removed
WARNING: Shader Did you use #pragma only_renderers and omit this platform?
WARNING: Shader If subshaders removal was intentional, you may have forgotten turning Fallback off?
WARNING: Shader Unsupported: 'Hidden/Simulation/Synthetic Lit' - All subshaders removed
WARNING: Shader Did you use #pragma only_renderers and omit this platform?
WARNING: Shader If subshaders removal was intentional, you may have forgotten turning Fallback off?
WARNING: Shader Unsupported: 'Simulation/URP/Room X-Ray' - All subshaders removed
WARNING: Shader Did you use #pragma only_renderers and omit this platform?
WARNING: Shader If subshaders removal was intentional, you may have forgotten turning Fallback off?
WARNING: Shader Unsupported: 'Simulation/URP/Room X-Ray' - All subshaders removed
WARNING: Shader Did you use #pragma only_renderers and omit this platform?
WARNING: Shader If subshaders removal was intentional, you may have forgotten turning Fallback off?
WARNING: Shader Unsupported: 'Simulation/Room X-Ray' - All subshaders removed
WARNING: Shader Did you use #pragma only_renderers and omit this platform?
WARNING: Shader If subshaders removal was intentional, you may have forgotten turning Fallback off?
WARNING: Shader Unsupported: 'Simulation/Room X-Ray' - All subshaders removed
WARNING: Shader Did you use #pragma only_renderers and omit this platform?
WARNING: Shader If subshaders removal was intentional, you may have forgotten turning Fallback off?
WARNING: Shader Unsupported: 'Simulation/URP/Lit' - All subshaders removed
WARNING: Shader Did you use #pragma only_renderers and omit this platform?
WARNING: Shader If subshaders removal was intentional, you may have forgotten turning Fallback off?
WARNING: Shader Unsupported: 'Simulation/URP/Lit' - All subshaders removed
WARNING: Shader Did you use #pragma only_renderers and omit this platform?
WARNING: Shader If subshaders removal was intentional, you may have forgotten turning Fallback off?
Refreshing native plugins compatible for Editor in 3.07 ms, found 4 plugins.
Preloading 0 native plugins for Editor in 0.00 ms.
Unloading 24 Unused Serialized files (Serialized files now loaded: 0)
Unloading 7029 unused Assets / (7.4 MB). Loaded Objects now: 7889.
Memory consumption went from 164.3 MB to 157.0 MB.
Total: 19.956600 ms (FindLiveObjects: 1.012400 ms CreateObjectMapping: 1.407900 ms MarkObjects: 9.376000 ms  DeleteObjects: 8.159000 ms)

Prepare: number of updated asset objects reloaded= 0
========================================================================
Received Prepare
WARNING: Shader Unsupported: 'Hidden/Simulation/URP/Synthetic' - All subshaders removed
WARNING: Shader Did you use #pragma only_renderers and omit this platform?
WARNING: Shader If subshaders removal was intentional, you may have forgotten turning Fallback off?
WARNING: Shader Unsupported: 'Hidden/Simulation/URP/Synthetic' - All subshaders removed
WARNING: Shader Did you use #pragma only_renderers and omit this platform?
WARNING: Shader If subshaders removal was intentional, you may have forgotten turning Fallback off?
WARNING: Shader Unsupported: 'Simulation/Standard Lit' - All subshaders removed
WARNING: Shader Did you use #pragma only_renderers and omit this platform?
WARNING: Shader If subshaders removal was intentional, you may have forgotten turning Fallback off?
WARNING: Shader Unsupported: 'Simulation/Standard Lit' - All subshaders removed
WARNING: Shader Did you use #pragma only_renderers and omit this platform?
WARNING: Shader If subshaders removal was intentional, you may have forgotten turning Fallback off?
WARNING: Shader Unsupported: 'Hidden/Simulation/Synthetic Lit' - All subshaders removed
WARNING: Shader Did you use #pragma only_renderers and omit this platform?
WARNING: Shader If subshaders removal was intentional, you may have forgotten turning Fallback off?
WARNING: Shader Unsupported: 'Hidden/Simulation/Synthetic Lit' - All subshaders removed
WARNING: Shader Did you use #pragma only_renderers and omit this platform?
WARNING: Shader If subshaders removal was intentional, you may have forgotten turning Fallback off?
WARNING: Shader Unsupported: 'Simulation/URP/Room X-Ray' - All subshaders removed
WARNING: Shader Did you use #pragma only_renderers and omit this platform?
WARNING: Shader If subshaders removal was intentional, you may have forgotten turning Fallback off?
WARNING: Shader Unsupported: 'Simulation/URP/Room X-Ray' - All subshaders removed
WARNING: Shader Did you use #pragma only_renderers and omit this platform?
WARNING: Shader If subshaders removal was intentional, you may have forgotten turning Fallback off?
WARNING: Shader Unsupported: 'Simulation/Room X-Ray' - All subshaders removed
WARNING: Shader Did you use #pragma only_renderers and omit this platform?
WARNING: Shader If subshaders removal was intentional, you may have forgotten turning Fallback off?
WARNING: Shader Unsupported: 'Simulation/Room X-Ray' - All subshaders removed
WARNING: Shader Did you use #pragma only_renderers and omit this platform?
WARNING: Shader If subshaders removal was intentional, you may have forgotten turning Fallback off?
WARNING: Shader Unsupported: 'Simulation/URP/Lit' - All subshaders removed
WARNING: Shader Did you use #pragma only_renderers and omit this platform?
WARNING: Shader If subshaders removal was intentional, you may have forgotten turning Fallback off?
WARNING: Shader Unsupported: 'Simulation/URP/Lit' - All subshaders removed
WARNING: Shader Did you use #pragma only_renderers and omit this platform?
WARNING: Shader If subshaders removal was intentional, you may have forgotten turning Fallback off?
Refreshing native plugins compatible for Editor in 3.15 ms, found 4 plugins.
Preloading 0 native plugins for Editor in 0.00 ms.
Unloading 24 Unused Serialized files (Serialized files now loaded: 0)
Unloading 24 unused Assets / (3.7 MB). Loaded Objects now: 7889.
Memory consumption went from 159.4 MB to 155.7 MB.
Total: 11.641900 ms (FindLiveObjects: 0.587100 ms CreateObjectMapping: 0.415200 ms MarkObjects: 7.821200 ms  DeleteObjects: 2.816700 ms)

Prepare: number of updated asset objects reloaded= 0
========================================================================
Received Prepare
[Licensing::Client] Successfully resolved entitlement details
Begin MonoManager ReloadAssembly
[Licensing::Client] Successfully resolved entitlement details
- Loaded All Assemblies, in  1.102 seconds
Refreshing native plugins compatible for Editor in 3.20 ms, found 4 plugins.
Native extension for iOS target not found
Native extension for Android target not found
Native extension for WindowsStandalone target not found
Native extension for WebGL target not found
[Package Manager] Failed to launch server process. Reason: Unity was launched with the -noUpm command-line argument
[Package Manager] Unable to send message (not connected to server process).
[Package Manager] Cannot connect to Unity Package Manager local server
ScheduleIndexationOnStartup MainProcess:False IndexOnStartup:True
Mono: successfully reloaded assembly
[Package Manager] Failed to launch server process. Reason: Unity was launched with the -noUpm command-line argument
[Package Manager] Unable to send message (not connected to server process).
[Package Manager] Cannot connect to Unity Package Manager local server
- Finished resetting the current domain, in  0.986 seconds
Domain Reload Profiling: 2074ms
	BeginReloadAssembly (270ms)
		ExecutionOrderSort (0ms)
		DisableScriptedObjects (6ms)
		BackupInstance (0ms)
		ReleaseScriptingObjects (0ms)
		CreateAndSetChildDomain (70ms)
	RebuildCommonClasses (43ms)
	RebuildNativeTypeToScriptingClass (17ms)
	initialDomainReloadingComplete (38ms)
	LoadAllAssembliesAndSetupDomain (719ms)
		LoadAssemblies (528ms)
		RebuildTransferFunctionScriptingTraits (0ms)
		AnalyzeDomain (306ms)
			TypeCache.Refresh (9ms)
				TypeCache.ScanAssembly (0ms)
			BuildScriptInfoCaches (275ms)
			ResolveRequiredComponents (15ms)
	FinalizeReload (987ms)
		ReleaseScriptCaches (0ms)
		RebuildScriptCaches (0ms)
		SetupLoadedEditorAssemblies (742ms)
			LogAssemblyErrors (0ms)
			InitializePlatformSupportModulesInManaged (15ms)
			SetLoadedEditorAssemblies (4ms)
			BeforeProcessingInitializeOnLoad (268ms)
			ProcessInitializeOnLoadAttributes (361ms)
			ProcessInitializeOnLoadMethodAttributes (84ms)
			AfterProcessingInitializeOnLoad (9ms)
			EditorAssembliesLoaded (0ms)
		ExecutionOrderSort2 (0ms)
		AwakeInstancesAfterBackupRestoration (22ms)
WARNING: Shader Unsupported: 'Hidden/Simulation/URP/Synthetic' - All subshaders removed
WARNING: Shader Did you use #pragma only_renderers and omit this platform?
WARNING: Shader If subshaders removal was intentional, you may have forgotten turning Fallback off?
WARNING: Shader Unsupported: 'Hidden/Simulation/URP/Synthetic' - All subshaders removed
WARNING: Shader Did you use #pragma only_renderers and omit this platform?
WARNING: Shader If subshaders removal was intentional, you may have forgotten turning Fallback off?
WARNING: Shader Unsupported: 'Simulation/Standard Lit' - All subshaders removed
WARNING: Shader Did you use #pragma only_renderers and omit this platform?
WARNING: Shader If subshaders removal was intentional, you may have forgotten turning Fallback off?
WARNING: Shader Unsupported: 'Simulation/Standard Lit' - All subshaders removed
WARNING: Shader Did you use #pragma only_renderers and omit this platform?
WARNING: Shader If subshaders removal was intentional, you may have forgotten turning Fallback off?
WARNING: Shader Unsupported: 'Hidden/Simulation/Synthetic Lit' - All subshaders removed
WARNING: Shader Did you use #pragma only_renderers and omit this platform?
WARNING: Shader If subshaders removal was intentional, you may have forgotten turning Fallback off?
WARNING: Shader Unsupported: 'Hidden/Simulation/Synthetic Lit' - All subshaders removed
WARNING: Shader Did you use #pragma only_renderers and omit this platform?
WARNING: Shader If subshaders removal was intentional, you may have forgotten turning Fallback off?
WARNING: Shader Unsupported: 'Simulation/URP/Room X-Ray' - All subshaders removed
WARNING: Shader Did you use #pragma only_renderers and omit this platform?
WARNING: Shader If subshaders removal was intentional, you may have forgotten turning Fallback off?
WARNING: Shader Unsupported: 'Simulation/URP/Room X-Ray' - All subshaders removed
WARNING: Shader Did you use #pragma only_renderers and omit this platform?
WARNING: Shader If subshaders removal was intentional, you may have forgotten turning Fallback off?
WARNING: Shader Unsupported: 'Simulation/Room X-Ray' - All subshaders removed
WARNING: Shader Did you use #pragma only_renderers and omit this platform?
WARNING: Shader If subshaders removal was intentional, you may have forgotten turning Fallback off?
WARNING: Shader Unsupported: 'Simulation/Room X-Ray' - All subshaders removed
WARNING: Shader Did you use #pragma only_renderers and omit this platform?
WARNING: Shader If subshaders removal was intentional, you may have forgotten turning Fallback off?
WARNING: Shader Unsupported: 'Simulation/URP/Lit' - All subshaders removed
WARNING: Shader Did you use #pragma only_renderers and omit this platform?
WARNING: Shader If subshaders removal was intentional, you may have forgotten turning Fallback off?
WARNING: Shader Unsupported: 'Simulation/URP/Lit' - All subshaders removed
WARNING: Shader Did you use #pragma only_renderers and omit this platform?
WARNING: Shader If subshaders removal was intentional, you may have forgotten turning Fallback off?
Refreshing native plugins compatible for Editor in 3.01 ms, found 4 plugins.
Preloading 0 native plugins for Editor in 0.00 ms.
Unloading 24 Unused Serialized files (Serialized files now loaded: 0)
Unloading 7029 unused Assets / (7.6 MB). Loaded Objects now: 7892.
Memory consumption went from 164.5 MB to 156.9 MB.
Total: 20.801200 ms (FindLiveObjects: 0.997400 ms CreateObjectMapping: 1.380100 ms MarkObjects: 10.544900 ms  DeleteObjects: 7.877500 ms)

Prepare: number of updated asset objects reloaded= 0
========================================================================
Received Prepare
[Licensing::Client] Successfully resolved entitlement details
Begin MonoManager ReloadAssembly
[Licensing::Client] Successfully resolved entitlement details
- Loaded All Assemblies, in  1.136 seconds
Refreshing native plugins compatible for Editor in 4.61 ms, found 4 plugins.
Native extension for iOS target not found
Native extension for Android target not found
Native extension for WindowsStandalone target not found
Native extension for WebGL target not found
[Package Manager] Failed to launch server process. Reason: Unity was launched with the -noUpm command-line argument
[Package Manager] Unable to send message (not connected to server process).
[Package Manager] Cannot connect to Unity Package Manager local server
ScheduleIndexationOnStartup MainProcess:False IndexOnStartup:True
Mono: successfully reloaded assembly
[Package Manager] Failed to launch server process. Reason: Unity was launched with the -noUpm command-line argument
[Package Manager] Unable to send message (not connected to server process).
[Package Manager] Cannot connect to Unity Package Manager local server
- Finished resetting the current domain, in  0.980 seconds
Domain Reload Profiling: 2110ms
	BeginReloadAssembly (305ms)
		ExecutionOrderSort (0ms)
		DisableScriptedObjects (6ms)
		BackupInstance (0ms)
		ReleaseScriptingObjects (0ms)
		CreateAndSetChildDomain (78ms)
	RebuildCommonClasses (60ms)
	RebuildNativeTypeToScriptingClass (18ms)
	initialDomainReloadingComplete (58ms)
	LoadAllAssembliesAndSetupDomain (690ms)
		LoadAssemblies (535ms)
		RebuildTransferFunctionScriptingTraits (0ms)
		AnalyzeDomain (285ms)
			TypeCache.Refresh (14ms)
				TypeCache.ScanAssembly (1ms)
			BuildScriptInfoCaches (250ms)
			ResolveRequiredComponents (14ms)
	FinalizeReload (980ms)
		ReleaseScriptCaches (0ms)
		RebuildScriptCaches (0ms)
		SetupLoadedEditorAssemblies (708ms)
			LogAssemblyErrors (0ms)
			InitializePlatformSupportModulesInManaged (15ms)
			SetLoadedEditorAssemblies (4ms)
			BeforeProcessingInitializeOnLoad (188ms)
			ProcessInitializeOnLoadAttributes (392ms)
			ProcessInitializeOnLoadMethodAttributes (98ms)
			AfterProcessingInitializeOnLoad (10ms)
			EditorAssembliesLoaded (0ms)
		ExecutionOrderSort2 (0ms)
		AwakeInstancesAfterBackupRestoration (21ms)
WARNING: Shader Unsupported: 'Hidden/Simulation/URP/Synthetic' - All subshaders removed
WARNING: Shader Did you use #pragma only_renderers and omit this platform?
WARNING: Shader If subshaders removal was intentional, you may have forgotten turning Fallback off?
WARNING: Shader Unsupported: 'Hidden/Simulation/URP/Synthetic' - All subshaders removed
WARNING: Shader Did you use #pragma only_renderers and omit this platform?
WARNING: Shader If subshaders removal was intentional, you may have forgotten turning Fallback off?
WARNING: Shader Unsupported: 'Simulation/Standard Lit' - All subshaders removed
WARNING: Shader Did you use #pragma only_renderers and omit this platform?
WARNING: Shader If subshaders removal was intentional, you may have forgotten turning Fallback off?
WARNING: Shader Unsupported: 'Simulation/Standard Lit' - All subshaders removed
WARNING: Shader Did you use #pragma only_renderers and omit this platform?
WARNING: Shader If subshaders removal was intentional, you may have forgotten turning Fallback off?
WARNING: Shader Unsupported: 'Hidden/Simulation/Synthetic Lit' - All subshaders removed
WARNING: Shader Did you use #pragma only_renderers and omit this platform?
WARNING: Shader If subshaders removal was intentional, you may have forgotten turning Fallback off?
WARNING: Shader Unsupported: 'Hidden/Simulation/Synthetic Lit' - All subshaders removed
WARNING: Shader Did you use #pragma only_renderers and omit this platform?
WARNING: Shader If subshaders removal was intentional, you may have forgotten turning Fallback off?
WARNING: Shader Unsupported: 'Simulation/URP/Room X-Ray' - All subshaders removed
WARNING: Shader Did you use #pragma only_renderers and omit this platform?
WARNING: Shader If subshaders removal was intentional, you may have forgotten turning Fallback off?
WARNING: Shader Unsupported: 'Simulation/URP/Room X-Ray' - All subshaders removed
WARNING: Shader Did you use #pragma only_renderers and omit this platform?
WARNING: Shader If subshaders removal was intentional, you may have forgotten turning Fallback off?
WARNING: Shader Unsupported: 'Simulation/Room X-Ray' - All subshaders removed
WARNING: Shader Did you use #pragma only_renderers and omit this platform?
WARNING: Shader If subshaders removal was intentional, you may have forgotten turning Fallback off?
WARNING: Shader Unsupported: 'Simulation/Room X-Ray' - All subshaders removed
WARNING: Shader Did you use #pragma only_renderers and omit this platform?
WARNING: Shader If subshaders removal was intentional, you may have forgotten turning Fallback off?
WARNING: Shader Unsupported: 'Simulation/URP/Lit' - All subshaders removed
WARNING: Shader Did you use #pragma only_renderers and omit this platform?
WARNING: Shader If subshaders removal was intentional, you may have forgotten turning Fallback off?
WARNING: Shader Unsupported: 'Simulation/URP/Lit' - All subshaders removed
WARNING: Shader Did you use #pragma only_renderers and omit this platform?
WARNING: Shader If subshaders removal was intentional, you may have forgotten turning Fallback off?
Refreshing native plugins compatible for Editor in 3.27 ms, found 4 plugins.
Preloading 0 native plugins for Editor in 0.00 ms.
Unloading 24 Unused Serialized files (Serialized files now loaded: 0)
Unloading 7029 unused Assets / (9.4 MB). Loaded Objects now: 7895.
Memory consumption went from 164.5 MB to 155.0 MB.
Total: 19.065000 ms (FindLiveObjects: 1.081600 ms CreateObjectMapping: 1.534600 ms MarkObjects: 8.690100 ms  DeleteObjects: 7.757600 ms)

Prepare: number of updated asset objects reloaded= 0
========================================================================
Received Prepare
Begin MonoManager ReloadAssembly
- Loaded All Assemblies, in  1.091 seconds
Refreshing native plugins compatible for Editor in 3.19 ms, found 4 plugins.
Native extension for iOS target not found
Native extension for Android target not found
Native extension for WindowsStandalone target not found
Native extension for WebGL target not found
[Package Manager] Failed to launch server process. Reason: Unity was launched with the -noUpm command-line argument
[Package Manager] Unable to send message (not connected to server process).
[Package Manager] Cannot connect to Unity Package Manager local server
ScheduleIndexationOnStartup MainProcess:False IndexOnStartup:True
Mono: successfully reloaded assembly
[Package Manager] Failed to launch server process. Reason: Unity was launched with the -noUpm command-line argument
[Package Manager] Unable to send message (not connected to server process).
[Package Manager] Cannot connect to Unity Package Manager local server
- Finished resetting the current domain, in  0.965 seconds
Domain Reload Profiling: 2050ms
	BeginReloadAssembly (303ms)
		ExecutionOrderSort (0ms)
		DisableScriptedObjects (6ms)
		BackupInstance (0ms)
		ReleaseScriptingObjects (0ms)
		CreateAndSetChildDomain (97ms)
	RebuildCommonClasses (43ms)
	RebuildNativeTypeToScriptingClass (17ms)
	initialDomainReloadingComplete (34ms)
	LoadAllAssembliesAndSetupDomain (687ms)
		LoadAssemblies (505ms)
		RebuildTransferFunctionScriptingTraits (0ms)
		AnalyzeDomain (287ms)
			TypeCache.Refresh (9ms)
				TypeCache.ScanAssembly (0ms)
			BuildScriptInfoCaches (259ms)
			ResolveRequiredComponents (13ms)
	FinalizeReload (965ms)
		ReleaseScriptCaches (0ms)
		RebuildScriptCaches (0ms)
		SetupLoadedEditorAssemblies (723ms)
			LogAssemblyErrors (0ms)
			InitializePlatformSupportModulesInManaged (15ms)
			SetLoadedEditorAssemblies (4ms)
			BeforeProcessingInitializeOnLoad (205ms)
			ProcessInitializeOnLoadAttributes (396ms)
			ProcessInitializeOnLoadMethodAttributes (92ms)
			AfterProcessingInitializeOnLoad (10ms)
			EditorAssembliesLoaded (0ms)
		ExecutionOrderSort2 (0ms)
		AwakeInstancesAfterBackupRestoration (23ms)
WARNING: Shader Unsupported: 'Hidden/Simulation/URP/Synthetic' - All subshaders removed
WARNING: Shader Did you use #pragma only_renderers and omit this platform?
WARNING: Shader If subshaders removal was intentional, you may have forgotten turning Fallback off?
WARNING: Shader Unsupported: 'Hidden/Simulation/URP/Synthetic' - All subshaders removed
WARNING: Shader Did you use #pragma only_renderers and omit this platform?
WARNING: Shader If subshaders removal was intentional, you may have forgotten turning Fallback off?
WARNING: Shader Unsupported: 'Simulation/Standard Lit' - All subshaders removed
WARNING: Shader Did you use #pragma only_renderers and omit this platform?
WARNING: Shader If subshaders removal was intentional, you may have forgotten turning Fallback off?
WARNING: Shader Unsupported: 'Simulation/Standard Lit' - All subshaders removed
WARNING: Shader Did you use #pragma only_renderers and omit this platform?
WARNING: Shader If subshaders removal was intentional, you may have forgotten turning Fallback off?
WARNING: Shader Unsupported: 'Hidden/Simulation/Synthetic Lit' - All subshaders removed
WARNING: Shader Did you use #pragma only_renderers and omit this platform?
WARNING: Shader If subshaders removal was intentional, you may have forgotten turning Fallback off?
WARNING: Shader Unsupported: 'Hidden/Simulation/Synthetic Lit' - All subshaders removed
WARNING: Shader Did you use #pragma only_renderers and omit this platform?
WARNING: Shader If subshaders removal was intentional, you may have forgotten turning Fallback off?
WARNING: Shader Unsupported: 'Simulation/URP/Room X-Ray' - All subshaders removed
WARNING: Shader Did you use #pragma only_renderers and omit this platform?
WARNING: Shader If subshaders removal was intentional, you may have forgotten turning Fallback off?
WARNING: Shader Unsupported: 'Simulation/URP/Room X-Ray' - All subshaders removed
WARNING: Shader Did you use #pragma only_renderers and omit this platform?
WARNING: Shader If subshaders removal was intentional, you may have forgotten turning Fallback off?
WARNING: Shader Unsupported: 'Simulation/Room X-Ray' - All subshaders removed
WARNING: Shader Did you use #pragma only_renderers and omit this platform?
WARNING: Shader If subshaders removal was intentional, you may have forgotten turning Fallback off?
WARNING: Shader Unsupported: 'Simulation/Room X-Ray' - All subshaders removed
WARNING: Shader Did you use #pragma only_renderers and omit this platform?
WARNING: Shader If subshaders removal was intentional, you may have forgotten turning Fallback off?
WARNING: Shader Unsupported: 'Simulation/URP/Lit' - All subshaders removed
WARNING: Shader Did you use #pragma only_renderers and omit this platform?
WARNING: Shader If subshaders removal was intentional, you may have forgotten turning Fallback off?
WARNING: Shader Unsupported: 'Simulation/URP/Lit' - All subshaders removed
WARNING: Shader Did you use #pragma only_renderers and omit this platform?
WARNING: Shader If subshaders removal was intentional, you may have forgotten turning Fallback off?
Refreshing native plugins compatible for Editor in 3.01 ms, found 4 plugins.
Preloading 0 native plugins for Editor in 0.00 ms.
Unloading 24 Unused Serialized files (Serialized files now loaded: 0)
Unloading 7029 unused Assets / (7.6 MB). Loaded Objects now: 7898.
Memory consumption went from 164.5 MB to 156.9 MB.
Total: 17.387200 ms (FindLiveObjects: 0.993900 ms CreateObjectMapping: 1.290300 ms MarkObjects: 8.098300 ms  DeleteObjects: 7.003700 ms)

Prepare: number of updated asset objects reloaded= 0
========================================================================
Received Prepare
Begin MonoManager ReloadAssembly
- Loaded All Assemblies, in  1.125 seconds
Refreshing native plugins compatible for Editor in 4.83 ms, found 4 plugins.
Native extension for iOS target not found
Native extension for Android target not found
Native extension for WindowsStandalone target not found
Native extension for WebGL target not found
[Package Manager] Failed to launch server process. Reason: Unity was launched with the -noUpm command-line argument
[Package Manager] Unable to send message (not connected to server process).
[Package Manager] Cannot connect to Unity Package Manager local server
ScheduleIndexationOnStartup MainProcess:False IndexOnStartup:True
Mono: successfully reloaded assembly
[Package Manager] Failed to launch server process. Reason: Unity was launched with the -noUpm command-line argument
[Package Manager] Unable to send message (not connected to server process).
[Package Manager] Cannot connect to Unity Package Manager local server
- Finished resetting the current domain, in  0.964 seconds
Domain Reload Profiling: 2082ms
	BeginReloadAssembly (291ms)
		ExecutionOrderSort (0ms)
		DisableScriptedObjects (9ms)
		BackupInstance (0ms)
		ReleaseScriptingObjects (0ms)
		CreateAndSetChildDomain (74ms)
	RebuildCommonClasses (42ms)
	RebuildNativeTypeToScriptingClass (16ms)
	initialDomainReloadingComplete (35ms)
	LoadAllAssembliesAndSetupDomain (735ms)
		LoadAssemblies (553ms)
		RebuildTransferFunctionScriptingTraits (0ms)
		AnalyzeDomain (302ms)
			TypeCache.Refresh (14ms)
				TypeCache.ScanAssembly (1ms)
			BuildScriptInfoCaches (268ms)
			ResolveRequiredComponents (13ms)
	FinalizeReload (964ms)
		ReleaseScriptCaches (0ms)
		RebuildScriptCaches (0ms)
		SetupLoadedEditorAssemblies (737ms)
			LogAssemblyErrors (0ms)
			InitializePlatformSupportModulesInManaged (15ms)
			SetLoadedEditorAssemblies (4ms)
			BeforeProcessingInitializeOnLoad (229ms)
			ProcessInitializeOnLoadAttributes (384ms)
			ProcessInitializeOnLoadMethodAttributes (89ms)
			AfterProcessingInitializeOnLoad (15ms)
			EditorAssembliesLoaded (1ms)
		ExecutionOrderSort2 (0ms)
		AwakeInstancesAfterBackupRestoration (25ms)
WARNING: Shader Unsupported: 'Hidden/Simulation/URP/Synthetic' - All subshaders removed
WARNING: Shader Did you use #pragma only_renderers and omit this platform?
WARNING: Shader If subshaders removal was intentional, you may have forgotten turning Fallback off?
WARNING: Shader Unsupported: 'Hidden/Simulation/URP/Synthetic' - All subshaders removed
WARNING: Shader Did you use #pragma only_renderers and omit this platform?
WARNING: Shader If subshaders removal was intentional, you may have forgotten turning Fallback off?
WARNING: Shader Unsupported: 'Simulation/Standard Lit' - All subshaders removed
WARNING: Shader Did you use #pragma only_renderers and omit this platform?
WARNING: Shader If subshaders removal was intentional, you may have forgotten turning Fallback off?
WARNING: Shader Unsupported: 'Simulation/Standard Lit' - All subshaders removed
WARNING: Shader Did you use #pragma only_renderers and omit this platform?
WARNING: Shader If subshaders removal was intentional, you may have forgotten turning Fallback off?
WARNING: Shader Unsupported: 'Hidden/Simulation/Synthetic Lit' - All subshaders removed
WARNING: Shader Did you use #pragma only_renderers and omit this platform?
WARNING: Shader If subshaders removal was intentional, you may have forgotten turning Fallback off?
WARNING: Shader Unsupported: 'Hidden/Simulation/Synthetic Lit' - All subshaders removed
WARNING: Shader Did you use #pragma only_renderers and omit this platform?
WARNING: Shader If subshaders removal was intentional, you may have forgotten turning Fallback off?
WARNING: Shader Unsupported: 'Simulation/URP/Room X-Ray' - All subshaders removed
WARNING: Shader Did you use #pragma only_renderers and omit this platform?
WARNING: Shader If subshaders removal was intentional, you may have forgotten turning Fallback off?
WARNING: Shader Unsupported: 'Simulation/URP/Room X-Ray' - All subshaders removed
WARNING: Shader Did you use #pragma only_renderers and omit this platform?
WARNING: Shader If subshaders removal was intentional, you may have forgotten turning Fallback off?
WARNING: Shader Unsupported: 'Simulation/Room X-Ray' - All subshaders removed
WARNING: Shader Did you use #pragma only_renderers and omit this platform?
WARNING: Shader If subshaders removal was intentional, you may have forgotten turning Fallback off?
WARNING: Shader Unsupported: 'Simulation/Room X-Ray' - All subshaders removed
WARNING: Shader Did you use #pragma only_renderers and omit this platform?
WARNING: Shader If subshaders removal was intentional, you may have forgotten turning Fallback off?
WARNING: Shader Unsupported: 'Simulation/URP/Lit' - All subshaders removed
WARNING: Shader Did you use #pragma only_renderers and omit this platform?
WARNING: Shader If subshaders removal was intentional, you may have forgotten turning Fallback off?
WARNING: Shader Unsupported: 'Simulation/URP/Lit' - All subshaders removed
WARNING: Shader Did you use #pragma only_renderers and omit this platform?
WARNING: Shader If subshaders removal was intentional, you may have forgotten turning Fallback off?
Refreshing native plugins compatible for Editor in 3.47 ms, found 4 plugins.
Preloading 0 native plugins for Editor in 0.00 ms.
Unloading 24 Unused Serialized files (Serialized files now loaded: 0)
Unloading 7029 unused Assets / (8.4 MB). Loaded Objects now: 7901.
Memory consumption went from 164.3 MB to 156.0 MB.
Total: 23.941300 ms (FindLiveObjects: 1.680900 ms CreateObjectMapping: 2.385600 ms MarkObjects: 10.257200 ms  DeleteObjects: 9.615700 ms)

Prepare: number of updated asset objects reloaded= 0
========================================================================
Received Prepare
Begin MonoManager ReloadAssembly
- Loaded All Assemblies, in  1.063 seconds
Refreshing native plugins compatible for Editor in 3.10 ms, found 4 plugins.
Native extension for iOS target not found
Native extension for Android target not found
Native extension for WindowsStandalone target not found
Native extension for WebGL target not found
[Package Manager] Failed to launch server process. Reason: Unity was launched with the -noUpm command-line argument
[Package Manager] Unable to send message (not connected to server process).
[Package Manager] Cannot connect to Unity Package Manager local server
ScheduleIndexationOnStartup MainProcess:False IndexOnStartup:True
Mono: successfully reloaded assembly
[Package Manager] Failed to launch server process. Reason: Unity was launched with the -noUpm command-line argument
[Package Manager] Unable to send message (not connected to server process).
[Package Manager] Cannot connect to Unity Package Manager local server
- Finished resetting the current domain, in  0.937 seconds
Domain Reload Profiling: 1994ms
	BeginReloadAssembly (290ms)
		ExecutionOrderSort (0ms)
		DisableScriptedObjects (8ms)
		BackupInstance (0ms)
		ReleaseScriptingObjects (0ms)
		CreateAndSetChildDomain (84ms)
	RebuildCommonClasses (42ms)
	RebuildNativeTypeToScriptingClass (16ms)
	initialDomainReloadingComplete (35ms)
	LoadAllAssembliesAndSetupDomain (673ms)
		LoadAssemblies (511ms)
		RebuildTransferFunctionScriptingTraits (0ms)
		AnalyzeDomain (270ms)
			TypeCache.Refresh (10ms)
				TypeCache.ScanAssembly (0ms)
			BuildScriptInfoCaches (240ms)
			ResolveRequiredComponents (14ms)
	FinalizeReload (937ms)
		ReleaseScriptCaches (0ms)
		RebuildScriptCaches (0ms)
		SetupLoadedEditorAssemblies (724ms)
			LogAssemblyErrors (0ms)
			InitializePlatformSupportModulesInManaged (16ms)
			SetLoadedEditorAssemblies (6ms)
			BeforeProcessingInitializeOnLoad (237ms)
			ProcessInitializeOnLoadAttributes (360ms)
			ProcessInitializeOnLoadMethodAttributes (94ms)
			AfterProcessingInitializeOnLoad (9ms)
			EditorAssembliesLoaded (0ms)
		ExecutionOrderSort2 (0ms)
		AwakeInstancesAfterBackupRestoration (22ms)
WARNING: Shader Unsupported: 'Hidden/Simulation/URP/Synthetic' - All subshaders removed
WARNING: Shader Did you use #pragma only_renderers and omit this platform?
WARNING: Shader If subshaders removal was intentional, you may have forgotten turning Fallback off?
WARNING: Shader Unsupported: 'Hidden/Simulation/URP/Synthetic' - All subshaders removed
WARNING: Shader Did you use #pragma only_renderers and omit this platform?
WARNING: Shader If subshaders removal was intentional, you may have forgotten turning Fallback off?
WARNING: Shader Unsupported: 'Simulation/Standard Lit' - All subshaders removed
WARNING: Shader Did you use #pragma only_renderers and omit this platform?
WARNING: Shader If subshaders removal was intentional, you may have forgotten turning Fallback off?
WARNING: Shader Unsupported: 'Simulation/Standard Lit' - All subshaders removed
WARNING: Shader Did you use #pragma only_renderers and omit this platform?
WARNING: Shader If subshaders removal was intentional, you may have forgotten turning Fallback off?
WARNING: Shader Unsupported: 'Hidden/Simulation/Synthetic Lit' - All subshaders removed
WARNING: Shader Did you use #pragma only_renderers and omit this platform?
WARNING: Shader If subshaders removal was intentional, you may have forgotten turning Fallback off?
WARNING: Shader Unsupported: 'Hidden/Simulation/Synthetic Lit' - All subshaders removed
WARNING: Shader Did you use #pragma only_renderers and omit this platform?
WARNING: Shader If subshaders removal was intentional, you may have forgotten turning Fallback off?
WARNING: Shader Unsupported: 'Simulation/URP/Room X-Ray' - All subshaders removed
WARNING: Shader Did you use #pragma only_renderers and omit this platform?
WARNING: Shader If subshaders removal was intentional, you may have forgotten turning Fallback off?
WARNING: Shader Unsupported: 'Simulation/URP/Room X-Ray' - All subshaders removed
WARNING: Shader Did you use #pragma only_renderers and omit this platform?
WARNING: Shader If subshaders removal was intentional, you may have forgotten turning Fallback off?
WARNING: Shader Unsupported: 'Simulation/Room X-Ray' - All subshaders removed
WARNING: Shader Did you use #pragma only_renderers and omit this platform?
WARNING: Shader If subshaders removal was intentional, you may have forgotten turning Fallback off?
WARNING: Shader Unsupported: 'Simulation/Room X-Ray' - All subshaders removed
WARNING: Shader Did you use #pragma only_renderers and omit this platform?
WARNING: Shader If subshaders removal was intentional, you may have forgotten turning Fallback off?
WARNING: Shader Unsupported: 'Simulation/URP/Lit' - All subshaders removed
WARNING: Shader Did you use #pragma only_renderers and omit this platform?
WARNING: Shader If subshaders removal was intentional, you may have forgotten turning Fallback off?
WARNING: Shader Unsupported: 'Simulation/URP/Lit' - All subshaders removed
WARNING: Shader Did you use #pragma only_renderers and omit this platform?
WARNING: Shader If subshaders removal was intentional, you may have forgotten turning Fallback off?
Refreshing native plugins compatible for Editor in 6.17 ms, found 4 plugins.
Preloading 0 native plugins for Editor in 0.00 ms.
Unloading 24 Unused Serialized files (Serialized files now loaded: 0)
Unloading 7029 unused Assets / (8.5 MB). Loaded Objects now: 7904.
Memory consumption went from 164.6 MB to 156.1 MB.
Total: 17.491700 ms (FindLiveObjects: 1.023200 ms CreateObjectMapping: 1.651800 ms MarkObjects: 8.099800 ms  DeleteObjects: 6.715500 ms)

Prepare: number of updated asset objects reloaded= 0
========================================================================
Received Prepare
WARNING: Shader Unsupported: 'Hidden/Simulation/URP/Synthetic' - All subshaders removed
WARNING: Shader Did you use #pragma only_renderers and omit this platform?
WARNING: Shader If subshaders removal was intentional, you may have forgotten turning Fallback off?
WARNING: Shader Unsupported: 'Hidden/Simulation/URP/Synthetic' - All subshaders removed
WARNING: Shader Did you use #pragma only_renderers and omit this platform?
WARNING: Shader If subshaders removal was intentional, you may have forgotten turning Fallback off?
WARNING: Shader Unsupported: 'Simulation/Standard Lit' - All subshaders removed
WARNING: Shader Did you use #pragma only_renderers and omit this platform?
WARNING: Shader If subshaders removal was intentional, you may have forgotten turning Fallback off?
WARNING: Shader Unsupported: 'Simulation/Standard Lit' - All subshaders removed
WARNING: Shader Did you use #pragma only_renderers and omit this platform?
WARNING: Shader If subshaders removal was intentional, you may have forgotten turning Fallback off?
WARNING: Shader Unsupported: 'Hidden/Simulation/Synthetic Lit' - All subshaders removed
WARNING: Shader Did you use #pragma only_renderers and omit this platform?
WARNING: Shader If subshaders removal was intentional, you may have forgotten turning Fallback off?
WARNING: Shader Unsupported: 'Hidden/Simulation/Synthetic Lit' - All subshaders removed
WARNING: Shader Did you use #pragma only_renderers and omit this platform?
WARNING: Shader If subshaders removal was intentional, you may have forgotten turning Fallback off?
WARNING: Shader Unsupported: 'Simulation/URP/Room X-Ray' - All subshaders removed
WARNING: Shader Did you use #pragma only_renderers and omit this platform?
WARNING: Shader If subshaders removal was intentional, you may have forgotten turning Fallback off?
WARNING: Shader Unsupported: 'Simulation/URP/Room X-Ray' - All subshaders removed
WARNING: Shader Did you use #pragma only_renderers and omit this platform?
WARNING: Shader If subshaders removal was intentional, you may have forgotten turning Fallback off?
WARNING: Shader Unsupported: 'Simulation/Room X-Ray' - All subshaders removed
WARNING: Shader Did you use #pragma only_renderers and omit this platform?
WARNING: Shader If subshaders removal was intentional, you may have forgotten turning Fallback off?
WARNING: Shader Unsupported: 'Simulation/Room X-Ray' - All subshaders removed
WARNING: Shader Did you use #pragma only_renderers and omit this platform?
WARNING: Shader If subshaders removal was intentional, you may have forgotten turning Fallback off?
WARNING: Shader Unsupported: 'Simulation/URP/Lit' - All subshaders removed
WARNING: Shader Did you use #pragma only_renderers and omit this platform?
WARNING: Shader If subshaders removal was intentional, you may have forgotten turning Fallback off?
WARNING: Shader Unsupported: 'Simulation/URP/Lit' - All subshaders removed
WARNING: Shader Did you use #pragma only_renderers and omit this platform?
WARNING: Shader If subshaders removal was intentional, you may have forgotten turning Fallback off?
Refreshing native plugins compatible for Editor in 3.82 ms, found 4 plugins.
Preloading 0 native plugins for Editor in 0.00 ms.
Unloading 24 Unused Serialized files (Serialized files now loaded: 0)
Unloading 24 unused Assets / (3.7 MB). Loaded Objects now: 7904.
Memory consumption went from 159.6 MB to 155.9 MB.
Total: 10.915800 ms (FindLiveObjects: 0.681000 ms CreateObjectMapping: 0.759000 ms MarkObjects: 7.095300 ms  DeleteObjects: 2.379000 ms)

Prepare: number of updated asset objects reloaded= 0
========================================================================
Received Import Request.
  Time since last request: 676.059794 seconds.
  path: Assets/Prefabs/Cube.prefab
  artifactKey: Guid(a0d6acc9147930942a3cf47d38829f6a) Importer(815301076,1909f56bfc062723c751e8b465ee728b)
Start importing Assets/Prefabs/Cube.prefab using Guid(a0d6acc9147930942a3cf47d38829f6a) Importer(815301076,1909f56bfc062723c751e8b465ee728b) (PreviewImporter) -> (artifact id: 'd7b07cf37a0ea6da8723b1a9df70278e') in 0.5746437 seconds
Number of updated asset objects reloaded before import = 0Number of asset objects unloaded after import = 8

========================================================================
Received Prepare
[Licensing::Client] Successfully resolved entitlement details
Begin MonoManager ReloadAssembly
[Licensing::Client] Successfully resolved entitlement details
- Loaded All Assemblies, in  1.148 seconds
Refreshing native plugins compatible for Editor in 3.99 ms, found 4 plugins.
Native extension for iOS target not found
Native extension for Android target not found
Native extension for WindowsStandalone target not found
Native extension for WebGL target not found
[Package Manager] Failed to launch server process. Reason: Unity was launched with the -noUpm command-line argument
[Package Manager] Unable to send message (not connected to server process).
[Package Manager] Cannot connect to Unity Package Manager local server
ScheduleIndexationOnStartup MainProcess:False IndexOnStartup:True
Mono: successfully reloaded assembly
[Package Manager] Failed to launch server process. Reason: Unity was launched with the -noUpm command-line argument
[Package Manager] Unable to send message (not connected to server process).
[Package Manager] Cannot connect to Unity Package Manager local server
- Finished resetting the current domain, in  0.916 seconds
Domain Reload Profiling: 2059ms
	BeginReloadAssembly (311ms)
		ExecutionOrderSort (0ms)
		DisableScriptedObjects (22ms)
		BackupInstance (0ms)
		ReleaseScriptingObjects (0ms)
		CreateAndSetChildDomain (101ms)
	RebuildCommonClasses (42ms)
	RebuildNativeTypeToScriptingClass (17ms)
	initialDomainReloadingComplete (43ms)
	LoadAllAssembliesAndSetupDomain (728ms)
		LoadAssemblies (534ms)
		RebuildTransferFunctionScriptingTraits (0ms)
		AnalyzeDomain (309ms)
			TypeCache.Refresh (9ms)
				TypeCache.ScanAssembly (0ms)
			BuildScriptInfoCaches (281ms)
			ResolveRequiredComponents (13ms)
	FinalizeReload (917ms)
		ReleaseScriptCaches (0ms)
		RebuildScriptCaches (0ms)
		SetupLoadedEditorAssemblies (687ms)
			LogAssemblyErrors (0ms)
			InitializePlatformSupportModulesInManaged (14ms)
			SetLoadedEditorAssemblies (4ms)
			BeforeProcessingInitializeOnLoad (196ms)
			ProcessInitializeOnLoadAttributes (366ms)
			ProcessInitializeOnLoadMethodAttributes (94ms)
			AfterProcessingInitializeOnLoad (13ms)
			EditorAssembliesLoaded (1ms)
		ExecutionOrderSort2 (0ms)
		AwakeInstancesAfterBackupRestoration (29ms)
WARNING: Shader Unsupported: 'Hidden/Simulation/URP/Synthetic' - All subshaders removed
WARNING: Shader Did you use #pragma only_renderers and omit this platform?
WARNING: Shader If subshaders removal was intentional, you may have forgotten turning Fallback off?
WARNING: Shader Unsupported: 'Hidden/Simulation/URP/Synthetic' - All subshaders removed
WARNING: Shader Did you use #pragma only_renderers and omit this platform?
WARNING: Shader If subshaders removal was intentional, you may have forgotten turning Fallback off?
WARNING: Shader Unsupported: 'Simulation/Standard Lit' - All subshaders removed
WARNING: Shader Did you use #pragma only_renderers and omit this platform?
WARNING: Shader If subshaders removal was intentional, you may have forgotten turning Fallback off?
WARNING: Shader Unsupported: 'Simulation/Standard Lit' - All subshaders removed
WARNING: Shader Did you use #pragma only_renderers and omit this platform?
WARNING: Shader If subshaders removal was intentional, you may have forgotten turning Fallback off?
WARNING: Shader Unsupported: 'Hidden/Simulation/Synthetic Lit' - All subshaders removed
WARNING: Shader Did you use #pragma only_renderers and omit this platform?
WARNING: Shader If subshaders removal was intentional, you may have forgotten turning Fallback off?
WARNING: Shader Unsupported: 'Hidden/Simulation/Synthetic Lit' - All subshaders removed
WARNING: Shader Did you use #pragma only_renderers and omit this platform?
WARNING: Shader If subshaders removal was intentional, you may have forgotten turning Fallback off?
WARNING: Shader Unsupported: 'Simulation/URP/Room X-Ray' - All subshaders removed
WARNING: Shader Did you use #pragma only_renderers and omit this platform?
WARNING: Shader If subshaders removal was intentional, you may have forgotten turning Fallback off?
WARNING: Shader Unsupported: 'Simulation/URP/Room X-Ray' - All subshaders removed
WARNING: Shader Did you use #pragma only_renderers and omit this platform?
WARNING: Shader If subshaders removal was intentional, you may have forgotten turning Fallback off?
WARNING: Shader Unsupported: 'Simulation/Room X-Ray' - All subshaders removed
WARNING: Shader Did you use #pragma only_renderers and omit this platform?
WARNING: Shader If subshaders removal was intentional, you may have forgotten turning Fallback off?
WARNING: Shader Unsupported: 'Simulation/Room X-Ray' - All subshaders removed
WARNING: Shader Did you use #pragma only_renderers and omit this platform?
WARNING: Shader If subshaders removal was intentional, you may have forgotten turning Fallback off?
WARNING: Shader Unsupported: 'Simulation/URP/Lit' - All subshaders removed
WARNING: Shader Did you use #pragma only_renderers and omit this platform?
WARNING: Shader If subshaders removal was intentional, you may have forgotten turning Fallback off?
WARNING: Shader Unsupported: 'Simulation/URP/Lit' - All subshaders removed
WARNING: Shader Did you use #pragma only_renderers and omit this platform?
WARNING: Shader If subshaders removal was intentional, you may have forgotten turning Fallback off?
Refreshing native plugins compatible for Editor in 3.02 ms, found 4 plugins.
Preloading 0 native plugins for Editor in 0.00 ms.
Unloading 24 Unused Serialized files (Serialized files now loaded: 0)
Unloading 7030 unused Assets / (7.8 MB). Loaded Objects now: 7938.
Memory consumption went from 166.4 MB to 158.6 MB.
Total: 19.334000 ms (FindLiveObjects: 1.512400 ms CreateObjectMapping: 1.691300 ms MarkObjects: 7.094700 ms  DeleteObjects: 9.034100 ms)

Prepare: number of updated asset objects reloaded= 0
========================================================================
Received Prepare
WARNING: Shader Unsupported: 'Hidden/Simulation/URP/Synthetic' - All subshaders removed
WARNING: Shader Did you use #pragma only_renderers and omit this platform?
WARNING: Shader If subshaders removal was intentional, you may have forgotten turning Fallback off?
WARNING: Shader Unsupported: 'Hidden/Simulation/URP/Synthetic' - All subshaders removed
WARNING: Shader Did you use #pragma only_renderers and omit this platform?
WARNING: Shader If subshaders removal was intentional, you may have forgotten turning Fallback off?
WARNING: Shader Unsupported: 'Simulation/Standard Lit' - All subshaders removed
WARNING: Shader Did you use #pragma only_renderers and omit this platform?
WARNING: Shader If subshaders removal was intentional, you may have forgotten turning Fallback off?
WARNING: Shader Unsupported: 'Simulation/Standard Lit' - All subshaders removed
WARNING: Shader Did you use #pragma only_renderers and omit this platform?
WARNING: Shader If subshaders removal was intentional, you may have forgotten turning Fallback off?
WARNING: Shader Unsupported: 'Hidden/Simulation/Synthetic Lit' - All subshaders removed
WARNING: Shader Did you use #pragma only_renderers and omit this platform?
WARNING: Shader If subshaders removal was intentional, you may have forgotten turning Fallback off?
WARNING: Shader Unsupported: 'Hidden/Simulation/Synthetic Lit' - All subshaders removed
WARNING: Shader Did you use #pragma only_renderers and omit this platform?
WARNING: Shader If subshaders removal was intentional, you may have forgotten turning Fallback off?
WARNING: Shader Unsupported: 'Simulation/URP/Room X-Ray' - All subshaders removed
WARNING: Shader Did you use #pragma only_renderers and omit this platform?
WARNING: Shader If subshaders removal was intentional, you may have forgotten turning Fallback off?
WARNING: Shader Unsupported: 'Simulation/URP/Room X-Ray' - All subshaders removed
WARNING: Shader Did you use #pragma only_renderers and omit this platform?
WARNING: Shader If subshaders removal was intentional, you may have forgotten turning Fallback off?
WARNING: Shader Unsupported: 'Simulation/Room X-Ray' - All subshaders removed
WARNING: Shader Did you use #pragma only_renderers and omit this platform?
WARNING: Shader If subshaders removal was intentional, you may have forgotten turning Fallback off?
WARNING: Shader Unsupported: 'Simulation/Room X-Ray' - All subshaders removed
WARNING: Shader Did you use #pragma only_renderers and omit this platform?
WARNING: Shader If subshaders removal was intentional, you may have forgotten turning Fallback off?
WARNING: Shader Unsupported: 'Simulation/URP/Lit' - All subshaders removed
WARNING: Shader Did you use #pragma only_renderers and omit this platform?
WARNING: Shader If subshaders removal was intentional, you may have forgotten turning Fallback off?
WARNING: Shader Unsupported: 'Simulation/URP/Lit' - All subshaders removed
WARNING: Shader Did you use #pragma only_renderers and omit this platform?
WARNING: Shader If subshaders removal was intentional, you may have forgotten turning Fallback off?
Refreshing native plugins compatible for Editor in 3.11 ms, found 4 plugins.
Preloading 0 native plugins for Editor in 0.00 ms.
Unloading 26 Unused Serialized files (Serialized files now loaded: 0)
Unloading 7018 unused Assets / (8.3 MB). Loaded Objects now: 7937.
Memory consumption went from 166.4 MB to 158.1 MB.
Total: 19.548300 ms (FindLiveObjects: 1.021600 ms CreateObjectMapping: 1.479300 ms MarkObjects: 9.129400 ms  DeleteObjects: 7.916500 ms)

Prepare: number of updated asset objects reloaded= 0
========================================================================
Received Prepare
[Licensing::Client] Successfully resolved entitlement details
Begin MonoManager ReloadAssembly
[Licensing::Client] Successfully resolved entitlement details
- Loaded All Assemblies, in  1.148 seconds
Refreshing native plugins compatible for Editor in 13.25 ms, found 4 plugins.
Native extension for iOS target not found
Native extension for Android target not found
Native extension for WindowsStandalone target not found
Native extension for WebGL target not found
[Package Manager] Failed to launch server process. Reason: Unity was launched with the -noUpm command-line argument
[Package Manager] Unable to send message (not connected to server process).
[Package Manager] Cannot connect to Unity Package Manager local server
ScheduleIndexationOnStartup MainProcess:False IndexOnStartup:True
Mono: successfully reloaded assembly
[Package Manager] Failed to launch server process. Reason: Unity was launched with the -noUpm command-line argument
[Package Manager] Unable to send message (not connected to server process).
[Package Manager] Cannot connect to Unity Package Manager local server
- Finished resetting the current domain, in  0.966 seconds
Domain Reload Profiling: 2109ms
	BeginReloadAssembly (303ms)
		ExecutionOrderSort (0ms)
		DisableScriptedObjects (6ms)
		BackupInstance (0ms)
		ReleaseScriptingObjects (0ms)
		CreateAndSetChildDomain (87ms)
	RebuildCommonClasses (43ms)
	RebuildNativeTypeToScriptingClass (17ms)
	initialDomainReloadingComplete (42ms)
	LoadAllAssembliesAndSetupDomain (738ms)
		LoadAssemblies (561ms)
		RebuildTransferFunctionScriptingTraits (0ms)
		AnalyzeDomain (288ms)
			TypeCache.Refresh (14ms)
				TypeCache.ScanAssembly (1ms)
			BuildScriptInfoCaches (254ms)
			ResolveRequiredComponents (14ms)
	FinalizeReload (966ms)
		ReleaseScriptCaches (0ms)
		RebuildScriptCaches (0ms)
		SetupLoadedEditorAssemblies (695ms)
			LogAssemblyErrors (0ms)
			InitializePlatformSupportModulesInManaged (16ms)
			SetLoadedEditorAssemblies (4ms)
			BeforeProcessingInitializeOnLoad (217ms)
			ProcessInitializeOnLoadAttributes (359ms)
			ProcessInitializeOnLoadMethodAttributes (88ms)
			AfterProcessingInitializeOnLoad (11ms)
			EditorAssembliesLoaded (1ms)
		ExecutionOrderSort2 (0ms)
		AwakeInstancesAfterBackupRestoration (21ms)
WARNING: Shader Unsupported: 'Hidden/Simulation/URP/Synthetic' - All subshaders removed
WARNING: Shader Did you use #pragma only_renderers and omit this platform?
WARNING: Shader If subshaders removal was intentional, you may have forgotten turning Fallback off?
WARNING: Shader Unsupported: 'Hidden/Simulation/URP/Synthetic' - All subshaders removed
WARNING: Shader Did you use #pragma only_renderers and omit this platform?
WARNING: Shader If subshaders removal was intentional, you may have forgotten turning Fallback off?
WARNING: Shader Unsupported: 'Simulation/Standard Lit' - All subshaders removed
WARNING: Shader Did you use #pragma only_renderers and omit this platform?
WARNING: Shader If subshaders removal was intentional, you may have forgotten turning Fallback off?
WARNING: Shader Unsupported: 'Simulation/Standard Lit' - All subshaders removed
WARNING: Shader Did you use #pragma only_renderers and omit this platform?
WARNING: Shader If subshaders removal was intentional, you may have forgotten turning Fallback off?
WARNING: Shader Unsupported: 'Hidden/Simulation/Synthetic Lit' - All subshaders removed
WARNING: Shader Did you use #pragma only_renderers and omit this platform?
WARNING: Shader If subshaders removal was intentional, you may have forgotten turning Fallback off?
WARNING: Shader Unsupported: 'Hidden/Simulation/Synthetic Lit' - All subshaders removed
WARNING: Shader Did you use #pragma only_renderers and omit this platform?
WARNING: Shader If subshaders removal was intentional, you may have forgotten turning Fallback off?
WARNING: Shader Unsupported: 'Simulation/URP/Room X-Ray' - All subshaders removed
WARNING: Shader Did you use #pragma only_renderers and omit this platform?
WARNING: Shader If subshaders removal was intentional, you may have forgotten turning Fallback off?
WARNING: Shader Unsupported: 'Simulation/URP/Room X-Ray' - All subshaders removed
WARNING: Shader Did you use #pragma only_renderers and omit this platform?
WARNING: Shader If subshaders removal was intentional, you may have forgotten turning Fallback off?
WARNING: Shader Unsupported: 'Simulation/Room X-Ray' - All subshaders removed
WARNING: Shader Did you use #pragma only_renderers and omit this platform?
WARNING: Shader If subshaders removal was intentional, you may have forgotten turning Fallback off?
WARNING: Shader Unsupported: 'Simulation/Room X-Ray' - All subshaders removed
WARNING: Shader Did you use #pragma only_renderers and omit this platform?
WARNING: Shader If subshaders removal was intentional, you may have forgotten turning Fallback off?
WARNING: Shader Unsupported: 'Simulation/URP/Lit' - All subshaders removed
WARNING: Shader Did you use #pragma only_renderers and omit this platform?
WARNING: Shader If subshaders removal was intentional, you may have forgotten turning Fallback off?
WARNING: Shader Unsupported: 'Simulation/URP/Lit' - All subshaders removed
WARNING: Shader Did you use #pragma only_renderers and omit this platform?
WARNING: Shader If subshaders removal was intentional, you may have forgotten turning Fallback off?
Refreshing native plugins compatible for Editor in 3.23 ms, found 4 plugins.
Preloading 0 native plugins for Editor in 0.00 ms.
Unloading 24 Unused Serialized files (Serialized files now loaded: 0)
Unloading 7029 unused Assets / (6.8 MB). Loaded Objects now: 7944.
Memory consumption went from 166.3 MB to 159.5 MB.
Total: 23.383300 ms (FindLiveObjects: 1.263500 ms CreateObjectMapping: 1.798200 ms MarkObjects: 13.160500 ms  DeleteObjects: 7.159300 ms)

Prepare: number of updated asset objects reloaded= 0
========================================================================
Received Prepare
Begin MonoManager ReloadAssembly
- Loaded All Assemblies, in  1.110 seconds
Refreshing native plugins compatible for Editor in 3.19 ms, found 4 plugins.
Native extension for iOS target not found
Native extension for Android target not found
Native extension for WindowsStandalone target not found
Native extension for WebGL target not found
[Package Manager] Failed to launch server process. Reason: Unity was launched with the -noUpm command-line argument
[Package Manager] Unable to send message (not connected to server process).
[Package Manager] Cannot connect to Unity Package Manager local server
ScheduleIndexationOnStartup MainProcess:False IndexOnStartup:True
Mono: successfully reloaded assembly
[Package Manager] Failed to launch server process. Reason: Unity was launched with the -noUpm command-line argument
[Package Manager] Unable to send message (not connected to server process).
[Package Manager] Cannot connect to Unity Package Manager local server
- Finished resetting the current domain, in  1.027 seconds
Domain Reload Profiling: 2128ms
	BeginReloadAssembly (279ms)
		ExecutionOrderSort (0ms)
		DisableScriptedObjects (12ms)
		BackupInstance (0ms)
		ReleaseScriptingObjects (0ms)
		CreateAndSetChildDomain (86ms)
	RebuildCommonClasses (47ms)
	RebuildNativeTypeToScriptingClass (16ms)
	initialDomainReloadingComplete (37ms)
	LoadAllAssembliesAndSetupDomain (721ms)
		LoadAssemblies (538ms)
		RebuildTransferFunctionScriptingTraits (0ms)
		AnalyzeDomain (287ms)
			TypeCache.Refresh (11ms)
				TypeCache.ScanAssembly (0ms)
			BuildScriptInfoCaches (255ms)
			ResolveRequiredComponents (14ms)
	FinalizeReload (1028ms)
		ReleaseScriptCaches (0ms)
		RebuildScriptCaches (0ms)
		SetupLoadedEditorAssemblies (801ms)
			LogAssemblyErrors (0ms)
			InitializePlatformSupportModulesInManaged (18ms)
			SetLoadedEditorAssemblies (4ms)
			BeforeProcessingInitializeOnLoad (221ms)
			ProcessInitializeOnLoadAttributes (409ms)
			ProcessInitializeOnLoadMethodAttributes (139ms)
			AfterProcessingInitializeOnLoad (10ms)
			EditorAssembliesLoaded (0ms)
		ExecutionOrderSort2 (0ms)
		AwakeInstancesAfterBackupRestoration (25ms)
WARNING: Shader Unsupported: 'Hidden/Simulation/URP/Synthetic' - All subshaders removed
WARNING: Shader Did you use #pragma only_renderers and omit this platform?
WARNING: Shader If subshaders removal was intentional, you may have forgotten turning Fallback off?
WARNING: Shader Unsupported: 'Hidden/Simulation/URP/Synthetic' - All subshaders removed
WARNING: Shader Did you use #pragma only_renderers and omit this platform?
WARNING: Shader If subshaders removal was intentional, you may have forgotten turning Fallback off?
WARNING: Shader Unsupported: 'Simulation/Standard Lit' - All subshaders removed
WARNING: Shader Did you use #pragma only_renderers and omit this platform?
WARNING: Shader If subshaders removal was intentional, you may have forgotten turning Fallback off?
WARNING: Shader Unsupported: 'Simulation/Standard Lit' - All subshaders removed
WARNING: Shader Did you use #pragma only_renderers and omit this platform?
WARNING: Shader If subshaders removal was intentional, you may have forgotten turning Fallback off?
WARNING: Shader Unsupported: 'Hidden/Simulation/Synthetic Lit' - All subshaders removed
WARNING: Shader Did you use #pragma only_renderers and omit this platform?
WARNING: Shader If subshaders removal was intentional, you may have forgotten turning Fallback off?
WARNING: Shader Unsupported: 'Hidden/Simulation/Synthetic Lit' - All subshaders removed
WARNING: Shader Did you use #pragma only_renderers and omit this platform?
WARNING: Shader If subshaders removal was intentional, you may have forgotten turning Fallback off?
WARNING: Shader Unsupported: 'Simulation/URP/Room X-Ray' - All subshaders removed
WARNING: Shader Did you use #pragma only_renderers and omit this platform?
WARNING: Shader If subshaders removal was intentional, you may have forgotten turning Fallback off?
WARNING: Shader Unsupported: 'Simulation/URP/Room X-Ray' - All subshaders removed
WARNING: Shader Did you use #pragma only_renderers and omit this platform?
WARNING: Shader If subshaders removal was intentional, you may have forgotten turning Fallback off?
WARNING: Shader Unsupported: 'Simulation/Room X-Ray' - All subshaders removed
WARNING: Shader Did you use #pragma only_renderers and omit this platform?
WARNING: Shader If subshaders removal was intentional, you may have forgotten turning Fallback off?
WARNING: Shader Unsupported: 'Simulation/Room X-Ray' - All subshaders removed
WARNING: Shader Did you use #pragma only_renderers and omit this platform?
WARNING: Shader If subshaders removal was intentional, you may have forgotten turning Fallback off?
WARNING: Shader Unsupported: 'Simulation/URP/Lit' - All subshaders removed
WARNING: Shader Did you use #pragma only_renderers and omit this platform?
WARNING: Shader If subshaders removal was intentional, you may have forgotten turning Fallback off?
WARNING: Shader Unsupported: 'Simulation/URP/Lit' - All subshaders removed
WARNING: Shader Did you use #pragma only_renderers and omit this platform?
WARNING: Shader If subshaders removal was intentional, you may have forgotten turning Fallback off?
Refreshing native plugins compatible for Editor in 4.28 ms, found 4 plugins.
Preloading 0 native plugins for Editor in 0.00 ms.
Unloading 24 Unused Serialized files (Serialized files now loaded: 0)
Unloading 7029 unused Assets / (8.6 MB). Loaded Objects now: 7947.
Memory consumption went from 166.4 MB to 157.8 MB.
Total: 16.997100 ms (FindLiveObjects: 1.050000 ms CreateObjectMapping: 1.511100 ms MarkObjects: 7.688300 ms  DeleteObjects: 6.746500 ms)

Prepare: number of updated asset objects reloaded= 0
========================================================================
Received Prepare
Begin MonoManager ReloadAssembly
- Loaded All Assemblies, in  1.135 seconds
Refreshing native plugins compatible for Editor in 3.05 ms, found 4 plugins.
Native extension for iOS target not found
Native extension for Android target not found
Native extension for WindowsStandalone target not found
Native extension for WebGL target not found
[Package Manager] Failed to launch server process. Reason: Unity was launched with the -noUpm command-line argument
[Package Manager] Unable to send message (not connected to server process).
[Package Manager] Cannot connect to Unity Package Manager local server
ScheduleIndexationOnStartup MainProcess:False IndexOnStartup:True
Mono: successfully reloaded assembly
[Package Manager] Failed to launch server process. Reason: Unity was launched with the -noUpm command-line argument
[Package Manager] Unable to send message (not connected to server process).
[Package Manager] Cannot connect to Unity Package Manager local server
- Finished resetting the current domain, in  0.958 seconds
Domain Reload Profiling: 2082ms
	BeginReloadAssembly (294ms)
		ExecutionOrderSort (0ms)
		DisableScriptedObjects (6ms)
		BackupInstance (0ms)
		ReleaseScriptingObjects (0ms)
		CreateAndSetChildDomain (91ms)
	RebuildCommonClasses (42ms)
	RebuildNativeTypeToScriptingClass (17ms)
	initialDomainReloadingComplete (46ms)
	LoadAllAssembliesAndSetupDomain (725ms)
		LoadAssemblies (565ms)
		RebuildTransferFunctionScriptingTraits (0ms)
		AnalyzeDomain (281ms)
			TypeCache.Refresh (9ms)
				TypeCache.ScanAssembly (0ms)
			BuildScriptInfoCaches (250ms)
			ResolveRequiredComponents (13ms)
	FinalizeReload (958ms)
		ReleaseScriptCaches (0ms)
		RebuildScriptCaches (0ms)
		SetupLoadedEditorAssemblies (739ms)
			LogAssemblyErrors (0ms)
			InitializePlatformSupportModulesInManaged (14ms)
			SetLoadedEditorAssemblies (4ms)
			BeforeProcessingInitializeOnLoad (221ms)
			ProcessInitializeOnLoadAttributes (403ms)
			ProcessInitializeOnLoadMethodAttributes (86ms)
			AfterProcessingInitializeOnLoad (10ms)
			EditorAssembliesLoaded (1ms)
		ExecutionOrderSort2 (0ms)
		AwakeInstancesAfterBackupRestoration (29ms)
WARNING: Shader Unsupported: 'Hidden/Simulation/URP/Synthetic' - All subshaders removed
WARNING: Shader Did you use #pragma only_renderers and omit this platform?
WARNING: Shader If subshaders removal was intentional, you may have forgotten turning Fallback off?
WARNING: Shader Unsupported: 'Hidden/Simulation/URP/Synthetic' - All subshaders removed
WARNING: Shader Did you use #pragma only_renderers and omit this platform?
WARNING: Shader If subshaders removal was intentional, you may have forgotten turning Fallback off?
WARNING: Shader Unsupported: 'Simulation/Standard Lit' - All subshaders removed
WARNING: Shader Did you use #pragma only_renderers and omit this platform?
WARNING: Shader If subshaders removal was intentional, you may have forgotten turning Fallback off?
WARNING: Shader Unsupported: 'Simulation/Standard Lit' - All subshaders removed
WARNING: Shader Did you use #pragma only_renderers and omit this platform?
WARNING: Shader If subshaders removal was intentional, you may have forgotten turning Fallback off?
WARNING: Shader Unsupported: 'Hidden/Simulation/Synthetic Lit' - All subshaders removed
WARNING: Shader Did you use #pragma only_renderers and omit this platform?
WARNING: Shader If subshaders removal was intentional, you may have forgotten turning Fallback off?
WARNING: Shader Unsupported: 'Hidden/Simulation/Synthetic Lit' - All subshaders removed
WARNING: Shader Did you use #pragma only_renderers and omit this platform?
WARNING: Shader If subshaders removal was intentional, you may have forgotten turning Fallback off?
WARNING: Shader Unsupported: 'Simulation/URP/Room X-Ray' - All subshaders removed
WARNING: Shader Did you use #pragma only_renderers and omit this platform?
WARNING: Shader If subshaders removal was intentional, you may have forgotten turning Fallback off?
WARNING: Shader Unsupported: 'Simulation/URP/Room X-Ray' - All subshaders removed
WARNING: Shader Did you use #pragma only_renderers and omit this platform?
WARNING: Shader If subshaders removal was intentional, you may have forgotten turning Fallback off?
WARNING: Shader Unsupported: 'Simulation/Room X-Ray' - All subshaders removed
WARNING: Shader Did you use #pragma only_renderers and omit this platform?
WARNING: Shader If subshaders removal was intentional, you may have forgotten turning Fallback off?
WARNING: Shader Unsupported: 'Simulation/Room X-Ray' - All subshaders removed
WARNING: Shader Did you use #pragma only_renderers and omit this platform?
WARNING: Shader If subshaders removal was intentional, you may have forgotten turning Fallback off?
WARNING: Shader Unsupported: 'Simulation/URP/Lit' - All subshaders removed
WARNING: Shader Did you use #pragma only_renderers and omit this platform?
WARNING: Shader If subshaders removal was intentional, you may have forgotten turning Fallback off?
WARNING: Shader Unsupported: 'Simulation/URP/Lit' - All subshaders removed
WARNING: Shader Did you use #pragma only_renderers and omit this platform?
WARNING: Shader If subshaders removal was intentional, you may have forgotten turning Fallback off?
Refreshing native plugins compatible for Editor in 3.77 ms, found 4 plugins.
Preloading 0 native plugins for Editor in 0.00 ms.
Unloading 24 Unused Serialized files (Serialized files now loaded: 0)
Unloading 7029 unused Assets / (7.4 MB). Loaded Objects now: 7950.
Memory consumption went from 166.2 MB to 158.8 MB.
Total: 22.075800 ms (FindLiveObjects: 1.090100 ms CreateObjectMapping: 1.473600 ms MarkObjects: 10.297200 ms  DeleteObjects: 9.213200 ms)

Prepare: number of updated asset objects reloaded= 0
========================================================================
Received Prepare
WARNING: Shader Unsupported: 'Hidden/Simulation/URP/Synthetic' - All subshaders removed
WARNING: Shader Did you use #pragma only_renderers and omit this platform?
WARNING: Shader If subshaders removal was intentional, you may have forgotten turning Fallback off?
WARNING: Shader Unsupported: 'Hidden/Simulation/URP/Synthetic' - All subshaders removed
WARNING: Shader Did you use #pragma only_renderers and omit this platform?
WARNING: Shader If subshaders removal was intentional, you may have forgotten turning Fallback off?
WARNING: Shader Unsupported: 'Simulation/Standard Lit' - All subshaders removed
WARNING: Shader Did you use #pragma only_renderers and omit this platform?
WARNING: Shader If subshaders removal was intentional, you may have forgotten turning Fallback off?
WARNING: Shader Unsupported: 'Simulation/Standard Lit' - All subshaders removed
WARNING: Shader Did you use #pragma only_renderers and omit this platform?
WARNING: Shader If subshaders removal was intentional, you may have forgotten turning Fallback off?
WARNING: Shader Unsupported: 'Hidden/Simulation/Synthetic Lit' - All subshaders removed
WARNING: Shader Did you use #pragma only_renderers and omit this platform?
WARNING: Shader If subshaders removal was intentional, you may have forgotten turning Fallback off?
WARNING: Shader Unsupported: 'Hidden/Simulation/Synthetic Lit' - All subshaders removed
WARNING: Shader Did you use #pragma only_renderers and omit this platform?
WARNING: Shader If subshaders removal was intentional, you may have forgotten turning Fallback off?
WARNING: Shader Unsupported: 'Simulation/URP/Room X-Ray' - All subshaders removed
WARNING: Shader Did you use #pragma only_renderers and omit this platform?
WARNING: Shader If subshaders removal was intentional, you may have forgotten turning Fallback off?
WARNING: Shader Unsupported: 'Simulation/URP/Room X-Ray' - All subshaders removed
WARNING: Shader Did you use #pragma only_renderers and omit this platform?
WARNING: Shader If subshaders removal was intentional, you may have forgotten turning Fallback off?
WARNING: Shader Unsupported: 'Simulation/Room X-Ray' - All subshaders removed
WARNING: Shader Did you use #pragma only_renderers and omit this platform?
WARNING: Shader If subshaders removal was intentional, you may have forgotten turning Fallback off?
WARNING: Shader Unsupported: 'Simulation/Room X-Ray' - All subshaders removed
WARNING: Shader Did you use #pragma only_renderers and omit this platform?
WARNING: Shader If subshaders removal was intentional, you may have forgotten turning Fallback off?
WARNING: Shader Unsupported: 'Simulation/URP/Lit' - All subshaders removed
WARNING: Shader Did you use #pragma only_renderers and omit this platform?
WARNING: Shader If subshaders removal was intentional, you may have forgotten turning Fallback off?
WARNING: Shader Unsupported: 'Simulation/URP/Lit' - All subshaders removed
WARNING: Shader Did you use #pragma only_renderers and omit this platform?
WARNING: Shader If subshaders removal was intentional, you may have forgotten turning Fallback off?
Refreshing native plugins compatible for Editor in 3.39 ms, found 4 plugins.
Preloading 0 native plugins for Editor in 0.00 ms.
Unloading 24 Unused Serialized files (Serialized files now loaded: 0)
Unloading 24 unused Assets / (3.8 MB). Loaded Objects now: 7950.
Memory consumption went from 161.4 MB to 157.6 MB.
Total: 12.369600 ms (FindLiveObjects: 0.588500 ms CreateObjectMapping: 0.406800 ms MarkObjects: 8.423000 ms  DeleteObjects: 2.950100 ms)

Prepare: number of updated asset objects reloaded= 0
========================================================================
Received Prepare
[Licensing::Client] Successfully resolved entitlement details
Begin MonoManager ReloadAssembly
[Licensing::Client] Successfully resolved entitlement details
- Loaded All Assemblies, in  1.108 seconds
Refreshing native plugins compatible for Editor in 3.16 ms, found 4 plugins.
Native extension for iOS target not found
Native extension for Android target not found
Native extension for WindowsStandalone target not found
Native extension for WebGL target not found
[Package Manager] Failed to launch server process. Reason: Unity was launched with the -noUpm command-line argument
[Package Manager] Unable to send message (not connected to server process).
[Package Manager] Cannot connect to Unity Package Manager local server
ScheduleIndexationOnStartup MainProcess:False IndexOnStartup:True
Mono: successfully reloaded assembly
[Package Manager] Failed to launch server process. Reason: Unity was launched with the -noUpm command-line argument
[Package Manager] Unable to send message (not connected to server process).
[Package Manager] Cannot connect to Unity Package Manager local server
- Finished resetting the current domain, in  1.007 seconds
Domain Reload Profiling: 2089ms
	BeginReloadAssembly (284ms)
		ExecutionOrderSort (0ms)
		DisableScriptedObjects (6ms)
		BackupInstance (0ms)
		ReleaseScriptingObjects (0ms)
		CreateAndSetChildDomain (95ms)
	RebuildCommonClasses (54ms)
	RebuildNativeTypeToScriptingClass (17ms)
	initialDomainReloadingComplete (41ms)
	LoadAllAssembliesAndSetupDomain (687ms)
		LoadAssemblies (499ms)
		RebuildTransferFunctionScriptingTraits (0ms)
		AnalyzeDomain (292ms)
			TypeCache.Refresh (9ms)
				TypeCache.ScanAssembly (0ms)
			BuildScriptInfoCaches (263ms)
			ResolveRequiredComponents (14ms)
	FinalizeReload (1008ms)
		ReleaseScriptCaches (0ms)
		RebuildScriptCaches (0ms)
		SetupLoadedEditorAssemblies (739ms)
			LogAssemblyErrors (0ms)
			InitializePlatformSupportModulesInManaged (14ms)
			SetLoadedEditorAssemblies (6ms)
			BeforeProcessingInitializeOnLoad (199ms)
			ProcessInitializeOnLoadAttributes (405ms)
			ProcessInitializeOnLoadMethodAttributes (105ms)
			AfterProcessingInitializeOnLoad (9ms)
			EditorAssembliesLoaded (0ms)
		ExecutionOrderSort2 (0ms)
		AwakeInstancesAfterBackupRestoration (20ms)
WARNING: Shader Unsupported: 'Hidden/Simulation/URP/Synthetic' - All subshaders removed
WARNING: Shader Did you use #pragma only_renderers and omit this platform?
WARNING: Shader If subshaders removal was intentional, you may have forgotten turning Fallback off?
WARNING: Shader Unsupported: 'Hidden/Simulation/URP/Synthetic' - All subshaders removed
WARNING: Shader Did you use #pragma only_renderers and omit this platform?
WARNING: Shader If subshaders removal was intentional, you may have forgotten turning Fallback off?
WARNING: Shader Unsupported: 'Simulation/Standard Lit' - All subshaders removed
WARNING: Shader Did you use #pragma only_renderers and omit this platform?
WARNING: Shader If subshaders removal was intentional, you may have forgotten turning Fallback off?
WARNING: Shader Unsupported: 'Simulation/Standard Lit' - All subshaders removed
WARNING: Shader Did you use #pragma only_renderers and omit this platform?
WARNING: Shader If subshaders removal was intentional, you may have forgotten turning Fallback off?
WARNING: Shader Unsupported: 'Hidden/Simulation/Synthetic Lit' - All subshaders removed
WARNING: Shader Did you use #pragma only_renderers and omit this platform?
WARNING: Shader If subshaders removal was intentional, you may have forgotten turning Fallback off?
WARNING: Shader Unsupported: 'Hidden/Simulation/Synthetic Lit' - All subshaders removed
WARNING: Shader Did you use #pragma only_renderers and omit this platform?
WARNING: Shader If subshaders removal was intentional, you may have forgotten turning Fallback off?
WARNING: Shader Unsupported: 'Simulation/URP/Room X-Ray' - All subshaders removed
WARNING: Shader Did you use #pragma only_renderers and omit this platform?
WARNING: Shader If subshaders removal was intentional, you may have forgotten turning Fallback off?
WARNING: Shader Unsupported: 'Simulation/URP/Room X-Ray' - All subshaders removed
WARNING: Shader Did you use #pragma only_renderers and omit this platform?
WARNING: Shader If subshaders removal was intentional, you may have forgotten turning Fallback off?
WARNING: Shader Unsupported: 'Simulation/Room X-Ray' - All subshaders removed
WARNING: Shader Did you use #pragma only_renderers and omit this platform?
WARNING: Shader If subshaders removal was intentional, you may have forgotten turning Fallback off?
WARNING: Shader Unsupported: 'Simulation/Room X-Ray' - All subshaders removed
WARNING: Shader Did you use #pragma only_renderers and omit this platform?
WARNING: Shader If subshaders removal was intentional, you may have forgotten turning Fallback off?
WARNING: Shader Unsupported: 'Simulation/URP/Lit' - All subshaders removed
WARNING: Shader Did you use #pragma only_renderers and omit this platform?
WARNING: Shader If subshaders removal was intentional, you may have forgotten turning Fallback off?
WARNING: Shader Unsupported: 'Simulation/URP/Lit' - All subshaders removed
WARNING: Shader Did you use #pragma only_renderers and omit this platform?
WARNING: Shader If subshaders removal was intentional, you may have forgotten turning Fallback off?
Refreshing native plugins compatible for Editor in 3.08 ms, found 4 plugins.
Preloading 0 native plugins for Editor in 0.00 ms.
Unloading 24 Unused Serialized files (Serialized files now loaded: 0)
Unloading 7029 unused Assets / (7.2 MB). Loaded Objects now: 7953.
Memory consumption went from 170.8 MB to 163.6 MB.
Total: 19.211500 ms (FindLiveObjects: 1.045400 ms CreateObjectMapping: 1.447500 ms MarkObjects: 9.240200 ms  DeleteObjects: 7.476900 ms)

Prepare: number of updated asset objects reloaded= 0
========================================================================
Received Import Request.
  Time since last request: 1098.633826 seconds.
  path: Assets/Scenes
  artifactKey: Guid(763eb24fba8b5834e801bd1c3a402cf1) Importer(815301076,1909f56bfc062723c751e8b465ee728b)
Start importing Assets/Scenes using Guid(763eb24fba8b5834e801bd1c3a402cf1) Importer(815301076,1909f56bfc062723c751e8b465ee728b) (PreviewImporter) -> (artifact id: '8547968cf14e6fd5712ddaca2a6c42f3') in 0.0101149 seconds
Number of updated asset objects reloaded before import = 0Number of asset objects unloaded after import = 0

========================================================================
Received Import Request.
  Time since last request: 4.634092 seconds.
  path: Assets/Scripts/PlacedController.cs
  artifactKey: Guid(c86cb95004fb3e2429fd47ae878e7239) Importer(2089858483,b0f066a214c2f5e87bad3c948f4d605d)
Start importing Assets/Scripts/PlacedController.cs using Guid(c86cb95004fb3e2429fd47ae878e7239) Importer(2089858483,b0f066a214c2f5e87bad3c948f4d605d) (ScriptedImporter) -> (artifact id: '109de081ef62c587b131b7876b7c9e1f') in 0.0897223 seconds
Number of updated asset objects reloaded before import = 0Number of asset objects unloaded after import = 0

========================================================================
Received Import Request.
  Time since last request: 0.000023 seconds.
  path: Assets/UnityXRContent/ARFoundation/SimulationEnvironments/Kitchen/Models/CabinetUpper_36Wx12Dx36H_Corner_KN001a.fbx
  artifactKey: Guid(4f5e4891c09a5bb4db8c47b0345be007) Importer(2089858483,b0f066a214c2f5e87bad3c948f4d605d)
Start importing Assets/UnityXRContent/ARFoundation/SimulationEnvironments/Kitchen/Models/CabinetUpper_36Wx12Dx36H_Corner_KN001a.fbx using Guid(4f5e4891c09a5bb4db8c47b0345be007) Importer(2089858483,b0f066a214c2f5e87bad3c948f4d605d) (ScriptedImporter) -> (artifact id: '97e352ce69dd05999dfd0aecd95a44b5') in 0.0729615 seconds
Number of updated asset objects reloaded before import = 0Number of asset objects unloaded after import = 46

========================================================================
Received Import Request.
  Time since last request: 0.000046 seconds.
  path: Assets/UnityXRContent/ARFoundation/SimulationEnvironments/Kitchen/Prefab/CabinetLower_Backsplash_30Wx24Dx36H_KN001a.prefab
  artifactKey: Guid(ac046c79e98ab21488d154464717ffb2) Importer(2089858483,b0f066a214c2f5e87bad3c948f4d605d)
Start importing Assets/UnityXRContent/ARFoundation/SimulationEnvironments/Kitchen/Prefab/CabinetLower_Backsplash_30Wx24Dx36H_KN001a.prefab using Guid(ac046c79e98ab21488d154464717ffb2) Importer(2089858483,b0f066a214c2f5e87bad3c948f4d605d) (ScriptedImporter) -> (artifact id: 'fd81bf7dd7a1d62aaf083d7c75494deb') in 0.0312083 seconds
Number of updated asset objects reloaded before import = 0Number of asset objects unloaded after import = 96

========================================================================
Received Import Request.
  Time since last request: 0.000023 seconds.
  path: Assets/UnityXRContent/ARFoundation/SimulationEnvironments/Bedroom/Models/LaundryBasket_Tall_BR001.fbx
  artifactKey: Guid(0bc318dad3cf72145b34e2ef96b0f4a7) Importer(2089858483,b0f066a214c2f5e87bad3c948f4d605d)
Start importing Assets/UnityXRContent/ARFoundation/SimulationEnvironments/Bedroom/Models/LaundryBasket_Tall_BR001.fbx using Guid(0bc318dad3cf72145b34e2ef96b0f4a7) Importer(2089858483,b0f066a214c2f5e87bad3c948f4d605d) (ScriptedImporter) -> (artifact id: '6af1e628be5b1ca8d24dbdd280b7ab66') in 0.0124236 seconds
Number of updated asset objects reloaded before import = 0Number of asset objects unloaded after import = 7

========================================================================
Received Import Request.
  Time since last request: 0.000026 seconds.
  path: Assets/UnityXRContent/ARFoundation/SimulationEnvironments/Kitchen/Models/CabinetLower_Backsplash_30Wx24Dx36H_KN002a.fbx
  artifactKey: Guid(2012b71c22f1262429a544038f981eb2) Importer(2089858483,b0f066a214c2f5e87bad3c948f4d605d)
Start importing Assets/UnityXRContent/ARFoundation/SimulationEnvironments/Kitchen/Models/CabinetLower_Backsplash_30Wx24Dx36H_KN002a.fbx using Guid(2012b71c22f1262429a544038f981eb2) Importer(2089858483,b0f066a214c2f5e87bad3c948f4d605d) (ScriptedImporter) -> (artifact id: '349378b0b196b6200967506732184efc') in 0.0192914 seconds
Number of updated asset objects reloaded before import = 0Number of asset objects unloaded after import = 51

========================================================================
Received Import Request.
  Time since last request: 0.000027 seconds.
  path: Assets/UnityXRContent/Common/ReferenceShapes/Models/Capsule.fbx
  artifactKey: Guid(15f8449dc90367b4486cf25faf32b7c0) Importer(2089858483,b0f066a214c2f5e87bad3c948f4d605d)
Start importing Assets/UnityXRContent/Common/ReferenceShapes/Models/Capsule.fbx using Guid(15f8449dc90367b4486cf25faf32b7c0) Importer(2089858483,b0f066a214c2f5e87bad3c948f4d605d) (ScriptedImporter) -> (artifact id: '99c0fd90f0b2621feeba705d121961ea') in 0.0132959 seconds
Number of updated asset objects reloaded before import = 0Number of asset objects unloaded after import = 7

========================================================================
Received Import Request.
  Time since last request: 0.000032 seconds.
  path: Assets/UnityXRContent/ARFoundation/SimulationEnvironments/Office/Prefab/FileCabinet_42in_OF001.prefab
  artifactKey: Guid(6293637670a6b0a4eaa9e311330916af) Importer(2089858483,b0f066a214c2f5e87bad3c948f4d605d)
Start importing Assets/UnityXRContent/ARFoundation/SimulationEnvironments/Office/Prefab/FileCabinet_42in_OF001.prefab using Guid(6293637670a6b0a4eaa9e311330916af) Importer(2089858483,b0f066a214c2f5e87bad3c948f4d605d) (ScriptedImporter) -> (artifact id: '2304463840e630d78b47aebebbf016a7') in 0.0119506 seconds
Number of updated asset objects reloaded before import = 0Number of asset objects unloaded after import = 16

========================================================================
Received Import Request.
  Time since last request: 0.000021 seconds.
  path: Assets/UnityXRContent/ARFoundation/SimulationEnvironments/Museum/Prefab/SpaceShuttle_MM001.prefab
  artifactKey: Guid(0ad5bcc27cd4c8c479d7f0d25798bb48) Importer(2089858483,b0f066a214c2f5e87bad3c948f4d605d)
Start importing Assets/UnityXRContent/ARFoundation/SimulationEnvironments/Museum/Prefab/SpaceShuttle_MM001.prefab using Guid(0ad5bcc27cd4c8c479d7f0d25798bb48) Importer(2089858483,b0f066a214c2f5e87bad3c948f4d605d) (ScriptedImporter) -> (artifact id: '13857f634f07681cfbc00b62585bc4c2') in 0.0124562 seconds
Number of updated asset objects reloaded before import = 0Number of asset objects unloaded after import = 16

========================================================================
Received Import Request.
  Time since last request: 0.000022 seconds.
  path: Assets/UnityXRContent/ARFoundation/SimulationEnvironments/Factory/Prefab/ShelvingRack_FY001.prefab
  artifactKey: Guid(1ff82aa9c5e4bcc4e998b2e0b0fd19b4) Importer(2089858483,b0f066a214c2f5e87bad3c948f4d605d)
Start importing Assets/UnityXRContent/ARFoundation/SimulationEnvironments/Factory/Prefab/ShelvingRack_FY001.prefab using Guid(1ff82aa9c5e4bcc4e998b2e0b0fd19b4) Importer(2089858483,b0f066a214c2f5e87bad3c948f4d605d) (ScriptedImporter) -> (artifact id: '39df9cc3e7c45c27644d325fa154a827') in 0.013133 seconds
Number of updated asset objects reloaded before import = 0Number of asset objects unloaded after import = 15

========================================================================
Received Import Request.
  Time since last request: 0.000032 seconds.
  path: Assets/UnityXRContent/ARFoundation/SimulationEnvironments/Backyard/Prefab/Umbrella_7ft_BY001.prefab
  artifactKey: Guid(eb55dd4685ab0c24c8bd7c6d7186c368) Importer(2089858483,b0f066a214c2f5e87bad3c948f4d605d)
Start importing Assets/UnityXRContent/ARFoundation/SimulationEnvironments/Backyard/Prefab/Umbrella_7ft_BY001.prefab using Guid(eb55dd4685ab0c24c8bd7c6d7186c368) Importer(2089858483,b0f066a214c2f5e87bad3c948f4d605d) (ScriptedImporter) -> (artifact id: '55cb339db055eacbb22246c5eb18475e') in 0.0081867 seconds
Number of updated asset objects reloaded before import = 0Number of asset objects unloaded after import = 26

========================================================================
Received Import Request.
  Time since last request: 0.000033 seconds.
  path: Assets/UnityXRContent/ARFoundation/SimulationEnvironments/LivingRoom/Models/Couch_88in_LR002.fbx
  artifactKey: Guid(713a6da0be79ff642921c3e5391785e9) Importer(2089858483,b0f066a214c2f5e87bad3c948f4d605d)
Start importing Assets/UnityXRContent/ARFoundation/SimulationEnvironments/LivingRoom/Models/Couch_88in_LR002.fbx using Guid(713a6da0be79ff642921c3e5391785e9) Importer(2089858483,b0f066a214c2f5e87bad3c948f4d605d) (ScriptedImporter) -> (artifact id: '9051fe263d47166458656f76665d0240') in 0.0106475 seconds
Number of updated asset objects reloaded before import = 0Number of asset objects unloaded after import = 29

========================================================================
Received Import Request.
  Time since last request: 0.000019 seconds.
  path: Assets/UnityXRContent/ARFoundation/SimulationEnvironments/Kitchen/Prefab/CabinetLower_Backsplash_36Wx24Dx36H_Corner_KN002a.prefab
  artifactKey: Guid(0a82608392bdc6f4196a39f8431f8c1d) Importer(2089858483,b0f066a214c2f5e87bad3c948f4d605d)
Start importing Assets/UnityXRContent/ARFoundation/SimulationEnvironments/Kitchen/Prefab/CabinetLower_Backsplash_36Wx24Dx36H_Corner_KN002a.prefab using Guid(0a82608392bdc6f4196a39f8431f8c1d) Importer(2089858483,b0f066a214c2f5e87bad3c948f4d605d) (ScriptedImporter) -> (artifact id: '826fc22914eb378e04efd90aa0e1b495') in 0.0121071 seconds
Number of updated asset objects reloaded before import = 0Number of asset objects unloaded after import = 42

========================================================================
Received Import Request.
  Time since last request: 0.000026 seconds.
  path: Assets/UnityXRContent/ARFoundation/SimulationEnvironments/LivingRoom/Prefab/Sectional_Customizable_LR001.prefab
  artifactKey: Guid(f83bf6b5ed2eb6047b335465247f3d67) Importer(2089858483,b0f066a214c2f5e87bad3c948f4d605d)
Start importing Assets/UnityXRContent/ARFoundation/SimulationEnvironments/LivingRoom/Prefab/Sectional_Customizable_LR001.prefab using Guid(f83bf6b5ed2eb6047b335465247f3d67) Importer(2089858483,b0f066a214c2f5e87bad3c948f4d605d) (ScriptedImporter) -> (artifact id: '72f0e4f4fd765681953182ea7ada07aa') in 0.0089338 seconds
Number of updated asset objects reloaded before import = 0Number of asset objects unloaded after import = 46

========================================================================
Received Import Request.
  Time since last request: 0.000020 seconds.
  path: Assets/UnityXRContent/ARFoundation/SimulationEnvironments/LivingRoom/Prefab/Bookcase_30in_LR001.prefab
  artifactKey: Guid(70481dc40ed8cf14fa174521bba29191) Importer(2089858483,b0f066a214c2f5e87bad3c948f4d605d)
Start importing Assets/UnityXRContent/ARFoundation/SimulationEnvironments/LivingRoom/Prefab/Bookcase_30in_LR001.prefab using Guid(70481dc40ed8cf14fa174521bba29191) Importer(2089858483,b0f066a214c2f5e87bad3c948f4d605d) (ScriptedImporter) -> (artifact id: 'ee5c1c979ef5bcc330edad378a6d764d') in 0.0153572 seconds
Number of updated asset objects reloaded before import = 0Number of asset objects unloaded after import = 16

========================================================================
Received Import Request.
  Time since last request: 0.000045 seconds.
  path: Assets/UnityXRContent/ARFoundation/SimulationEnvironments/DiningRoom/Prefab/Table_95in_DR001.prefab
  artifactKey: Guid(2ae9de771b149ef42822c5fd454a30f2) Importer(2089858483,b0f066a214c2f5e87bad3c948f4d605d)
Start importing Assets/UnityXRContent/ARFoundation/SimulationEnvironments/DiningRoom/Prefab/Table_95in_DR001.prefab using Guid(2ae9de771b149ef42822c5fd454a30f2) Importer(2089858483,b0f066a214c2f5e87bad3c948f4d605d) (ScriptedImporter) -> (artifact id: '533e6808affe0343df1e47b660d1f636') in 0.0140642 seconds
Number of updated asset objects reloaded before import = 0Number of asset objects unloaded after import = 17

========================================================================
Received Import Request.
  Time since last request: 0.000041 seconds.
  path: Assets/UnityXRContent/ARFoundation/SimulationEnvironments/Factory/Models/ScissorLift_FY001.fbx
  artifactKey: Guid(9f0ed2bb1f5cb744fa6c562adaa893de) Importer(2089858483,b0f066a214c2f5e87bad3c948f4d605d)
Start importing Assets/UnityXRContent/ARFoundation/SimulationEnvironments/Factory/Models/ScissorLift_FY001.fbx using Guid(9f0ed2bb1f5cb744fa6c562adaa893de) Importer(2089858483,b0f066a214c2f5e87bad3c948f4d605d) (ScriptedImporter) -> (artifact id: '15ae307e886d6cb684a5d39bdbc64b47') in 0.0146425 seconds
Number of updated asset objects reloaded before import = 0Number of asset objects unloaded after import = 7

========================================================================
Received Import Request.
  Time since last request: 0.000019 seconds.
  path: Assets/UnityXRContent/ARFoundation/SimulationEnvironments/Bedroom
  artifactKey: Guid(dc87d3d6affa30645ab8a3e9f1a0c2d4) Importer(2089858483,b0f066a214c2f5e87bad3c948f4d605d)
Start importing Assets/UnityXRContent/ARFoundation/SimulationEnvironments/Bedroom using Guid(dc87d3d6affa30645ab8a3e9f1a0c2d4) Importer(2089858483,b0f066a214c2f5e87bad3c948f4d605d) (ScriptedImporter) -> (artifact id: 'ff2c65465abaf838e98cb2e530585d90') in 0.0061636 seconds
Number of updated asset objects reloaded before import = 0Number of asset objects unloaded after import = 1

========================================================================
Received Import Request.
  Time since last request: 0.000017 seconds.
  path: Assets/UnityXRContent/ARFoundation/SimulationEnvironments/LivingRoom/Prefab/CandleHolder_10in_LR001.prefab
  artifactKey: Guid(d01a2e7e519639149b4ec5e79f06aa70) Importer(2089858483,b0f066a214c2f5e87bad3c948f4d605d)
Start importing Assets/UnityXRContent/ARFoundation/SimulationEnvironments/LivingRoom/Prefab/CandleHolder_10in_LR001.prefab using Guid(d01a2e7e519639149b4ec5e79f06aa70) Importer(2089858483,b0f066a214c2f5e87bad3c948f4d605d) (ScriptedImporter) -> (artifact id: '795cb6e83fcfabacae22090aeccae422') in 0.013253 seconds
Number of updated asset objects reloaded before import = 0Number of asset objects unloaded after import = 15

========================================================================
Received Import Request.
  Time since last request: 0.000029 seconds.
  path: Assets/UnityXRContent/ARFoundation/SimulationEnvironments/Factory/Models/Camera_Stand_7ft_FY001.fbx
  artifactKey: Guid(043c76a610a7ec94395b0099b97e57c5) Importer(2089858483,b0f066a214c2f5e87bad3c948f4d605d)
Start importing Assets/UnityXRContent/ARFoundation/SimulationEnvironments/Factory/Models/Camera_Stand_7ft_FY001.fbx using Guid(043c76a610a7ec94395b0099b97e57c5) Importer(2089858483,b0f066a214c2f5e87bad3c948f4d605d) (ScriptedImporter) -> (artifact id: '7abfa50c2ee9aa35555ecba75ef020d0') in 0.0135425 seconds
Number of updated asset objects reloaded before import = 0Number of asset objects unloaded after import = 17

========================================================================
Received Import Request.
  Time since last request: 0.000032 seconds.
  path: Assets/UnityXRContent/ARFoundation/SimulationEnvironments/Museum/Models/DisplayStand_60in_MM001.fbx
  artifactKey: Guid(1e3a7629d06a51142a67b49578a62228) Importer(2089858483,b0f066a214c2f5e87bad3c948f4d605d)
Start importing Assets/UnityXRContent/ARFoundation/SimulationEnvironments/Museum/Models/DisplayStand_60in_MM001.fbx using Guid(1e3a7629d06a51142a67b49578a62228) Importer(2089858483,b0f066a214c2f5e87bad3c948f4d605d) (ScriptedImporter) -> (artifact id: 'd0edaf30286647a4285f13d7ebfc26e0') in 0.0147558 seconds
Number of updated asset objects reloaded before import = 0Number of asset objects unloaded after import = 7

========================================================================
Received Import Request.
  Time since last request: 0.000035 seconds.
  path: Assets/UnityXRContent/ARFoundation/SimulationEnvironments/Backyard/Prefab/Flagstone_3in_BY002.prefab
  artifactKey: Guid(562112cd9f3a7a5439e0fd156974e475) Importer(2089858483,b0f066a214c2f5e87bad3c948f4d605d)
Start importing Assets/UnityXRContent/ARFoundation/SimulationEnvironments/Backyard/Prefab/Flagstone_3in_BY002.prefab using Guid(562112cd9f3a7a5439e0fd156974e475) Importer(2089858483,b0f066a214c2f5e87bad3c948f4d605d) (ScriptedImporter) -> (artifact id: 'a014c624a20b6ee1630bd64df72abf2d') in 0.012219 seconds
Number of updated asset objects reloaded before import = 0Number of asset objects unloaded after import = 15

========================================================================
Received Import Request.
  Time since last request: 0.000021 seconds.
  path: Assets/UnityXRContent/ARFoundation/SimulationEnvironments/LivingRoom/Prefab/TV_32in_LR001.prefab
  artifactKey: Guid(7f7e716fa3210de4bb8ff01e15ab497a) Importer(2089858483,b0f066a214c2f5e87bad3c948f4d605d)
Start importing Assets/UnityXRContent/ARFoundation/SimulationEnvironments/LivingRoom/Prefab/TV_32in_LR001.prefab using Guid(7f7e716fa3210de4bb8ff01e15ab497a) Importer(2089858483,b0f066a214c2f5e87bad3c948f4d605d) (ScriptedImporter) -> (artifact id: '98a36695cfc52d79c20414854e87d00b') in 0.0152629 seconds
Number of updated asset objects reloaded before import = 0Number of asset objects unloaded after import = 16

========================================================================
Received Import Request.
  Time since last request: 0.000024 seconds.
  path: Assets/UnityXRContent/ARFoundation/SimulationEnvironments
  artifactKey: Guid(be56d237bef940a489b6e1779bffd7da) Importer(2089858483,b0f066a214c2f5e87bad3c948f4d605d)
Start importing Assets/UnityXRContent/ARFoundation/SimulationEnvironments using Guid(be56d237bef940a489b6e1779bffd7da) Importer(2089858483,b0f066a214c2f5e87bad3c948f4d605d) (ScriptedImporter) -> (artifact id: '2863041e99555cbeefae3d3262abaafe') in 0.0076502 seconds
Number of updated asset objects reloaded before import = 0Number of asset objects unloaded after import = 1

========================================================================
Received Import Request.
  Time since last request: 0.000034 seconds.
  path: Assets/UnityXRContent/ARFoundation/SimulationEnvironments/Factory/Prefab/ScissorLift_FY001.prefab
  artifactKey: Guid(a2c6e1946e7131246b43fef8bcdb7b39) Importer(2089858483,b0f066a214c2f5e87bad3c948f4d605d)
Start importing Assets/UnityXRContent/ARFoundation/SimulationEnvironments/Factory/Prefab/ScissorLift_FY001.prefab using Guid(a2c6e1946e7131246b43fef8bcdb7b39) Importer(2089858483,b0f066a214c2f5e87bad3c948f4d605d) (ScriptedImporter) -> (artifact id: '636e65b1ba3f2a1a5b98c2901587f6ec') in 0.0140579 seconds
Number of updated asset objects reloaded before import = 0Number of asset objects unloaded after import = 15

========================================================================
Received Import Request.
  Time since last request: 0.000025 seconds.
  path: Assets/UnityXRContent/ARFoundation/SimulationEnvironments/Factory/Prefab/Conveyor_6ft_FY001.prefab
  artifactKey: Guid(7ec381317333ec14eb68b29d2701293a) Importer(2089858483,b0f066a214c2f5e87bad3c948f4d605d)
Start importing Assets/UnityXRContent/ARFoundation/SimulationEnvironments/Factory/Prefab/Conveyor_6ft_FY001.prefab using Guid(7ec381317333ec14eb68b29d2701293a) Importer(2089858483,b0f066a214c2f5e87bad3c948f4d605d) (ScriptedImporter) -> (artifact id: '21e9b778e72713d7a04799a53c4df604') in 0.0154678 seconds
Number of updated asset objects reloaded before import = 0Number of asset objects unloaded after import = 16

========================================================================
Received Import Request.
  Time since last request: 0.000021 seconds.
  path: Assets/UnityXRContent/ARFoundation/SimulationEnvironments/DiningRoom/Prefab/Candle_10in_DR001.prefab
  artifactKey: Guid(222cbc4a6976a934aaa75414b901939b) Importer(2089858483,b0f066a214c2f5e87bad3c948f4d605d)
Start importing Assets/UnityXRContent/ARFoundation/SimulationEnvironments/DiningRoom/Prefab/Candle_10in_DR001.prefab using Guid(222cbc4a6976a934aaa75414b901939b) Importer(2089858483,b0f066a214c2f5e87bad3c948f4d605d) (ScriptedImporter) -> (artifact id: '9a8716e30c577ca57a9e219e043e9914') in 0.01294 seconds
Number of updated asset objects reloaded before import = 0Number of asset objects unloaded after import = 15

========================================================================
Received Import Request.
  Time since last request: 0.000024 seconds.
  path: Assets/UnityXRContent/ARFoundation/SimulationEnvironments/Common/Materials/SimEnvironment_Wall.mat
  artifactKey: Guid(8d6bd5eeb342c6e4ea7c7c5c41a389d2) Importer(2089858483,b0f066a214c2f5e87bad3c948f4d605d)
Start importing Assets/UnityXRContent/ARFoundation/SimulationEnvironments/Common/Materials/SimEnvironment_Wall.mat using Guid(8d6bd5eeb342c6e4ea7c7c5c41a389d2) Importer(2089858483,b0f066a214c2f5e87bad3c948f4d605d) (ScriptedImporter) -> (artifact id: 'd3b8fe98592b1594c4cd734c068e777e') in 0.0334895 seconds
Number of updated asset objects reloaded before import = 0Number of asset objects unloaded after import = 4

========================================================================
Received Import Request.
  Time since last request: 0.000031 seconds.
  path: Assets/UnityXRContent/ARFoundation/SimulationEnvironments/LivingRoom/Prefab/Houseplant_8.5in_LR002.prefab
  artifactKey: Guid(6d29cdb58b93c944b944f1fbabe02c1c) Importer(2089858483,b0f066a214c2f5e87bad3c948f4d605d)
Start importing Assets/UnityXRContent/ARFoundation/SimulationEnvironments/LivingRoom/Prefab/Houseplant_8.5in_LR002.prefab using Guid(6d29cdb58b93c944b944f1fbabe02c1c) Importer(2089858483,b0f066a214c2f5e87bad3c948f4d605d) (ScriptedImporter) -> (artifact id: 'b1c0fa66875e0f1d0c54c4077fac9d9d') in 0.0130713 seconds
Number of updated asset objects reloaded before import = 0Number of asset objects unloaded after import = 16

========================================================================
Received Import Request.
  Time since last request: 0.000021 seconds.
  path: Assets/UnityXRContent/ARFoundation/SimulationEnvironments/Bedroom/Models/Frame_24x36in_LR001.fbx
  artifactKey: Guid(81003a5b5c183a84d86a0e354f5e0c0c) Importer(2089858483,b0f066a214c2f5e87bad3c948f4d605d)
Start importing Assets/UnityXRContent/ARFoundation/SimulationEnvironments/Bedroom/Models/Frame_24x36in_LR001.fbx using Guid(81003a5b5c183a84d86a0e354f5e0c0c) Importer(2089858483,b0f066a214c2f5e87bad3c948f4d605d) (ScriptedImporter) -> (artifact id: 'f5ffcd9a6ac0e45cfff0da1bf3230ff9') in 0.0093697 seconds
Number of updated asset objects reloaded before import = 0Number of asset objects unloaded after import = 7

========================================================================
Received Import Request.
  Time since last request: 0.000027 seconds.
  path: Assets/UnityXRContent/ARFoundation/SimulationEnvironments/Factory/Prefab/Tripod_WorkLight_FY001.prefab
  artifactKey: Guid(5e551b859fa88ce489e4c2975672ae46) Importer(2089858483,b0f066a214c2f5e87bad3c948f4d605d)
Start importing Assets/UnityXRContent/ARFoundation/SimulationEnvironments/Factory/Prefab/Tripod_WorkLight_FY001.prefab using Guid(5e551b859fa88ce489e4c2975672ae46) Importer(2089858483,b0f066a214c2f5e87bad3c948f4d605d) (ScriptedImporter) -> (artifact id: '12dff932fa2e60a1f90d1995d4a46535') in 0.0081311 seconds
Number of updated asset objects reloaded before import = 0Number of asset objects unloaded after import = 27

========================================================================
Received Import Request.
  Time since last request: 0.000018 seconds.
  path: Assets/UnityXRContent/ARFoundation/SimulationEnvironments/Kitchen/Models/Range_Gas_30in_KN001.fbx
  artifactKey: Guid(64dfe823f581161428ca8866da6b3011) Importer(2089858483,b0f066a214c2f5e87bad3c948f4d605d)
Start importing Assets/UnityXRContent/ARFoundation/SimulationEnvironments/Kitchen/Models/Range_Gas_30in_KN001.fbx using Guid(64dfe823f581161428ca8866da6b3011) Importer(2089858483,b0f066a214c2f5e87bad3c948f4d605d) (ScriptedImporter) -> (artifact id: '353a30fde2d4c9f2e0bb27504ba50bc8') in 0.0112647 seconds
Number of updated asset objects reloaded before import = 0Number of asset objects unloaded after import = 7

========================================================================
Received Import Request.
  Time since last request: 0.000024 seconds.
  path: Assets/UnityXRContent/ARFoundation/SimulationEnvironments/Office/Prefab/Desk_53in_OF001.prefab
  artifactKey: Guid(67dbe0cc93ede09429a5da2da92c98ef) Importer(2089858483,b0f066a214c2f5e87bad3c948f4d605d)
Start importing Assets/UnityXRContent/ARFoundation/SimulationEnvironments/Office/Prefab/Desk_53in_OF001.prefab using Guid(67dbe0cc93ede09429a5da2da92c98ef) Importer(2089858483,b0f066a214c2f5e87bad3c948f4d605d) (ScriptedImporter) -> (artifact id: '1cec217885c027f9dec0b1d09bd21986') in 0.0071996 seconds
Number of updated asset objects reloaded before import = 0Number of asset objects unloaded after import = 28

========================================================================
Received Import Request.
  Time since last request: 0.000033 seconds.
  path: Assets/UnityXRContent/ARFoundation/SimulationEnvironments/Kitchen/Models/TeaKettle_10inch_KN001.fbx
  artifactKey: Guid(6a316eb2d185d114fb3184929c313b2a) Importer(2089858483,b0f066a214c2f5e87bad3c948f4d605d)
Start importing Assets/UnityXRContent/ARFoundation/SimulationEnvironments/Kitchen/Models/TeaKettle_10inch_KN001.fbx using Guid(6a316eb2d185d114fb3184929c313b2a) Importer(2089858483,b0f066a214c2f5e87bad3c948f4d605d) (ScriptedImporter) -> (artifact id: '0aa7a6a1ef0b78fbbe5682f845abc947') in 0.0158335 seconds
Number of updated asset objects reloaded before import = 0Number of asset objects unloaded after import = 7

========================================================================
Received Import Request.
  Time since last request: 0.000020 seconds.
  path: Assets/UnityXRContent/ARFoundation/SimulationEnvironments/Common/Materials/SimEnvironment_Ceiling.mat
  artifactKey: Guid(573a0a7e5af853f41bf9108be62f1d5b) Importer(2089858483,b0f066a214c2f5e87bad3c948f4d605d)
Start importing Assets/UnityXRContent/ARFoundation/SimulationEnvironments/Common/Materials/SimEnvironment_Ceiling.mat using Guid(573a0a7e5af853f41bf9108be62f1d5b) Importer(2089858483,b0f066a214c2f5e87bad3c948f4d605d) (ScriptedImporter) -> (artifact id: 'bb491191f4a7240a61fefe3355c23c7c') in 0.0106391 seconds
Number of updated asset objects reloaded before import = 0Number of asset objects unloaded after import = 4

========================================================================
Received Import Request.
  Time since last request: 0.000021 seconds.
  path: Assets/UnityXRContent/ARFoundation/SimulationEnvironments/LivingRoom/Prefab/Apple_3in_LR001.prefab
  artifactKey: Guid(a0b1942a59c66484a879e5b654b5e2ba) Importer(2089858483,b0f066a214c2f5e87bad3c948f4d605d)
Start importing Assets/UnityXRContent/ARFoundation/SimulationEnvironments/LivingRoom/Prefab/Apple_3in_LR001.prefab using Guid(a0b1942a59c66484a879e5b654b5e2ba) Importer(2089858483,b0f066a214c2f5e87bad3c948f4d605d) (ScriptedImporter) -> (artifact id: '3a3115e3c0d8e011a29112bedfb62b76') in 0.0143858 seconds
Number of updated asset objects reloaded before import = 0Number of asset objects unloaded after import = 15

========================================================================
Received Import Request.
  Time since last request: 0.000022 seconds.
  path: Assets/UnityXRContent/ARFoundation/SimulationEnvironments/LivingRoom/Prefab/Houseplant_8.5in_LR001.prefab
  artifactKey: Guid(9ddabc42ba7ffa646898599b692ef8e4) Importer(2089858483,b0f066a214c2f5e87bad3c948f4d605d)
Start importing Assets/UnityXRContent/ARFoundation/SimulationEnvironments/LivingRoom/Prefab/Houseplant_8.5in_LR001.prefab using Guid(9ddabc42ba7ffa646898599b692ef8e4) Importer(2089858483,b0f066a214c2f5e87bad3c948f4d605d) (ScriptedImporter) -> (artifact id: '54fa3e828ac9995f77126cff446e25bc') in 0.0145635 seconds
Number of updated asset objects reloaded before import = 0Number of asset objects unloaded after import = 16

========================================================================
Received Import Request.
  Time since last request: 0.000033 seconds.
  path: Assets/UnityXRContent/ARFoundation/SimulationEnvironments/Bedroom/Models/Bed_Twin_BR005.fbx
  artifactKey: Guid(0b3bc0d30158c784ebe299925121cc07) Importer(2089858483,b0f066a214c2f5e87bad3c948f4d605d)
Start importing Assets/UnityXRContent/ARFoundation/SimulationEnvironments/Bedroom/Models/Bed_Twin_BR005.fbx using Guid(0b3bc0d30158c784ebe299925121cc07) Importer(2089858483,b0f066a214c2f5e87bad3c948f4d605d) (ScriptedImporter) -> (artifact id: 'a50320738f3803ea156781e703de7b5b') in 0.0169626 seconds
Number of updated asset objects reloaded before import = 0Number of asset objects unloaded after import = 14

========================================================================
Received Import Request.
  Time since last request: 0.000035 seconds.
  path: Assets/UnityXRContent/ARFoundation/SimulationEnvironments/LivingRoom/Models/Cabinet_30in_LR001.fbx
  artifactKey: Guid(2cd05d8c8edac364c9cccb6cd451b19b) Importer(2089858483,b0f066a214c2f5e87bad3c948f4d605d)
Start importing Assets/UnityXRContent/ARFoundation/SimulationEnvironments/LivingRoom/Models/Cabinet_30in_LR001.fbx using Guid(2cd05d8c8edac364c9cccb6cd451b19b) Importer(2089858483,b0f066a214c2f5e87bad3c948f4d605d) (ScriptedImporter) -> (artifact id: 'bd207eebc74781852ef441277b034d58') in 0.0165283 seconds
Number of updated asset objects reloaded before import = 0Number of asset objects unloaded after import = 7

========================================================================
Received Import Request.
  Time since last request: 0.000021 seconds.
  path: Assets/UnityXRContent/ARFoundation/SimulationEnvironments/Bedroom/Models/Bed_King_BR005.fbx
  artifactKey: Guid(9e189393b06f22746b7c5ffae1838928) Importer(2089858483,b0f066a214c2f5e87bad3c948f4d605d)
Start importing Assets/UnityXRContent/ARFoundation/SimulationEnvironments/Bedroom/Models/Bed_King_BR005.fbx using Guid(9e189393b06f22746b7c5ffae1838928) Importer(2089858483,b0f066a214c2f5e87bad3c948f4d605d) (ScriptedImporter) -> (artifact id: '88b9d2505df421c6221fe666666df265') in 0.0120683 seconds
Number of updated asset objects reloaded before import = 0Number of asset objects unloaded after import = 19

========================================================================
Received Import Request.
  Time since last request: 0.000027 seconds.
  path: Assets/UnityXRContent/ARFoundation/SimulationEnvironments/Backyard/Prefab/CoffeeTable_48in_BY001.prefab
  artifactKey: Guid(d2c6786586132b7468eda433bf3c5d64) Importer(2089858483,b0f066a214c2f5e87bad3c948f4d605d)
Start importing Assets/UnityXRContent/ARFoundation/SimulationEnvironments/Backyard/Prefab/CoffeeTable_48in_BY001.prefab using Guid(d2c6786586132b7468eda433bf3c5d64) Importer(2089858483,b0f066a214c2f5e87bad3c948f4d605d) (ScriptedImporter) -> (artifact id: '79465e1e1cb576a2a9160db3f686a265') in 0.0122945 seconds
Number of updated asset objects reloaded before import = 0Number of asset objects unloaded after import = 17

========================================================================
Received Import Request.
  Time since last request: 0.000033 seconds.
  path: Assets/UnityXRContent/ARFoundation/SimulationEnvironments/Factory/Prefab/Portable_Fan_FY001.prefab
  artifactKey: Guid(317cacac472177447a8fd9e9d43c5dae) Importer(2089858483,b0f066a214c2f5e87bad3c948f4d605d)
Start importing Assets/UnityXRContent/ARFoundation/SimulationEnvironments/Factory/Prefab/Portable_Fan_FY001.prefab using Guid(317cacac472177447a8fd9e9d43c5dae) Importer(2089858483,b0f066a214c2f5e87bad3c948f4d605d) (ScriptedImporter) -> (artifact id: '431bb0c1a0e1b80f27f76374267fe247') in 0.0121635 seconds
Number of updated asset objects reloaded before import = 0Number of asset objects unloaded after import = 15

========================================================================
Received Import Request.
  Time since last request: 0.000020 seconds.
  path: Assets/UnityXRContent/ARFoundation/SimulationEnvironments/Factory/Prefab/UnityRoboticsRF3_Open_FY001.prefab
  artifactKey: Guid(ccb6c3a2134d7854a82ef5ae5ca6cd81) Importer(2089858483,b0f066a214c2f5e87bad3c948f4d605d)
Start importing Assets/UnityXRContent/ARFoundation/SimulationEnvironments/Factory/Prefab/UnityRoboticsRF3_Open_FY001.prefab using Guid(ccb6c3a2134d7854a82ef5ae5ca6cd81) Importer(2089858483,b0f066a214c2f5e87bad3c948f4d605d) (ScriptedImporter) -> (artifact id: '1cb95868db3f4cb1d7cb61481797782a') in 0.0139912 seconds
Number of updated asset objects reloaded before import = 0Number of asset objects unloaded after import = 96

========================================================================
Received Import Request.
  Time since last request: 0.000022 seconds.
  path: Assets/UnityXRContent/ARFoundation/SimulationEnvironments/Kitchen/Models/Microwave_30in_Floating_KN001.fbx
  artifactKey: Guid(f1e12f55d0a134b44bafb65548aff562) Importer(2089858483,b0f066a214c2f5e87bad3c948f4d605d)
Start importing Assets/UnityXRContent/ARFoundation/SimulationEnvironments/Kitchen/Models/Microwave_30in_Floating_KN001.fbx using Guid(f1e12f55d0a134b44bafb65548aff562) Importer(2089858483,b0f066a214c2f5e87bad3c948f4d605d) (ScriptedImporter) -> (artifact id: 'd9b46759efeed2b4cf7dafbf976b9077') in 0.0120187 seconds
Number of updated asset objects reloaded before import = 0Number of asset objects unloaded after import = 7

========================================================================
Received Import Request.
  Time since last request: 0.000022 seconds.
  path: Assets/UnityXRContent/ARFoundation/SimulationEnvironments/Office/Prefab/TissueBox_6in_OF001.prefab
  artifactKey: Guid(99c1d3e54c76c00418153b398ef66fc3) Importer(2089858483,b0f066a214c2f5e87bad3c948f4d605d)
Start importing Assets/UnityXRContent/ARFoundation/SimulationEnvironments/Office/Prefab/TissueBox_6in_OF001.prefab using Guid(99c1d3e54c76c00418153b398ef66fc3) Importer(2089858483,b0f066a214c2f5e87bad3c948f4d605d) (ScriptedImporter) -> (artifact id: '5f3f699073bf8c6034d518b1bbc0dfb2') in 0.010843 seconds
Number of updated asset objects reloaded before import = 0Number of asset objects unloaded after import = 15

========================================================================
Received Import Request.
  Time since last request: 0.000035 seconds.
  path: Assets/UnityXRContent/ARFoundation/SimulationEnvironments/Bedroom/Prefab/Environment_12ftx12ft_BR001.prefab
  artifactKey: Guid(37d477e42b635e1418c49ce774b83bd8) Importer(2089858483,b0f066a214c2f5e87bad3c948f4d605d)
Start importing Assets/UnityXRContent/ARFoundation/SimulationEnvironments/Bedroom/Prefab/Environment_12ftx12ft_BR001.prefab using Guid(37d477e42b635e1418c49ce774b83bd8) Importer(2089858483,b0f066a214c2f5e87bad3c948f4d605d) (ScriptedImporter) -> (artifact id: '5512936886223ff2a5c92fb67778e7ce') in 0.0068286 seconds
Number of updated asset objects reloaded before import = 0Number of asset objects unloaded after import = 89

========================================================================
Received Import Request.
  Time since last request: 0.000022 seconds.
  path: Assets/UnityXRContent/ARFoundation/SimulationEnvironments/Common/Prefab/Cube.prefab
  artifactKey: Guid(24510ce6d109eac408cc2eae6fa609df) Importer(2089858483,b0f066a214c2f5e87bad3c948f4d605d)
Start importing Assets/UnityXRContent/ARFoundation/SimulationEnvironments/Common/Prefab/Cube.prefab using Guid(24510ce6d109eac408cc2eae6fa609df) Importer(2089858483,b0f066a214c2f5e87bad3c948f4d605d) (ScriptedImporter) -> (artifact id: 'c1ffeacf3a64e1ba29ac118387bbc275') in 0.0114069 seconds
Number of updated asset objects reloaded before import = 0Number of asset objects unloaded after import = 15

========================================================================
Received Import Request.
  Time since last request: 0.000021 seconds.
  path: Assets/UnityXRContent/ARFoundation/SimulationEnvironments/LivingRoom/Models/Bookcase_42in_LR001.fbx
  artifactKey: Guid(660715eaf6acde549b6514550252a1d1) Importer(2089858483,b0f066a214c2f5e87bad3c948f4d605d)
Start importing Assets/UnityXRContent/ARFoundation/SimulationEnvironments/LivingRoom/Models/Bookcase_42in_LR001.fbx using Guid(660715eaf6acde549b6514550252a1d1) Importer(2089858483,b0f066a214c2f5e87bad3c948f4d605d) (ScriptedImporter) -> (artifact id: '963f74887ba9b5d928c11d38ef9114aa') in 0.0093603 seconds
Number of updated asset objects reloaded before import = 0Number of asset objects unloaded after import = 7

========================================================================
Received Import Request.
  Time since last request: 0.000020 seconds.
  path: Assets/UnityXRContent/ARFoundation/SimulationEnvironments/Common/Prefab/TableLamp_16in_CN002.prefab
  artifactKey: Guid(8b1a0248146586e43943dd1e309d6e97) Importer(2089858483,b0f066a214c2f5e87bad3c948f4d605d)
Start importing Assets/UnityXRContent/ARFoundation/SimulationEnvironments/Common/Prefab/TableLamp_16in_CN002.prefab using Guid(8b1a0248146586e43943dd1e309d6e97) Importer(2089858483,b0f066a214c2f5e87bad3c948f4d605d) (ScriptedImporter) -> (artifact id: 'b2262440a3a7fd9f1027e6f450bd5c18') in 0.0121199 seconds
Number of updated asset objects reloaded before import = 0Number of asset objects unloaded after import = 16

========================================================================
Received Import Request.
  Time since last request: 0.000029 seconds.
  path: Assets/UnityXRContent/ARFoundation/SimulationEnvironments/Office/Models/PC_OF001.fbx
  artifactKey: Guid(0d530663b1fec044788e7c4a7b456d4b) Importer(2089858483,b0f066a214c2f5e87bad3c948f4d605d)
Start importing Assets/UnityXRContent/ARFoundation/SimulationEnvironments/Office/Models/PC_OF001.fbx using Guid(0d530663b1fec044788e7c4a7b456d4b) Importer(2089858483,b0f066a214c2f5e87bad3c948f4d605d) (ScriptedImporter) -> (artifact id: 'ea78881635c75c391524e2dff37ae0a1') in 0.0147525 seconds
Number of updated asset objects reloaded before import = 0Number of asset objects unloaded after import = 34

========================================================================
Received Import Request.
  Time since last request: 0.000033 seconds.
  path: Assets/UnityXRContent/ARFoundation/SimulationEnvironments/Museum/Prefab
  artifactKey: Guid(9ec062d29fd70e14fb314be41ca112fa) Importer(2089858483,b0f066a214c2f5e87bad3c948f4d605d)
Start importing Assets/UnityXRContent/ARFoundation/SimulationEnvironments/Museum/Prefab using Guid(9ec062d29fd70e14fb314be41ca112fa) Importer(2089858483,b0f066a214c2f5e87bad3c948f4d605d) (ScriptedImporter) -> (artifact id: '1a1b63a4f1c1ef8ba88d0be8e5e72e0f') in 0.0049248 seconds
Number of updated asset objects reloaded before import = 0Number of asset objects unloaded after import = 1

========================================================================
Received Import Request.
  Time since last request: 0.000019 seconds.
  path: Assets/UnityXRContent/ARFoundation/SimulationEnvironments/Park/Models/Terrain_322ftx300ft_PK001.fbx
  artifactKey: Guid(beba0a1c299e4944f8216f547d962d66) Importer(2089858483,b0f066a214c2f5e87bad3c948f4d605d)
Start importing Assets/UnityXRContent/ARFoundation/SimulationEnvironments/Park/Models/Terrain_322ftx300ft_PK001.fbx using Guid(beba0a1c299e4944f8216f547d962d66) Importer(2089858483,b0f066a214c2f5e87bad3c948f4d605d) (ScriptedImporter) -> (artifact id: 'f290fe2016a985301ec30b1327ed6ef2') in 0.0118742 seconds
Number of updated asset objects reloaded before import = 0Number of asset objects unloaded after import = 14

========================================================================
Received Import Request.
  Time since last request: 0.000042 seconds.
  path: Assets/UnityXRContent/ARFoundation/SimulationEnvironments/Kitchen/Models/CabinetSurround_Refrigerator_32Wx24Dx90H_KN001a.fbx
  artifactKey: Guid(c03ec22b70f6c5b4383dd51f803a6355) Importer(2089858483,b0f066a214c2f5e87bad3c948f4d605d)
Start importing Assets/UnityXRContent/ARFoundation/SimulationEnvironments/Kitchen/Models/CabinetSurround_Refrigerator_32Wx24Dx90H_KN001a.fbx using Guid(c03ec22b70f6c5b4383dd51f803a6355) Importer(2089858483,b0f066a214c2f5e87bad3c948f4d605d) (ScriptedImporter) -> (artifact id: 'f29d624b9ce953f48d04789e46286efb') in 0.0129246 seconds
Number of updated asset objects reloaded before import = 0Number of asset objects unloaded after import = 36

========================================================================
Received Import Request.
  Time since last request: 0.000019 seconds.
  path: Assets/UnityXRContent/ARFoundation/SimulationEnvironments/Backyard/Backyard_45ftx40ft.prefab
  artifactKey: Guid(c586a0a22805e3548b38bf795d689d83) Importer(2089858483,b0f066a214c2f5e87bad3c948f4d605d)
Start importing Assets/UnityXRContent/ARFoundation/SimulationEnvironments/Backyard/Backyard_45ftx40ft.prefab using Guid(c586a0a22805e3548b38bf795d689d83) Importer(2089858483,b0f066a214c2f5e87bad3c948f4d605d) (ScriptedImporter) -> (artifact id: 'b5ef57e70aa9a3557f45cc926e3562b7') in 0.0566328 seconds
Number of updated asset objects reloaded before import = 0Number of asset objects unloaded after import = 608

========================================================================
Received Import Request.
  Time since last request: 0.000029 seconds.
  path: Assets/UnityXRContent/ARFoundation/SimulationEnvironments/Office/Models/FileCabinet_42in_OF001.fbx
  artifactKey: Guid(077e7c3033a1dc443b83f8633a04b3d3) Importer(2089858483,b0f066a214c2f5e87bad3c948f4d605d)
Start importing Assets/UnityXRContent/ARFoundation/SimulationEnvironments/Office/Models/FileCabinet_42in_OF001.fbx using Guid(077e7c3033a1dc443b83f8633a04b3d3) Importer(2089858483,b0f066a214c2f5e87bad3c948f4d605d) (ScriptedImporter) -> (artifact id: 'e96f2ea45a31f4ea541493fdb8b97d16') in 0.0102373 seconds
Number of updated asset objects reloaded before import = 0Number of asset objects unloaded after import = 7

========================================================================
Received Import Request.
  Time since last request: 0.000028 seconds.
  path: Assets/UnityXRContent/ARFoundation/SimulationEnvironments/DiningRoom/Prefab/Shelf_72in_DR001.prefab
  artifactKey: Guid(a9af3906fc4e4dd47a62686f60facf43) Importer(2089858483,b0f066a214c2f5e87bad3c948f4d605d)
Start importing Assets/UnityXRContent/ARFoundation/SimulationEnvironments/DiningRoom/Prefab/Shelf_72in_DR001.prefab using Guid(a9af3906fc4e4dd47a62686f60facf43) Importer(2089858483,b0f066a214c2f5e87bad3c948f4d605d) (ScriptedImporter) -> (artifact id: '7180d86b79aafc96e8f31a5ad67c39e7') in 0.0062084 seconds
Number of updated asset objects reloaded before import = 0Number of asset objects unloaded after import = 26

========================================================================
Received Import Request.
  Time since last request: 0.000020 seconds.
  path: Assets/UnityXRContent/Common/ReferenceImages/Rafflesia.jpg
  artifactKey: Guid(8185ee60df6f2a44e8c0cf22387f31aa) Importer(2089858483,b0f066a214c2f5e87bad3c948f4d605d)
Start importing Assets/UnityXRContent/Common/ReferenceImages/Rafflesia.jpg using Guid(8185ee60df6f2a44e8c0cf22387f31aa) Importer(2089858483,b0f066a214c2f5e87bad3c948f4d605d) (ScriptedImporter)[Licensing::Client] Successfully resolved entitlement details
 -> (artifact id: '7130fdd24702468c8b6f58b373f11592') in 0.0535839 seconds
Number of updated asset objects reloaded before import = 0Number of asset objects unloaded after import = 1

========================================================================
Received Import Request.
  Time since last request: 0.000026 seconds.
  path: Assets/UnityXRContent/ARFoundation/SimulationEnvironments/Bedroom/Bedroom_20ftx14ft.prefab
  artifactKey: Guid(4791a2d5e313f354eb6b1bf6902529d2) Importer(2089858483,b0f066a214c2f5e87bad3c948f4d605d)
Start importing Assets/UnityXRContent/ARFoundation/SimulationEnvironments/Bedroom/Bedroom_20ftx14ft.prefab using Guid(4791a2d5e313f354eb6b1bf6902529d2) Importer(2089858483,b0f066a214c2f5e87bad3c948f4d605d) (ScriptedImporter) -> (artifact id: '33be77c05bff86fa35e61278fc33faac') in 0.0255819 seconds
Number of updated asset objects reloaded before import = 0Number of asset objects unloaded after import = 276

========================================================================
Received Import Request.
  Time since last request: 0.000025 seconds.
  path: Assets/UnityXRContent/ARFoundation/SimulationEnvironments/LivingRoom/Prefab/CoffeeTable_48in_LR001.prefab
  artifactKey: Guid(9947f5c2a79ea774e9f156af32ebb50c) Importer(2089858483,b0f066a214c2f5e87bad3c948f4d605d)
Start importing Assets/UnityXRContent/ARFoundation/SimulationEnvironments/LivingRoom/Prefab/CoffeeTable_48in_LR001.prefab using Guid(9947f5c2a79ea774e9f156af32ebb50c) Importer(2089858483,b0f066a214c2f5e87bad3c948f4d605d) (ScriptedImporter) -> (artifact id: 'd324d3359cc26d184e2f477e179df03e') in 0.0142251 seconds
Number of updated asset objects reloaded before import = 0Number of asset objects unloaded after import = 17

========================================================================
Received Import Request.
  Time since last request: 0.000043 seconds.
  path: Assets/UnityXRContent/ARFoundation/SimulationEnvironments/Factory/Prefab/Cardboard_B_FY001.prefab
  artifactKey: Guid(5f8cff85f8b1688478d152089e547418) Importer(2089858483,b0f066a214c2f5e87bad3c948f4d605d)
Start importing Assets/UnityXRContent/ARFoundation/SimulationEnvironments/Factory/Prefab/Cardboard_B_FY001.prefab using Guid(5f8cff85f8b1688478d152089e547418) Importer(2089858483,b0f066a214c2f5e87bad3c948f4d605d) (ScriptedImporter) -> (artifact id: '7a015a597fca6a8c95255221b9dfc285') in 0.0111023 seconds
Number of updated asset objects reloaded before import = 0Number of asset objects unloaded after import = 15

========================================================================
Received Import Request.
  Time since last request: 0.000021 seconds.
  path: Assets/UnityXRContent/ARFoundation/SimulationEnvironments/DiningRoom/Models/Candle_10in_DR001.fbx
  artifactKey: Guid(db1a5409cb78ea447b95f687f3e9a176) Importer(2089858483,b0f066a214c2f5e87bad3c948f4d605d)
Start importing Assets/UnityXRContent/ARFoundation/SimulationEnvironments/DiningRoom/Models/Candle_10in_DR001.fbx using Guid(db1a5409cb78ea447b95f687f3e9a176) Importer(2089858483,b0f066a214c2f5e87bad3c948f4d605d) (ScriptedImporter) -> (artifact id: 'a236822d7ecbd8af4b69f5ca3bdcd582') in 0.0096645 seconds
Number of updated asset objects reloaded before import = 0Number of asset objects unloaded after import = 7

========================================================================
Received Import Request.
  Time since last request: 0.000052 seconds.
  path: Assets/UnityXRContent/ARFoundation/SimulationEnvironments/Kitchen/Models/CabinetUpper_TopTrim_24D_LeftCap_KN001.fbx
  artifactKey: Guid(992e38d5bd25ddb4da7ea1631a5a2ba9) Importer(2089858483,b0f066a214c2f5e87bad3c948f4d605d)
Start importing Assets/UnityXRContent/ARFoundation/SimulationEnvironments/Kitchen/Models/CabinetUpper_TopTrim_24D_LeftCap_KN001.fbx using Guid(992e38d5bd25ddb4da7ea1631a5a2ba9) Importer(2089858483,b0f066a214c2f5e87bad3c948f4d605d) (ScriptedImporter) -> (artifact id: 'b0addb9cfc9894f2090625b2d1413e05') in 0.0105103 seconds
Number of updated asset objects reloaded before import = 0Number of asset objects unloaded after import = 7

========================================================================
Received Prepare
WARNING: Shader Unsupported: 'Hidden/Simulation/URP/Synthetic' - All subshaders removed
WARNING: Shader Did you use #pragma only_renderers and omit this platform?
WARNING: Shader If subshaders removal was intentional, you may have forgotten turning Fallback off?
WARNING: Shader Unsupported: 'Hidden/Simulation/URP/Synthetic' - All subshaders removed
WARNING: Shader Did you use #pragma only_renderers and omit this platform?
WARNING: Shader If subshaders removal was intentional, you may have forgotten turning Fallback off?
WARNING: Shader Unsupported: 'Simulation/Standard Lit' - All subshaders removed
WARNING: Shader Did you use #pragma only_renderers and omit this platform?
WARNING: Shader If subshaders removal was intentional, you may have forgotten turning Fallback off?
WARNING: Shader Unsupported: 'Simulation/Standard Lit' - All subshaders removed
WARNING: Shader Did you use #pragma only_renderers and omit this platform?
WARNING: Shader If subshaders removal was intentional, you may have forgotten turning Fallback off?
WARNING: Shader Unsupported: 'Hidden/Simulation/Synthetic Lit' - All subshaders removed
WARNING: Shader Did you use #pragma only_renderers and omit this platform?
WARNING: Shader If subshaders removal was intentional, you may have forgotten turning Fallback off?
WARNING: Shader Unsupported: 'Hidden/Simulation/Synthetic Lit' - All subshaders removed
WARNING: Shader Did you use #pragma only_renderers and omit this platform?
WARNING: Shader If subshaders removal was intentional, you may have forgotten turning Fallback off?
WARNING: Shader Unsupported: 'Simulation/URP/Room X-Ray' - All subshaders removed
WARNING: Shader Did you use #pragma only_renderers and omit this platform?
WARNING: Shader If subshaders removal was intentional, you may have forgotten turning Fallback off?
WARNING: Shader Unsupported: 'Simulation/URP/Room X-Ray' - All subshaders removed
WARNING: Shader Did you use #pragma only_renderers and omit this platform?
WARNING: Shader If subshaders removal was intentional, you may have forgotten turning Fallback off?
WARNING: Shader Unsupported: 'Simulation/Room X-Ray' - All subshaders removed
WARNING: Shader Did you use #pragma only_renderers and omit this platform?
WARNING: Shader If subshaders removal was intentional, you may have forgotten turning Fallback off?
WARNING: Shader Unsupported: 'Simulation/Room X-Ray' - All subshaders removed
WARNING: Shader Did you use #pragma only_renderers and omit this platform?
WARNING: Shader If subshaders removal was intentional, you may have forgotten turning Fallback off?
WARNING: Shader Unsupported: 'Simulation/URP/Lit' - All subshaders removed
WARNING: Shader Did you use #pragma only_renderers and omit this platform?
WARNING: Shader If subshaders removal was intentional, you may have forgotten turning Fallback off?
WARNING: Shader Unsupported: 'Simulation/URP/Lit' - All subshaders removed
WARNING: Shader Did you use #pragma only_renderers and omit this platform?
WARNING: Shader If subshaders removal was intentional, you may have forgotten turning Fallback off?
Refreshing native plugins compatible for Editor in 3.48 ms, found 4 plugins.
Preloading 0 native plugins for Editor in 0.00 ms.
Unloading 24 Unused Serialized files (Serialized files now loaded: 0)
Unloading 26 unused Assets / (3.7 MB). Loaded Objects now: 7953.
Memory consumption went from 166.4 MB to 162.7 MB.
Total: 11.706700 ms (FindLiveObjects: 0.578100 ms CreateObjectMapping: 0.436400 ms MarkObjects: 8.356500 ms  DeleteObjects: 2.334300 ms)

Prepare: number of updated asset objects reloaded= 0
========================================================================
Received Import Request.
  Time since last request: 0.297200 seconds.
  path: Assets/UnityXRContent/Common/ReferenceShapes/Models/Cylinder.fbx
  artifactKey: Guid(debd3805a0d750f4c82f6b20dbc78569) Importer(2089858483,b0f066a214c2f5e87bad3c948f4d605d)
Start importing Assets/UnityXRContent/Common/ReferenceShapes/Models/Cylinder.fbx using Guid(debd3805a0d750f4c82f6b20dbc78569) Importer(2089858483,b0f066a214c2f5e87bad3c948f4d605d) (ScriptedImporter) -> (artifact id: '23db5fed188084d1eca16cb7da45bf7a') in 0.0104141 seconds
Number of updated asset objects reloaded before import = 0Number of asset objects unloaded after import = 7

========================================================================
Received Import Request.
  Time since last request: 0.000020 seconds.
  path: Assets/UnityXRContent/ARFoundation/SimulationEnvironments/Kitchen/Prefab/Island_48Wx36Dx36H_KN001.prefab
  artifactKey: Guid(8535f0a7ec89ea6418c8bc0b59ead481) Importer(2089858483,b0f066a214c2f5e87bad3c948f4d605d)
Start importing Assets/UnityXRContent/ARFoundation/SimulationEnvironments/Kitchen/Prefab/Island_48Wx36Dx36H_KN001.prefab using Guid(8535f0a7ec89ea6418c8bc0b59ead481) Importer(2089858483,b0f066a214c2f5e87bad3c948f4d605d) (ScriptedImporter) -> (artifact id: 'a9c3ee0e8129d1e2f0052ef413370a26') in 0.0153727 seconds
Number of updated asset objects reloaded before import = 0Number of asset objects unloaded after import = 16

========================================================================
Received Import Request.
  Time since last request: 0.000021 seconds.
  path: Assets/UnityXRContent/Common/ReferenceShapes/Materials/StandardBlue.mat
  artifactKey: Guid(019a981cc5c63114c9bd1f1b0eab082d) Importer(2089858483,b0f066a214c2f5e87bad3c948f4d605d)
Start importing Assets/UnityXRContent/Common/ReferenceShapes/Materials/StandardBlue.mat using Guid(019a981cc5c63114c9bd1f1b0eab082d) Importer(2089858483,b0f066a214c2f5e87bad3c948f4d605d) (ScriptedImporter) -> (artifact id: 'fcccc6dd326366660211ee0db813d0e2') in 0.0613289 seconds
Number of updated asset objects reloaded before import = 0Number of asset objects unloaded after import = 1

========================================================================
Received Import Request.
  Time since last request: 0.000022 seconds.
  path: Assets/UnityXRContent/ARFoundation/SimulationEnvironments/Museum/Prefab/DisplayStand_60in_MM001.prefab
  artifactKey: Guid(11524f1c901e2cf4d887e9c696af321e) Importer(2089858483,b0f066a214c2f5e87bad3c948f4d605d)
Start importing Assets/UnityXRContent/ARFoundation/SimulationEnvironments/Museum/Prefab/DisplayStand_60in_MM001.prefab using Guid(11524f1c901e2cf4d887e9c696af321e) Importer(2089858483,b0f066a214c2f5e87bad3c948f4d605d) (ScriptedImporter) -> (artifact id: 'bce5e5283860273fbe2c8cc7172b8963') in 0.0120909 seconds
Number of updated asset objects reloaded before import = 0Number of asset objects unloaded after import = 15

========================================================================
Received Import Request.
  Time since last request: 0.000033 seconds.
  path: Assets/UnityXRContent/ARFoundation/SimulationEnvironments/DiningRoom/Prefab/Silverware_Set_DR001.prefab
  artifactKey: Guid(6bfc4b72e80c993408849252afbff8e5) Importer(2089858483,b0f066a214c2f5e87bad3c948f4d605d)
Start importing Assets/UnityXRContent/ARFoundation/SimulationEnvironments/DiningRoom/Prefab/Silverware_Set_DR001.prefab using Guid(6bfc4b72e80c993408849252afbff8e5) Importer(2089858483,b0f066a214c2f5e87bad3c948f4d605d) (ScriptedImporter) -> (artifact id: '7b702b9259e73cecef7d00894fb619ed') in 0.0090491 seconds
Number of updated asset objects reloaded before import = 0Number of asset objects unloaded after import = 53

========================================================================
Received Import Request.
  Time since last request: 0.000022 seconds.
  path: Assets/UnityXRContent/ARFoundation/SimulationEnvironments/Factory/Prefab/Cardboard_A_FY001.prefab
  artifactKey: Guid(be66f237531e8e544b4d27467f54df43) Importer(2089858483,b0f066a214c2f5e87bad3c948f4d605d)
Start importing Assets/UnityXRContent/ARFoundation/SimulationEnvironments/Factory/Prefab/Cardboard_A_FY001.prefab using Guid(be66f237531e8e544b4d27467f54df43) Importer(2089858483,b0f066a214c2f5e87bad3c948f4d605d) (ScriptedImporter) -> (artifact id: '7d555cfa7ec84e435fc772f75335349e') in 0.0106301 seconds
Number of updated asset objects reloaded before import = 0Number of asset objects unloaded after import = 15

========================================================================
Received Import Request.
  Time since last request: 0.000020 seconds.
  path: Assets/UnityXRContent/ARFoundation/SimulationEnvironments/Park/Prefab/Custom/Balance Beam 2.prefab
  artifactKey: Guid(4916cf0ab9c4dac469a558b0a5fcdb9d) Importer(2089858483,b0f066a214c2f5e87bad3c948f4d605d)
Start importing Assets/UnityXRContent/ARFoundation/SimulationEnvironments/Park/Prefab/Custom/Balance Beam 2.prefab using Guid(4916cf0ab9c4dac469a558b0a5fcdb9d) Importer(2089858483,b0f066a214c2f5e87bad3c948f4d605d) (ScriptedImporter) -> (artifact id: '41051c806293de539be3ab24ed83f3dd') in 0.0067248 seconds
Number of updated asset objects reloaded before import = 0Number of asset objects unloaded after import = 34

========================================================================
Received Import Request.
  Time since last request: 0.000029 seconds.
  path: Assets/Scenes/Physics.unity
  artifactKey: Guid(a8d648a71eb72374391552673ea3e148) Importer(815301076,1909f56bfc062723c751e8b465ee728b)
Start importing Assets/Scenes/Physics.unity using Guid(a8d648a71eb72374391552673ea3e148) Importer(815301076,1909f56bfc062723c751e8b465ee728b) (PreviewImporter) -> (artifact id: 'b261d82fcbc2148db12e730cd202d17e') in 0.0007663 seconds
Number of updated asset objects reloaded before import = 0Number of asset objects unloaded after import = 0

========================================================================
Received Import Request.
  Time since last request: 0.000024 seconds.
  path: Assets/UnityXRContent/ARFoundation/SimulationEnvironments/Factory/Models/Conveyor_6ft_FY001.fbx
  artifactKey: Guid(0e05f7465fd2e944582430693279bbf0) Importer(2089858483,b0f066a214c2f5e87bad3c948f4d605d)
Start importing Assets/UnityXRContent/ARFoundation/SimulationEnvironments/Factory/Models/Conveyor_6ft_FY001.fbx using Guid(0e05f7465fd2e944582430693279bbf0) Importer(2089858483,b0f066a214c2f5e87bad3c948f4d605d) (ScriptedImporter) -> (artifact id: '0f3eddbf6e4bf68ce377dbef105cf0d0') in 0.0101369 seconds
Number of updated asset objects reloaded before import = 0Number of asset objects unloaded after import = 7

========================================================================
Received Import Request.
  Time since last request: 0.000033 seconds.
  path: Assets/UnityXRContent/ARFoundation/SimulationEnvironments/Kitchen/Models/Island_64.5Wx36Dx36H_KN001a.fbx
  artifactKey: Guid(b306b78cfbe86184f9ad69b37249355d) Importer(2089858483,b0f066a214c2f5e87bad3c948f4d605d)
Start importing Assets/UnityXRContent/ARFoundation/SimulationEnvironments/Kitchen/Models/Island_64.5Wx36Dx36H_KN001a.fbx using Guid(b306b78cfbe86184f9ad69b37249355d) Importer(2089858483,b0f066a214c2f5e87bad3c948f4d605d) (ScriptedImporter) -> (artifact id: 'a1d469224adbf4a7f0f92070460050b8') in 0.0162792 seconds
Number of updated asset objects reloaded before import = 0Number of asset objects unloaded after import = 91

========================================================================
Received Import Request.
  Time since last request: 0.000026 seconds.
  path: Assets/UnityXRContent/ARFoundation/SimulationEnvironments/Factory/Models/Bucket_Metal_FY001.fbx
  artifactKey: Guid(41dd4145f519d714799cc28d889ade77) Importer(2089858483,b0f066a214c2f5e87bad3c948f4d605d)
Start importing Assets/UnityXRContent/ARFoundation/SimulationEnvironments/Factory/Models/Bucket_Metal_FY001.fbx using Guid(41dd4145f519d714799cc28d889ade77) Importer(2089858483,b0f066a214c2f5e87bad3c948f4d605d) (ScriptedImporter) -> (artifact id: '0cab6ce848ffd8d94a7b05f1f2f74c41') in 0.0108019 seconds
Number of updated asset objects reloaded before import = 0Number of asset objects unloaded after import = 7

========================================================================
Received Import Request.
  Time since last request: 0.000026 seconds.
  path: Assets/UnityXRContent/ARFoundation/SimulationEnvironments/Bedroom/Prefab/Bed_Queen_BR004.prefab
  artifactKey: Guid(6afa7f46455360a40a19f2ec675c106c) Importer(2089858483,b0f066a214c2f5e87bad3c948f4d605d)
Start importing Assets/UnityXRContent/ARFoundation/SimulationEnvironments/Bedroom/Prefab/Bed_Queen_BR004.prefab using Guid(6afa7f46455360a40a19f2ec675c106c) Importer(2089858483,b0f066a214c2f5e87bad3c948f4d605d) (ScriptedImporter) -> (artifact id: '131e89cfd1b6309bc246e16ddfddc0c7') in 0.0065896 seconds
Number of updated asset objects reloaded before import = 0Number of asset objects unloaded after import = 36

========================================================================
Received Import Request.
  Time since last request: 1.381733 seconds.
  path: Assets/UnityXRContent/ARFoundation/SimulationEnvironments/Bedroom/Models/Bed_Full_BR004.fbx
  artifactKey: Guid(3bfe6d77896bc7d4699db53f75aaed07) Importer(2089858483,b0f066a214c2f5e87bad3c948f4d605d)
Start importing Assets/UnityXRContent/ARFoundation/SimulationEnvironments/Bedroom/Models/Bed_Full_BR004.fbx using Guid(3bfe6d77896bc7d4699db53f75aaed07) Importer(2089858483,b0f066a214c2f5e87bad3c948f4d605d) (ScriptedImporter) -> (artifact id: '7e79122ce9013526403e624993044b76') in 0.0112412 seconds
Number of updated asset objects reloaded before import = 0Number of asset objects unloaded after import = 19

========================================================================
Received Import Request.
  Time since last request: 0.000028 seconds.
  path: Assets/UnityXRContent/ARFoundation/SimulationEnvironments/Factory/Models/GarbageContainer_FY001.fbx
  artifactKey: Guid(b7379db6b018eec428031aeefd02bc90) Importer(2089858483,b0f066a214c2f5e87bad3c948f4d605d)
Start importing Assets/UnityXRContent/ARFoundation/SimulationEnvironments/Factory/Models/GarbageContainer_FY001.fbx using Guid(b7379db6b018eec428031aeefd02bc90) Importer(2089858483,b0f066a214c2f5e87bad3c948f4d605d) (ScriptedImporter) -> (artifact id: '3849191aeb804e144a1e7e7dabe0038f') in 0.0108562 seconds
Number of updated asset objects reloaded before import = 0Number of asset objects unloaded after import = 7

========================================================================
Received Import Request.
  Time since last request: 0.000036 seconds.
  path: Assets/UnityXRContent/ARFoundation/SimulationEnvironments/LivingRoom/Models/Sconce_22in_LR001.fbx
  artifactKey: Guid(ecbcef4528459e64eb3ab3fc8d6efcc9) Importer(2089858483,b0f066a214c2f5e87bad3c948f4d605d)
Start importing Assets/UnityXRContent/ARFoundation/SimulationEnvironments/LivingRoom/Models/Sconce_22in_LR001.fbx using Guid(ecbcef4528459e64eb3ab3fc8d6efcc9) Importer(2089858483,b0f066a214c2f5e87bad3c948f4d605d) (ScriptedImporter) -> (artifact id: '040ca72f2cd893889222a48efc9a9eb4') in 0.0127503 seconds
Number of updated asset objects reloaded before import = 0Number of asset objects unloaded after import = 7

========================================================================
Received Import Request.
  Time since last request: 0.000025 seconds.
  path: Assets/UnityXRContent/ARFoundation/SimulationEnvironments/Factory/Prefab/Environment_180ftx101ft_FY001.prefab
  artifactKey: Guid(ce201931f9bec16478c197ad062cf37a) Importer(2089858483,b0f066a214c2f5e87bad3c948f4d605d)
Start importing Assets/UnityXRContent/ARFoundation/SimulationEnvironments/Factory/Prefab/Environment_180ftx101ft_FY001.prefab using Guid(ce201931f9bec16478c197ad062cf37a) Importer(2089858483,b0f066a214c2f5e87bad3c948f4d605d) (ScriptedImporter) -> (artifact id: '3189c1159f351927598adbfdcb9e1e8f') in 0.0090832 seconds
Number of updated asset objects reloaded before import = 0Number of asset objects unloaded after import = 154

========================================================================
Received Import Request.
  Time since last request: 0.000021 seconds.
  path: Assets/UnityXRContent/ARFoundation/SimulationEnvironments/LivingRoom/Prefab/PictureFrame_11.5x14.5in_LR001.prefab
  artifactKey: Guid(ac5dd0f378759084287732716571833a) Importer(2089858483,b0f066a214c2f5e87bad3c948f4d605d)
Start importing Assets/UnityXRContent/ARFoundation/SimulationEnvironments/LivingRoom/Prefab/PictureFrame_11.5x14.5in_LR001.prefab using Guid(ac5dd0f378759084287732716571833a) Importer(2089858483,b0f066a214c2f5e87bad3c948f4d605d) (ScriptedImporter) -> (artifact id: '712b5053eb4c593d8c01ef315538dfa2') in 0.0111414 seconds
Number of updated asset objects reloaded before import = 0Number of asset objects unloaded after import = 15

========================================================================
Received Import Request.
  Time since last request: 0.000020 seconds.
  path: Assets/UnityXRContent/ARFoundation/SimulationEnvironments/Backyard/Models/Table_30in_BY001.fbx
  artifactKey: Guid(bf095112be82df4439075817632c30ab) Importer(2089858483,b0f066a214c2f5e87bad3c948f4d605d)
Start importing Assets/UnityXRContent/ARFoundation/SimulationEnvironments/Backyard/Models/Table_30in_BY001.fbx using Guid(bf095112be82df4439075817632c30ab) Importer(2089858483,b0f066a214c2f5e87bad3c948f4d605d) (ScriptedImporter) -> (artifact id: '9098e5aeb68f08c609d7defdf87f9e98') in 0.0099906 seconds
Number of updated asset objects reloaded before import = 0Number of asset objects unloaded after import = 7

========================================================================
Received Import Request.
  Time since last request: 0.000024 seconds.
  path: Assets/UnityXRContent/ARFoundation/SimulationEnvironments/Common/Prefab/Media_Case_CN002.prefab
  artifactKey: Guid(2bf0b93b0c7328c4c89f295aa56a28ab) Importer(2089858483,b0f066a214c2f5e87bad3c948f4d605d)
Start importing Assets/UnityXRContent/ARFoundation/SimulationEnvironments/Common/Prefab/Media_Case_CN002.prefab using Guid(2bf0b93b0c7328c4c89f295aa56a28ab) Importer(2089858483,b0f066a214c2f5e87bad3c948f4d605d) (ScriptedImporter) -> (artifact id: 'cf95ac2b7186ab2e502b8c0525cb4d97') in 0.0103926 seconds
Number of updated asset objects reloaded before import = 0Number of asset objects unloaded after import = 15

========================================================================
Received Import Request.
  Time since last request: 0.000031 seconds.
  path: Assets/UnityXRContent/ARFoundation/SimulationEnvironments/Factory/Prefab/SafetyRailing_8ft_FY001.prefab
  artifactKey: Guid(39db91f835769144392d0ba2c9207755) Importer(2089858483,b0f066a214c2f5e87bad3c948f4d605d)
Start importing Assets/UnityXRContent/ARFoundation/SimulationEnvironments/Factory/Prefab/SafetyRailing_8ft_FY001.prefab using Guid(39db91f835769144392d0ba2c9207755) Importer(2089858483,b0f066a214c2f5e87bad3c948f4d605d) (ScriptedImporter) -> (artifact id: 'f1bf6a15866683996fedac30f18a9cae') in 0.0113842 seconds
Number of updated asset objects reloaded before import = 0Number of asset objects unloaded after import = 15

========================================================================
Received Import Request.
  Time since last request: 0.000020 seconds.
  path: Assets/UnityXRContent/ARFoundation/SimulationEnvironments/Kitchen/Prefab/Island_57Wx38Dx36H_KN001a.prefab
  artifactKey: Guid(9c7e2bca610cda14789c515f6a02ab6a) Importer(2089858483,b0f066a214c2f5e87bad3c948f4d605d)
Start importing Assets/UnityXRContent/ARFoundation/SimulationEnvironments/Kitchen/Prefab/Island_57Wx38Dx36H_KN001a.prefab using Guid(9c7e2bca610cda14789c515f6a02ab6a) Importer(2089858483,b0f066a214c2f5e87bad3c948f4d605d) (ScriptedImporter) -> (artifact id: '8555069eee94f9ad90fbb239487411a2') in 0.0165261 seconds
Number of updated asset objects reloaded before import = 0Number of asset objects unloaded after import = 132

========================================================================
Received Import Request.
  Time since last request: 0.000022 seconds.
  path: Assets/UnityXRContent/ARFoundation/SimulationEnvironments/Backyard/Prefab/RockPile_Small_BY001.prefab
  artifactKey: Guid(75dda09436b719f45a0d546ef9d6b36f) Importer(2089858483,b0f066a214c2f5e87bad3c948f4d605d)
Start importing Assets/UnityXRContent/ARFoundation/SimulationEnvironments/Backyard/Prefab/RockPile_Small_BY001.prefab using Guid(75dda09436b719f45a0d546ef9d6b36f) Importer(2089858483,b0f066a214c2f5e87bad3c948f4d605d) (ScriptedImporter) -> (artifact id: 'a8f6d4ebe1127d23e059634da7a6ea61') in 0.0157383 seconds
Number of updated asset objects reloaded before import = 0Number of asset objects unloaded after import = 15

========================================================================
Received Import Request.
  Time since last request: 0.000022 seconds.
  path: Assets/UnityXRContent/ARFoundation/SimulationEnvironments/Backyard/Models/Table_PatioDining_67in_BY001.fbx
  artifactKey: Guid(5db411f1ddd30c94a8f8a59eba86031e) Importer(2089858483,b0f066a214c2f5e87bad3c948f4d605d)
Start importing Assets/UnityXRContent/ARFoundation/SimulationEnvironments/Backyard/Models/Table_PatioDining_67in_BY001.fbx using Guid(5db411f1ddd30c94a8f8a59eba86031e) Importer(2089858483,b0f066a214c2f5e87bad3c948f4d605d) (ScriptedImporter) -> (artifact id: '9b703d995b9b53deb6f38d200e0828ec') in 0.0134969 seconds
Number of updated asset objects reloaded before import = 0Number of asset objects unloaded after import = 7

========================================================================
Received Import Request.
  Time since last request: 0.000034 seconds.
  path: Assets/UnityXRContent/ARFoundation/SimulationEnvironments/Billboard/Models/Building_Window_BB001.fbx
  artifactKey: Guid(5805885090dbb214cbce91f10fd26b2f) Importer(2089858483,b0f066a214c2f5e87bad3c948f4d605d)
Start importing Assets/UnityXRContent/ARFoundation/SimulationEnvironments/Billboard/Models/Building_Window_BB001.fbx using Guid(5805885090dbb214cbce91f10fd26b2f) Importer(2089858483,b0f066a214c2f5e87bad3c948f4d605d) (ScriptedImporter) -> (artifact id: '70504dc2fc1d60de075fcb3f02a092b8') in 0.0125062 seconds
Number of updated asset objects reloaded before import = 0Number of asset objects unloaded after import = 7

========================================================================
Received Import Request.
  Time since last request: 0.000021 seconds.
  path: Assets/UnityXRContent/ARFoundation/SimulationEnvironments/Kitchen/Prefab/Island_67Wx36Dx36H_KN001a.prefab
  artifactKey: Guid(936dd8625bb240f498eb27a879a0d448) Importer(2089858483,b0f066a214c2f5e87bad3c948f4d605d)
Start importing Assets/UnityXRContent/ARFoundation/SimulationEnvironments/Kitchen/Prefab/Island_67Wx36Dx36H_KN001a.prefab using Guid(936dd8625bb240f498eb27a879a0d448) Importer(2089858483,b0f066a214c2f5e87bad3c948f4d605d) (ScriptedImporter) -> (artifact id: 'e260b7601c8c37d92126c081b60cb3fe') in 0.012601 seconds
Number of updated asset objects reloaded before import = 0Number of asset objects unloaded after import = 168

========================================================================
Received Import Request.
  Time since last request: 0.000022 seconds.
  path: Assets/UnityXRContent/ARFoundation/SimulationEnvironments/Bedroom/Models/Bed_King_BR006.fbx
  artifactKey: Guid(f81f8ca36a3acd7449c32476f7e3cd85) Importer(2089858483,b0f066a214c2f5e87bad3c948f4d605d)
Start importing Assets/UnityXRContent/ARFoundation/SimulationEnvironments/Bedroom/Models/Bed_King_BR006.fbx using Guid(f81f8ca36a3acd7449c32476f7e3cd85) Importer(2089858483,b0f066a214c2f5e87bad3c948f4d605d) (ScriptedImporter) -> (artifact id: '30fcb4fb392f26edc5570f796de110eb') in 0.0150058 seconds
Number of updated asset objects reloaded before import = 0Number of asset objects unloaded after import = 19

========================================================================
Received Import Request.
  Time since last request: 0.000025 seconds.
  path: Assets/UnityXRContent/ARFoundation/SimulationEnvironments/Backyard/Prefab/Umbrella_9ft_BY001.prefab
  artifactKey: Guid(1dcd6a8cb74627449b9bdd5330765092) Importer(2089858483,b0f066a214c2f5e87bad3c948f4d605d)
Start importing Assets/UnityXRContent/ARFoundation/SimulationEnvironments/Backyard/Prefab/Umbrella_9ft_BY001.prefab using Guid(1dcd6a8cb74627449b9bdd5330765092) Importer(2089858483,b0f066a214c2f5e87bad3c948f4d605d) (ScriptedImporter) -> (artifact id: 'b00d9b01ee515034674aa22fc8cfe94c') in 0.0072304 seconds
Number of updated asset objects reloaded before import = 0Number of asset objects unloaded after import = 26

========================================================================
Received Import Request.
  Time since last request: 0.000041 seconds.
  path: Assets/UnityXRContent/ARFoundation/SimulationEnvironments/Factory/Models/BugSprayCan_FY001.fbx
  artifactKey: Guid(198cd484665419248a8eeede4e273c1f) Importer(2089858483,b0f066a214c2f5e87bad3c948f4d605d)
Start importing Assets/UnityXRContent/ARFoundation/SimulationEnvironments/Factory/Models/BugSprayCan_FY001.fbx using Guid(198cd484665419248a8eeede4e273c1f) Importer(2089858483,b0f066a214c2f5e87bad3c948f4d605d) (ScriptedImporter) -> (artifact id: '35dd0b40956a2ad774da23beebdce4b1') in 0.0141269 seconds
Number of updated asset objects reloaded before import = 0Number of asset objects unloaded after import = 7

========================================================================
Received Import Request.
  Time since last request: 0.000022 seconds.
  path: Assets/UnityXRContent/ARFoundation/SimulationEnvironments/Factory/Models/Pallet_w_55GalDrums_FY001.fbx
  artifactKey: Guid(e8cbfb6a098607247bdeb226d9491a38) Importer(2089858483,b0f066a214c2f5e87bad3c948f4d605d)
Start importing Assets/UnityXRContent/ARFoundation/SimulationEnvironments/Factory/Models/Pallet_w_55GalDrums_FY001.fbx using Guid(e8cbfb6a098607247bdeb226d9491a38) Importer(2089858483,b0f066a214c2f5e87bad3c948f4d605d) (ScriptedImporter) -> (artifact id: '3d7e5d9c854fd7f369cbed0a6cc67ce9') in 0.010764 seconds
Number of updated asset objects reloaded before import = 0Number of asset objects unloaded after import = 19

========================================================================
Received Import Request.
  Time since last request: 0.000021 seconds.
  path: Assets/UnityXRContent/ARFoundation/SimulationEnvironments/Factory
  artifactKey: Guid(210a4189631b08f4bb029dfac86acb05) Importer(2089858483,b0f066a214c2f5e87bad3c948f4d605d)
Start importing Assets/UnityXRContent/ARFoundation/SimulationEnvironments/Factory using Guid(210a4189631b08f4bb029dfac86acb05) Importer(2089858483,b0f066a214c2f5e87bad3c948f4d605d) (ScriptedImporter) -> (artifact id: 'a721c009d23e261bab36cdd600161705') in 0.0042041 seconds
Number of updated asset objects reloaded before import = 0Number of asset objects unloaded after import = 1

========================================================================
Received Import Request.
  Time since last request: 0.000021 seconds.
  path: Assets/UnityXRContent/ARFoundation/SimulationEnvironments/Kitchen/Models/Refrigerator_30Wx26.5Dx70H_KN002.fbx
  artifactKey: Guid(5d0f5a2ce8918094a80391d9c7eb5dd0) Importer(2089858483,b0f066a214c2f5e87bad3c948f4d605d)
Start importing Assets/UnityXRContent/ARFoundation/SimulationEnvironments/Kitchen/Models/Refrigerator_30Wx26.5Dx70H_KN002.fbx using Guid(5d0f5a2ce8918094a80391d9c7eb5dd0) Importer(2089858483,b0f066a214c2f5e87bad3c948f4d605d) (ScriptedImporter) -> (artifact id: 'cbf662c29b66125fb555586bca3e87ae') in 0.0109263 seconds
Number of updated asset objects reloaded before import = 0Number of asset objects unloaded after import = 7

========================================================================
Received Import Request.
  Time since last request: 0.000023 seconds.
  path: Assets/UnityXRContent/ARFoundation/SimulationEnvironments/Office/Models/Stool_13.5in_OF001.fbx
  artifactKey: Guid(511aad22e8e607e44ae8e5edc70e65ca) Importer(2089858483,b0f066a214c2f5e87bad3c948f4d605d)
Start importing Assets/UnityXRContent/ARFoundation/SimulationEnvironments/Office/Models/Stool_13.5in_OF001.fbx using Guid(511aad22e8e607e44ae8e5edc70e65ca) Importer(2089858483,b0f066a214c2f5e87bad3c948f4d605d) (ScriptedImporter) -> (artifact id: '53586e9bf849d4f6ff764faef3a21a26') in 0.0118653 seconds
Number of updated asset objects reloaded before import = 0Number of asset objects unloaded after import = 7

========================================================================
Received Import Request.
  Time since last request: 0.000032 seconds.
  path: Assets/UnityXRContent/ARFoundation/SimulationEnvironments/Office/Prefab/Custom
  artifactKey: Guid(2d8ee1156051cd244a8949ba75f6ff8c) Importer(2089858483,b0f066a214c2f5e87bad3c948f4d605d)
Start importing Assets/UnityXRContent/ARFoundation/SimulationEnvironments/Office/Prefab/Custom using Guid(2d8ee1156051cd244a8949ba75f6ff8c) Importer(2089858483,b0f066a214c2f5e87bad3c948f4d605d) (ScriptedImporter) -> (artifact id: 'da955392f4ea0da58ba39a6fa4409b17') in 0.0042692 seconds
Number of updated asset objects reloaded before import = 0Number of asset objects unloaded after import = 1

========================================================================
Received Import Request.
  Time since last request: 0.000019 seconds.
  path: Assets/UnityXRContent/ARFoundation/SimulationEnvironments/Common/Prefab
  artifactKey: Guid(f4a2d11786c9d6446b48da67d9e7d42e) Importer(2089858483,b0f066a214c2f5e87bad3c948f4d605d)
Start importing Assets/UnityXRContent/ARFoundation/SimulationEnvironments/Common/Prefab using Guid(f4a2d11786c9d6446b48da67d9e7d42e) Importer(2089858483,b0f066a214c2f5e87bad3c948f4d605d) (ScriptedImporter) -> (artifact id: 'de82f25f1c28b81829086932581bdcba') in 0.0050473 seconds
Number of updated asset objects reloaded before import = 0Number of asset objects unloaded after import = 1

========================================================================
Received Import Request.
  Time since last request: 0.000019 seconds.
  path: Assets/UnityXRContent/ARFoundation/SimulationEnvironments/Bedroom/Prefab/Dresser_36in_BR001.prefab
  artifactKey: Guid(c3781ceeedabc7f4fa5c71eb45dfa031) Importer(2089858483,b0f066a214c2f5e87bad3c948f4d605d)
Start importing Assets/UnityXRContent/ARFoundation/SimulationEnvironments/Bedroom/Prefab/Dresser_36in_BR001.prefab using Guid(c3781ceeedabc7f4fa5c71eb45dfa031) Importer(2089858483,b0f066a214c2f5e87bad3c948f4d605d) (ScriptedImporter) -> (artifact id: '42f78cc80908591c202af6f7763a0280') in 0.0063975 seconds
Number of updated asset objects reloaded before import = 0Number of asset objects unloaded after import = 27

========================================================================
Received Import Request.
  Time since last request: 0.000021 seconds.
  path: Assets/UnityXRContent/ARFoundation/SimulationEnvironments/LivingRoom/Prefab/CoffeeTable_48in_LR003.prefab
  artifactKey: Guid(089c1ede5287a294eaefe5817604102a) Importer(2089858483,b0f066a214c2f5e87bad3c948f4d605d)
Start importing Assets/UnityXRContent/ARFoundation/SimulationEnvironments/LivingRoom/Prefab/CoffeeTable_48in_LR003.prefab using Guid(089c1ede5287a294eaefe5817604102a) Importer(2089858483,b0f066a214c2f5e87bad3c948f4d605d) (ScriptedImporter) -> (artifact id: 'c51f296e3bf18ba4496b0e5cfb62fcdf') in 0.0131533 seconds
Number of updated asset objects reloaded before import = 0Number of asset objects unloaded after import = 17

========================================================================
Received Import Request.
  Time since last request: 0.000024 seconds.
  path: Assets/UnityXRContent/ARFoundation/SimulationEnvironments/LivingRoom/Models/Wall_Scroll_7ft_LR001.fbx
  artifactKey: Guid(6b731bd3783ad41409255143d3f882e6) Importer(2089858483,b0f066a214c2f5e87bad3c948f4d605d)
Start importing Assets/UnityXRContent/ARFoundation/SimulationEnvironments/LivingRoom/Models/Wall_Scroll_7ft_LR001.fbx using Guid(6b731bd3783ad41409255143d3f882e6) Importer(2089858483,b0f066a214c2f5e87bad3c948f4d605d) (ScriptedImporter) -> (artifact id: 'af191c7611b4169b813f101c81d91c9e') in 0.0100759 seconds
Number of updated asset objects reloaded before import = 0Number of asset objects unloaded after import = 7

========================================================================
Received Import Request.
  Time since last request: 0.000034 seconds.
  path: Assets/UnityXRContent/ARFoundation/SimulationEnvironments/Billboard/Prefab/Building_Window_Tall_BB002.prefab
  artifactKey: Guid(423bc316b4055e6438037d4f56cf1750) Importer(2089858483,b0f066a214c2f5e87bad3c948f4d605d)
Start importing Assets/UnityXRContent/ARFoundation/SimulationEnvironments/Billboard/Prefab/Building_Window_Tall_BB002.prefab using Guid(423bc316b4055e6438037d4f56cf1750) Importer(2089858483,b0f066a214c2f5e87bad3c948f4d605d) (ScriptedImporter) -> (artifact id: '21bb36570b60120700a86dfc5e289ead') in 0.0117827 seconds
Number of updated asset objects reloaded before import = 0Number of asset objects unloaded after import = 17

========================================================================
Received Import Request.
  Time since last request: 0.000022 seconds.
  path: Assets/UnityXRContent/ARFoundation/SimulationEnvironments/Office/Prefab/Chair_31.5in_OF001.prefab
  artifactKey: Guid(24040fce6489de1458a574fa3a27f547) Importer(2089858483,b0f066a214c2f5e87bad3c948f4d605d)
Start importing Assets/UnityXRContent/ARFoundation/SimulationEnvironments/Office/Prefab/Chair_31.5in_OF001.prefab using Guid(24040fce6489de1458a574fa3a27f547) Importer(2089858483,b0f066a214c2f5e87bad3c948f4d605d) (ScriptedImporter) -> (artifact id: '9c085709e25acd999612bd86dea5c718') in 0.0145488 seconds
Number of updated asset objects reloaded before import = 0Number of asset objects unloaded after import = 17

========================================================================
Received Import Request.
  Time since last request: 0.000023 seconds.
  path: Assets/UnityXRContent/ARFoundation/SimulationEnvironments/Kitchen/Models/CabinetUpper_15Wx12Dx36H_KN001a.fbx
  artifactKey: Guid(58e3a91037aa2e14cb46db1daad4b746) Importer(2089858483,b0f066a214c2f5e87bad3c948f4d605d)
Start importing Assets/UnityXRContent/ARFoundation/SimulationEnvironments/Kitchen/Models/CabinetUpper_15Wx12Dx36H_KN001a.fbx using Guid(58e3a91037aa2e14cb46db1daad4b746) Importer(2089858483,b0f066a214c2f5e87bad3c948f4d605d) (ScriptedImporter) -> (artifact id: '0f6d0e25d0ebf83046597f1262a7826e') in 0.0151942 seconds
Number of updated asset objects reloaded before import = 0Number of asset objects unloaded after import = 26

========================================================================
Received Import Request.
  Time since last request: 0.000026 seconds.
  path: Assets/UnityXRContent/Common/ReferenceObjects/Models/XRController_LT_SD001.fbx
  artifactKey: Guid(e6c346b4be1a4ae488c8be9cd52c4ed0) Importer(2089858483,b0f066a214c2f5e87bad3c948f4d605d)
Start importing Assets/UnityXRContent/Common/ReferenceObjects/Models/XRController_LT_SD001.fbx using Guid(e6c346b4be1a4ae488c8be9cd52c4ed0) Importer(2089858483,b0f066a214c2f5e87bad3c948f4d605d) (ScriptedImporter) -> (artifact id: '780fa28d27c3ada3233e12be42c81684') in 0.0163385 seconds
Number of updated asset objects reloaded before import = 0Number of asset objects unloaded after import = 51

========================================================================
Received Import Request.
  Time since last request: 0.000041 seconds.
  path: Assets/UnityXRContent/ARFoundation/SimulationEnvironments/Common/Prefab/FloorLamp_62in_CN002.prefab
  artifactKey: Guid(9e6fbf5bd5abb9345b59dfd7a62bf224) Importer(2089858483,b0f066a214c2f5e87bad3c948f4d605d)
Start importing Assets/UnityXRContent/ARFoundation/SimulationEnvironments/Common/Prefab/FloorLamp_62in_CN002.prefab using Guid(9e6fbf5bd5abb9345b59dfd7a62bf224) Importer(2089858483,b0f066a214c2f5e87bad3c948f4d605d) (ScriptedImporter) -> (artifact id: '2ce7f89ed55fde2a47bf4854fd905205') in 0.0160811 seconds
Number of updated asset objects reloaded before import = 0Number of asset objects unloaded after import = 16

========================================================================
Received Import Request.
  Time since last request: 0.000025 seconds.
  path: Assets/UnityXRContent/ARFoundation/SimulationEnvironments/DiningRoom/Prefab/Cabinet_72in_DR001.prefab
  artifactKey: Guid(0372989d0c618184189449c19a2bc413) Importer(2089858483,b0f066a214c2f5e87bad3c948f4d605d)
Start importing Assets/UnityXRContent/ARFoundation/SimulationEnvironments/DiningRoom/Prefab/Cabinet_72in_DR001.prefab using Guid(0372989d0c618184189449c19a2bc413) Importer(2089858483,b0f066a214c2f5e87bad3c948f4d605d) (ScriptedImporter) -> (artifact id: '72d098c3b4dcb30d41f909d2c0014a41') in 0.0168408 seconds
Number of updated asset objects reloaded before import = 0Number of asset objects unloaded after import = 16

========================================================================
Received Import Request.
  Time since last request: 0.000025 seconds.
  path: Assets/UnityXRContent/ARFoundation/SimulationEnvironments/Bedroom/Prefab/Bed_Twin_BR004.prefab
  artifactKey: Guid(e8c02d369b9074e4295ab803157217f1) Importer(2089858483,b0f066a214c2f5e87bad3c948f4d605d)
Start importing Assets/UnityXRContent/ARFoundation/SimulationEnvironments/Bedroom/Prefab/Bed_Twin_BR004.prefab using Guid(e8c02d369b9074e4295ab803157217f1) Importer(2089858483,b0f066a214c2f5e87bad3c948f4d605d) (ScriptedImporter) -> (artifact id: '0940f80a0e9eeca3dd2d7d0bd108271b') in 0.0074446 seconds
Number of updated asset objects reloaded before import = 0Number of asset objects unloaded after import = 27

========================================================================
Received Import Request.
  Time since last request: 0.000023 seconds.
  path: Assets/UnityXRContent/ARFoundation/SimulationEnvironments/Bedroom/Prefab/Chest_42in_BR001.prefab
  artifactKey: Guid(4d69b056dfc27bd46aa2bf5742e459c9) Importer(2089858483,b0f066a214c2f5e87bad3c948f4d605d)
Start importing Assets/UnityXRContent/ARFoundation/SimulationEnvironments/Bedroom/Prefab/Chest_42in_BR001.prefab using Guid(4d69b056dfc27bd46aa2bf5742e459c9) Importer(2089858483,b0f066a214c2f5e87bad3c948f4d605d) (ScriptedImporter) -> (artifact id: '4f9d722851ef12ab3b15f60e3b79874d') in 0.0165644 seconds
Number of updated asset objects reloaded before import = 0Number of asset objects unloaded after import = 16

========================================================================
Received Import Request.
  Time since last request: 0.000033 seconds.
  path: Assets/UnityXRContent/ARFoundation/SimulationEnvironments/Backyard/Prefab/Flagstone_3in_BY004.prefab
  artifactKey: Guid(1ad3abaf72c5e4e4992e681c820f407b) Importer(2089858483,b0f066a214c2f5e87bad3c948f4d605d)
Start importing Assets/UnityXRContent/ARFoundation/SimulationEnvironments/Backyard/Prefab/Flagstone_3in_BY004.prefab using Guid(1ad3abaf72c5e4e4992e681c820f407b) Importer(2089858483,b0f066a214c2f5e87bad3c948f4d605d) (ScriptedImporter) -> (artifact id: '454a2e4cda074dc8feb0f0e95ffe0352') in 0.013711 seconds
Number of updated asset objects reloaded before import = 0Number of asset objects unloaded after import = 15

========================================================================
Received Import Request.
  Time since last request: 0.000020 seconds.
  path: Assets/UnityXRContent/ARFoundation/SimulationEnvironments/LivingRoom/Models/Chair_29in_LR001.fbx
  artifactKey: Guid(0ac53f58cace55f4a886e75624380804) Importer(2089858483,b0f066a214c2f5e87bad3c948f4d605d)
Start importing Assets/UnityXRContent/ARFoundation/SimulationEnvironments/LivingRoom/Models/Chair_29in_LR001.fbx using Guid(0ac53f58cace55f4a886e75624380804) Importer(2089858483,b0f066a214c2f5e87bad3c948f4d605d) (ScriptedImporter) -> (artifact id: '363a83968119f31ff1e3d4351921baf7') in 0.0094289 seconds
Number of updated asset objects reloaded before import = 0Number of asset objects unloaded after import = 14

========================================================================
Received Import Request.
  Time since last request: 0.000020 seconds.
  path: Assets/UnityXRContent/ARFoundation/SimulationEnvironments/Bedroom/Models
  artifactKey: Guid(4210ccd1f8159b945ac60958957119b2) Importer(2089858483,b0f066a214c2f5e87bad3c948f4d605d)
Start importing Assets/UnityXRContent/ARFoundation/SimulationEnvironments/Bedroom/Models using Guid(4210ccd1f8159b945ac60958957119b2) Importer(2089858483,b0f066a214c2f5e87bad3c948f4d605d) (ScriptedImporter) -> (artifact id: 'b1c3f4dbade8ad01c83235bcb93321b7') in 0.0044293 seconds
Number of updated asset objects reloaded before import = 0Number of asset objects unloaded after import = 1

========================================================================
Received Import Request.
  Time since last request: 0.000022 seconds.
  path: Assets/UnityXRContent/ARFoundation/SimulationEnvironments/Kitchen/Models/CabinetUpper_TopTrim_24D_RightCap_KN001.fbx
  artifactKey: Guid(501fd4b9ac5602d46b5e35af3e76354b) Importer(2089858483,b0f066a214c2f5e87bad3c948f4d605d)
Start importing Assets/UnityXRContent/ARFoundation/SimulationEnvironments/Kitchen/Models/CabinetUpper_TopTrim_24D_RightCap_KN001.fbx using Guid(501fd4b9ac5602d46b5e35af3e76354b) Importer(2089858483,b0f066a214c2f5e87bad3c948f4d605d) (ScriptedImporter) -> (artifact id: '348a2a2e9eaddfd41d493a3c475d401e') in 0.0150468 seconds
Number of updated asset objects reloaded before import = 0Number of asset objects unloaded after import = 7

========================================================================
Received Import Request.
  Time since last request: 0.000031 seconds.
  path: Assets/UnityXRContent/Common/ReferenceShapes/Materials/StandardRed.mat
  artifactKey: Guid(f5025f65527b0b543bbbef60a28f5451) Importer(2089858483,b0f066a214c2f5e87bad3c948f4d605d)
Start importing Assets/UnityXRContent/Common/ReferenceShapes/Materials/StandardRed.mat using Guid(f5025f65527b0b543bbbef60a28f5451) Importer(2089858483,b0f066a214c2f5e87bad3c948f4d605d) (ScriptedImporter) -> (artifact id: '88cbe888f9245da2dbc2bf3c14cd0f8d') in 0.0080419 seconds
Number of updated asset objects reloaded before import = 0Number of asset objects unloaded after import = 1

========================================================================
Received Import Request.
  Time since last request: 0.000034 seconds.
  path: Assets/UnityXRContent/ARFoundation/SimulationEnvironments/Factory/Prefab/Tote_5in_FY001.prefab
  artifactKey: Guid(52a1e4c85bc663d44ac6aa64746f119f) Importer(2089858483,b0f066a214c2f5e87bad3c948f4d605d)
Start importing Assets/UnityXRContent/ARFoundation/SimulationEnvironments/Factory/Prefab/Tote_5in_FY001.prefab using Guid(52a1e4c85bc663d44ac6aa64746f119f) Importer(2089858483,b0f066a214c2f5e87bad3c948f4d605d) (ScriptedImporter) -> (artifact id: 'b55c55aba8df07d856a40b7be70a3866') in 0.0138016 seconds
Number of updated asset objects reloaded before import = 0Number of asset objects unloaded after import = 15

========================================================================
Received Import Request.
  Time since last request: 0.000025 seconds.
  path: Assets/UnityXRContent/ARFoundation/SimulationEnvironments/Backyard/Prefab/Fence_DogEar_Gate_48in_BY001.prefab
  artifactKey: Guid(94e0245a37185be498423da9f22b5e31) Importer(2089858483,b0f066a214c2f5e87bad3c948f4d605d)
Start importing Assets/UnityXRContent/ARFoundation/SimulationEnvironments/Backyard/Prefab/Fence_DogEar_Gate_48in_BY001.prefab using Guid(94e0245a37185be498423da9f22b5e31) Importer(2089858483,b0f066a214c2f5e87bad3c948f4d605d) (ScriptedImporter) -> (artifact id: '4307d0059c78da60b34627aeb85624d4') in 0.0122333 seconds
Number of updated asset objects reloaded before import = 0Number of asset objects unloaded after import = 16

========================================================================
Received Import Request.
  Time since last request: 0.000021 seconds.
  path: Assets/UnityXRContent/ARFoundation/SimulationEnvironments/LivingRoom/Models/Shelf_32in_LR001.fbx
  artifactKey: Guid(66e2b452eab6ed54c921afc8f91526ec) Importer(2089858483,b0f066a214c2f5e87bad3c948f4d605d)
Start importing Assets/UnityXRContent/ARFoundation/SimulationEnvironments/LivingRoom/Models/Shelf_32in_LR001.fbx using Guid(66e2b452eab6ed54c921afc8f91526ec) Importer(2089858483,b0f066a214c2f5e87bad3c948f4d605d) (ScriptedImporter) -> (artifact id: '982ef2ec020fd6e72530949df7a8bab3') in 0.0092928 seconds
Number of updated asset objects reloaded before import = 0Number of asset objects unloaded after import = 7

========================================================================
Received Import Request.
  Time since last request: 0.000018 seconds.
  path: Assets/UnityXRContent/ARFoundation/SimulationEnvironments/Kitchen/Prefab/SaucePan_8in_KN001.prefab
  artifactKey: Guid(bac087c0f5359994e927973d20cfb704) Importer(2089858483,b0f066a214c2f5e87bad3c948f4d605d)
Start importing Assets/UnityXRContent/ARFoundation/SimulationEnvironments/Kitchen/Prefab/SaucePan_8in_KN001.prefab using Guid(bac087c0f5359994e927973d20cfb704) Importer(2089858483,b0f066a214c2f5e87bad3c948f4d605d) (ScriptedImporter) -> (artifact id: '8fcc5b035869886229c3b84d4b2c36fb') in 0.0109341 seconds
Number of updated asset objects reloaded before import = 0Number of asset objects unloaded after import = 26

========================================================================
Received Import Request.
  Time since last request: 2.546565 seconds.
  path: Assets/Scripts/ARController.cs
  artifactKey: Guid(eaf994386295ce94e8bfc2f2f2f3da04) Importer(2089858483,b0f066a214c2f5e87bad3c948f4d605d)
Start importing Assets/Scripts/ARController.cs using Guid(eaf994386295ce94e8bfc2f2f2f3da04) Importer(2089858483,b0f066a214c2f5e87bad3c948f4d605d) (ScriptedImporter) -> (artifact id: '325e969f7ae9b73744d1a1665614d183') in 0.0046248 seconds
Number of updated asset objects reloaded before import = 0Number of asset objects unloaded after import = 0

========================================================================
Received Import Request.
  Time since last request: 0.000019 seconds.
  path: Assets/UnityXRContent/ARFoundation/SimulationEnvironments/Park/Park_322ftx300ft.prefab
  artifactKey: Guid(ce33304ac5536b94ca86d8957b047cea) Importer(2089858483,b0f066a214c2f5e87bad3c948f4d605d)
Start importing Assets/UnityXRContent/ARFoundation/SimulationEnvironments/Park/Park_322ftx300ft.prefab using Guid(ce33304ac5536b94ca86d8957b047cea) Importer(2089858483,b0f066a214c2f5e87bad3c948f4d605d) (ScriptedImporter) -> (artifact id: '1737a19b15d781e133c492c14c29e749') in 0.0383983 seconds
Number of updated asset objects reloaded before import = 0Number of asset objects unloaded after import = 1452

========================================================================
Received Import Request.
  Time since last request: 0.000028 seconds.
  path: Assets/UnityXRContent/ARFoundation/SimulationEnvironments/Backyard/Prefab/Flagstone_4in_BY002.prefab
  artifactKey: Guid(9b6e1ddb1fa25234295ff12ee2ad1274) Importer(2089858483,b0f066a214c2f5e87bad3c948f4d605d)
Start importing Assets/UnityXRContent/ARFoundation/SimulationEnvironments/Backyard/Prefab/Flagstone_4in_BY002.prefab using Guid(9b6e1ddb1fa25234295ff12ee2ad1274) Importer(2089858483,b0f066a214c2f5e87bad3c948f4d605d) (ScriptedImporter) -> (artifact id: '0b34944e34d054ceaf4818077fad6b8b') in 0.0123691 seconds
Number of updated asset objects reloaded before import = 0Number of asset objects unloaded after import = 15

========================================================================
Received Import Request.
  Time since last request: 0.000030 seconds.
  path: Assets/UnityXRContent/ARFoundation/SimulationEnvironments/Bedroom/Bedroom_20ftx17ft.prefab
  artifactKey: Guid(bb0b4bb82e54fb94ea27dc95f85181ca) Importer(2089858483,b0f066a214c2f5e87bad3c948f4d605d)
Start importing Assets/UnityXRContent/ARFoundation/SimulationEnvironments/Bedroom/Bedroom_20ftx17ft.prefab using Guid(bb0b4bb82e54fb94ea27dc95f85181ca) Importer(2089858483,b0f066a214c2f5e87bad3c948f4d605d) (ScriptedImporter) -> (artifact id: '562b76e465873adb1e5fa445e2d16cbc') in 0.023603 seconds
Number of updated asset objects reloaded before import = 0Number of asset objects unloaded after import = 306

========================================================================
Received Import Request.
  Time since last request: 0.000021 seconds.
  path: Assets/UnityXRContent/ARFoundation/SimulationEnvironments/Bedroom/Models/Nightstand_25in_BR001.fbx
  artifactKey: Guid(1f9e194edc869724e86a4efaa9ce6d1e) Importer(2089858483,b0f066a214c2f5e87bad3c948f4d605d)
Start importing Assets/UnityXRContent/ARFoundation/SimulationEnvironments/Bedroom/Models/Nightstand_25in_BR001.fbx using Guid(1f9e194edc869724e86a4efaa9ce6d1e) Importer(2089858483,b0f066a214c2f5e87bad3c948f4d605d) (ScriptedImporter) -> (artifact id: 'b40dd93b5b85e7f42fbd9eaed4487ac2') in 0.0097068 seconds
Number of updated asset objects reloaded before import = 0Number of asset objects unloaded after import = 7

========================================================================
Received Import Request.
  Time since last request: 0.000021 seconds.
  path: Assets/UnityXRContent/Common/ReferenceShapes/Materials/DebugRed.mat
  artifactKey: Guid(5c263d28743de4e4f94614f477a090e8) Importer(2089858483,b0f066a214c2f5e87bad3c948f4d605d)
Start importing Assets/UnityXRContent/Common/ReferenceShapes/Materials/DebugRed.mat using Guid(5c263d28743de4e4f94614f477a090e8) Importer(2089858483,b0f066a214c2f5e87bad3c948f4d605d) (ScriptedImporter) -> (artifact id: 'b53ee3f9cccdf2db9a019d1b8083bd5e') in 0.0070346 seconds
Number of updated asset objects reloaded before import = 0Number of asset objects unloaded after import = 1

========================================================================
Received Import Request.
  Time since last request: 0.000018 seconds.
  path: Assets/UnityXRContent/ARFoundation/SimulationEnvironments/DiningRoom/Prefab/Bench_42in_DR001.prefab
  artifactKey: Guid(752da4571edc92142863b2886f76c0bd) Importer(2089858483,b0f066a214c2f5e87bad3c948f4d605d)
Start importing Assets/UnityXRContent/ARFoundation/SimulationEnvironments/DiningRoom/Prefab/Bench_42in_DR001.prefab using Guid(752da4571edc92142863b2886f76c0bd) Importer(2089858483,b0f066a214c2f5e87bad3c948f4d605d) (ScriptedImporter) -> (artifact id: 'f625e430035438b529f15fce8888d578') in 0.0129093 seconds
Number of updated asset objects reloaded before import = 0Number of asset objects unloaded after import = 17

========================================================================
Received Import Request.
  Time since last request: 0.000028 seconds.
  path: Assets/UnityXRContent/ARFoundation/SimulationEnvironments/Bedroom/Prefab/Nightstand_25in_BR002.prefab
  artifactKey: Guid(7b0a8ff5903864d4ab79f1f318490282) Importer(2089858483,b0f066a214c2f5e87bad3c948f4d605d)
Start importing Assets/UnityXRContent/ARFoundation/SimulationEnvironments/Bedroom/Prefab/Nightstand_25in_BR002.prefab using Guid(7b0a8ff5903864d4ab79f1f318490282) Importer(2089858483,b0f066a214c2f5e87bad3c948f4d605d) (ScriptedImporter) -> (artifact id: '4512a299d6be44a874c1c86cc107e89e') in 0.0132521 seconds
Number of updated asset objects reloaded before import = 0Number of asset objects unloaded after import = 16

========================================================================
Received Import Request.
  Time since last request: 0.000035 seconds.
  path: Assets/UnityXRContent/ARFoundation/SimulationEnvironments/Kitchen/Models/CabinetLower_Backsplash_24D_EndCapR_KN001.fbx
  artifactKey: Guid(65f7c87d534f14345a382be19325b1b4) Importer(2089858483,b0f066a214c2f5e87bad3c948f4d605d)
Start importing Assets/UnityXRContent/ARFoundation/SimulationEnvironments/Kitchen/Models/CabinetLower_Backsplash_24D_EndCapR_KN001.fbx using Guid(65f7c87d534f14345a382be19325b1b4) Importer(2089858483,b0f066a214c2f5e87bad3c948f4d605d) (ScriptedImporter) -> (artifact id: 'f68ccd5b7db55dfbc28ffe04ce5ebce1') in 0.0126752 seconds
Number of updated asset objects reloaded before import = 0Number of asset objects unloaded after import = 7

========================================================================
Received Import Request.
  Time since last request: 0.000024 seconds.
  path: Assets/UnityXRContent/ARFoundation/SimulationEnvironments/Office/Models/Environment_36ftx16.5ft_OF001.fbx
  artifactKey: Guid(95d122d69afd88048950525dc0ea413a) Importer(2089858483,b0f066a214c2f5e87bad3c948f4d605d)
Start importing Assets/UnityXRContent/ARFoundation/SimulationEnvironments/Office/Models/Environment_36ftx16.5ft_OF001.fbx using Guid(95d122d69afd88048950525dc0ea413a) Importer(2089858483,b0f066a214c2f5e87bad3c948f4d605d) (ScriptedImporter) -> (artifact id: 'c1ae894caa36c9b550335435b77b6dd1') in 0.0110462 seconds
Number of updated asset objects reloaded before import = 0Number of asset objects unloaded after import = 24

========================================================================
Received Import Request.
  Time since last request: 0.000023 seconds.
  path: Assets/UnityXRContent/ARFoundation/SimulationEnvironments/Kitchen/Prefab/CabinetLower_Backsplash_45Wx24Dx36H_CornerSink_KN001a.prefab
  artifactKey: Guid(791bb0da416d80043a49b248fbb9fcf5) Importer(2089858483,b0f066a214c2f5e87bad3c948f4d605d)
Start importing Assets/UnityXRContent/ARFoundation/SimulationEnvironments/Kitchen/Prefab/CabinetLower_Backsplash_45Wx24Dx36H_CornerSink_KN001a.prefab using Guid(791bb0da416d80043a49b248fbb9fcf5) Importer(2089858483,b0f066a214c2f5e87bad3c948f4d605d) (ScriptedImporter) -> (artifact id: '4c6b4822acf5d322fe7187a8682cc98c') in 0.0119252 seconds
Number of updated asset objects reloaded before import = 0Number of asset objects unloaded after import = 62

========================================================================
Received Import Request.
  Time since last request: 0.000022 seconds.
  path: Assets/UnityXRContent/ARFoundation/SimulationEnvironments/Bedroom/Prefab/Bed_Full_BR006.prefab
  artifactKey: Guid(c894ae401043bd94d9f9d8afcf8aa6ad) Importer(2089858483,b0f066a214c2f5e87bad3c948f4d605d)
Start importing Assets/UnityXRContent/ARFoundation/SimulationEnvironments/Bedroom/Prefab/Bed_Full_BR006.prefab using Guid(c894ae401043bd94d9f9d8afcf8aa6ad) Importer(2089858483,b0f066a214c2f5e87bad3c948f4d605d) (ScriptedImporter) -> (artifact id: '55d62443e0849bdbb4f71a54ab7f5c8b') in 0.0067044 seconds
Number of updated asset objects reloaded before import = 0Number of asset objects unloaded after import = 36

========================================================================
Received Import Request.
  Time since last request: 0.000029 seconds.
  path: Assets/UnityXRContent/ARFoundation/SimulationEnvironments/Kitchen/Prefab/CabinetUpper_54Wx12Dx36H_Corner_KN001a.prefab
  artifactKey: Guid(86b5cbf0cfe076a479e1d9db802c2fad) Importer(2089858483,b0f066a214c2f5e87bad3c948f4d605d)
Start importing Assets/UnityXRContent/ARFoundation/SimulationEnvironments/Kitchen/Prefab/CabinetUpper_54Wx12Dx36H_Corner_KN001a.prefab using Guid(86b5cbf0cfe076a479e1d9db802c2fad) Importer(2089858483,b0f066a214c2f5e87bad3c948f4d605d) (ScriptedImporter) -> (artifact id: 'b804e3eb3ca8accb0c324489e248e4d6') in 0.0147811 seconds
Number of updated asset objects reloaded before import = 0Number of asset objects unloaded after import = 131

========================================================================
Received Import Request.
  Time since last request: 0.000033 seconds.
  path: Assets/UnityXRContent/ARFoundation/SimulationEnvironments/Kitchen/Prefab/CabinetUpper_15Wx12Dx36H_KN001a.prefab
  artifactKey: Guid(847248f12179ec54f84826eb9f3d887f) Importer(2089858483,b0f066a214c2f5e87bad3c948f4d605d)
Start importing Assets/UnityXRContent/ARFoundation/SimulationEnvironments/Kitchen/Prefab/CabinetUpper_15Wx12Dx36H_KN001a.prefab using Guid(847248f12179ec54f84826eb9f3d887f) Importer(2089858483,b0f066a214c2f5e87bad3c948f4d605d) (ScriptedImporter) -> (artifact id: '9bc5d41c9944d56b10062da07b0ffb27') in 0.0119935 seconds
Number of updated asset objects reloaded before import = 0Number of asset objects unloaded after import = 51

========================================================================
Received Import Request.
  Time since last request: 0.000023 seconds.
  path: Assets/UnityXRContent/ARFoundation/SimulationEnvironments/Office/Prefab
  artifactKey: Guid(1060db0aae26d4a499d58a35a66f3a46) Importer(2089858483,b0f066a214c2f5e87bad3c948f4d605d)
Start importing Assets/UnityXRContent/ARFoundation/SimulationEnvironments/Office/Prefab using Guid(1060db0aae26d4a499d58a35a66f3a46) Importer(2089858483,b0f066a214c2f5e87bad3c948f4d605d) (ScriptedImporter) -> (artifact id: 'f3ceb2530d0c19dba7361e68baa87ac1') in 0.0052848 seconds
Number of updated asset objects reloaded before import = 0Number of asset objects unloaded after import = 1

========================================================================
Received Import Request.
  Time since last request: 0.000025 seconds.
  path: Assets/UnityXRContent/ARFoundation/SimulationEnvironments/LivingRoom/Models/Houseplant_8.5in_LR001.fbx
  artifactKey: Guid(a211fc0c414ea6b40b93d2e449ec198a) Importer(2089858483,b0f066a214c2f5e87bad3c948f4d605d)
Start importing Assets/UnityXRContent/ARFoundation/SimulationEnvironments/LivingRoom/Models/Houseplant_8.5in_LR001.fbx using Guid(a211fc0c414ea6b40b93d2e449ec198a) Importer(2089858483,b0f066a214c2f5e87bad3c948f4d605d) (ScriptedImporter) -> (artifact id: 'fad97ea0d3f5da1052d9914f38580a34') in 0.0124943 seconds
Number of updated asset objects reloaded before import = 0Number of asset objects unloaded after import = 7

========================================================================
Received Import Request.
  Time since last request: 0.000020 seconds.
  path: Assets/UnityXRContent/ARFoundation/SimulationEnvironments/DiningRoom/Prefab/Table_72in_DR001.prefab
  artifactKey: Guid(904fbcaf45a0af0438980cc7005f1916) Importer(2089858483,b0f066a214c2f5e87bad3c948f4d605d)
Start importing Assets/UnityXRContent/ARFoundation/SimulationEnvironments/DiningRoom/Prefab/Table_72in_DR001.prefab using Guid(904fbcaf45a0af0438980cc7005f1916) Importer(2089858483,b0f066a214c2f5e87bad3c948f4d605d) (ScriptedImporter) -> (artifact id: '3a46f51f4cb5a6e47e0abeceef9c3d14') in 0.0143182 seconds
Number of updated asset objects reloaded before import = 0Number of asset objects unloaded after import = 17

========================================================================
Received Import Request.
  Time since last request: 0.000025 seconds.
  path: Assets/UnityXRContent/ARFoundation/SimulationEnvironments/Kitchen/Prefab/CabinetUpper_TopTrim_24D_LeftCap_KN001.prefab
  artifactKey: Guid(d7cced4943d677747903cbc6932462e5) Importer(2089858483,b0f066a214c2f5e87bad3c948f4d605d)
Start importing Assets/UnityXRContent/ARFoundation/SimulationEnvironments/Kitchen/Prefab/CabinetUpper_TopTrim_24D_LeftCap_KN001.prefab using Guid(d7cced4943d677747903cbc6932462e5) Importer(2089858483,b0f066a214c2f5e87bad3c948f4d605d) (ScriptedImporter) -> (artifact id: '841b54bd291dccd5cfdf3326fddbacf5') in 0.0111055 seconds
Number of updated asset objects reloaded before import = 0Number of asset objects unloaded after import = 15

========================================================================
Received Import Request.
  Time since last request: 0.000039 seconds.
  path: Assets/UnityXRContent/ARFoundation/SimulationEnvironments/LivingRoom/Prefab/Couch_88in_LR002.prefab
  artifactKey: Guid(622ef5344ed47194390f17340db70317) Importer(2089858483,b0f066a214c2f5e87bad3c948f4d605d)
Start importing Assets/UnityXRContent/ARFoundation/SimulationEnvironments/LivingRoom/Prefab/Couch_88in_LR002.prefab using Guid(622ef5344ed47194390f17340db70317) Importer(2089858483,b0f066a214c2f5e87bad3c948f4d605d) (ScriptedImporter) -> (artifact id: 'fead6800f15c0063b532690a01897562') in 0.0086271 seconds
Number of updated asset objects reloaded before import = 0Number of asset objects unloaded after import = 55

========================================================================
Received Import Request.
  Time since last request: 0.000027 seconds.
  path: Assets/UnityXRContent/ARFoundation/SimulationEnvironments/LivingRoom/Models/TV_55in_LR001.fbx
  artifactKey: Guid(ea5ab554bf3b42f4da2fadab768735c5) Importer(2089858483,b0f066a214c2f5e87bad3c948f4d605d)
Start importing Assets/UnityXRContent/ARFoundation/SimulationEnvironments/LivingRoom/Models/TV_55in_LR001.fbx using Guid(ea5ab554bf3b42f4da2fadab768735c5) Importer(2089858483,b0f066a214c2f5e87bad3c948f4d605d) (ScriptedImporter) -> (artifact id: '5b350b92feec912acd63eaaed3f81780') in 0.0122073 seconds
Number of updated asset objects reloaded before import = 0Number of asset objects unloaded after import = 7

========================================================================
Received Import Request.
  Time since last request: 0.000024 seconds.
  path: Assets/UnityXRContent/ARFoundation/SimulationEnvironments/LivingRoom/Prefab/PillowTube_22.5in_LR001.prefab
  artifactKey: Guid(a13edad0281dc9349b1dc0358834b398) Importer(2089858483,b0f066a214c2f5e87bad3c948f4d605d)
Start importing Assets/UnityXRContent/ARFoundation/SimulationEnvironments/LivingRoom/Prefab/PillowTube_22.5in_LR001.prefab using Guid(a13edad0281dc9349b1dc0358834b398) Importer(2089858483,b0f066a214c2f5e87bad3c948f4d605d) (ScriptedImporter) -> (artifact id: '251a506fe7c5caed2220586e2b3432d8') in 0.0142494 seconds
Number of updated asset objects reloaded before import = 0Number of asset objects unloaded after import = 15

========================================================================
Received Import Request.
  Time since last request: 0.000029 seconds.
  path: Assets/UnityXRContent/ARFoundation/SimulationEnvironments/Kitchen/Models/Barstool_29in_KN002.fbx
  artifactKey: Guid(56f55a08beba1354c91757298b3304b7) Importer(2089858483,b0f066a214c2f5e87bad3c948f4d605d)
Start importing Assets/UnityXRContent/ARFoundation/SimulationEnvironments/Kitchen/Models/Barstool_29in_KN002.fbx using Guid(56f55a08beba1354c91757298b3304b7) Importer(2089858483,b0f066a214c2f5e87bad3c948f4d605d) (ScriptedImporter) -> (artifact id: '2be5782f31be54b7b00a4889706f8589') in 0.0150773 seconds
Number of updated asset objects reloaded before import = 0Number of asset objects unloaded after import = 7

========================================================================
Received Import Request.
  Time since last request: 0.000041 seconds.
  path: Assets/UnityXRContent/ARFoundation/SimulationEnvironments/Factory/Models/MFG_Equip_30ftx7ft_w_Exhaust_FY001.fbx
  artifactKey: Guid(b01d5656435570240b7a40146cef09cf) Importer(2089858483,b0f066a214c2f5e87bad3c948f4d605d)
Start importing Assets/UnityXRContent/ARFoundation/SimulationEnvironments/Factory/Models/MFG_Equip_30ftx7ft_w_Exhaust_FY001.fbx using Guid(b01d5656435570240b7a40146cef09cf) Importer(2089858483,b0f066a214c2f5e87bad3c948f4d605d) (ScriptedImporter) -> (artifact id: 'b00a331373e3157df154b0a06017159d') in 0.0127118 seconds
Number of updated asset objects reloaded before import = 0Number of asset objects unloaded after import = 14

========================================================================
Received Import Request.
  Time since last request: 0.000020 seconds.
  path: Assets/UnityXRContent/ARFoundation/SimulationEnvironments/Common/Materials/SimEnvironment_Floor.mat
  artifactKey: Guid(6d2c07a14ab70a543b5906805535029e) Importer(2089858483,b0f066a214c2f5e87bad3c948f4d605d)
Start importing Assets/UnityXRContent/ARFoundation/SimulationEnvironments/Common/Materials/SimEnvironment_Floor.mat using Guid(6d2c07a14ab70a543b5906805535029e) Importer(2089858483,b0f066a214c2f5e87bad3c948f4d605d) (ScriptedImporter) -> (artifact id: '8531ce4b1358051fd3119ad85d6a7f33') in 0.0120172 seconds
Number of updated asset objects reloaded before import = 0Number of asset objects unloaded after import = 4

========================================================================
Received Import Request.
  Time since last request: 0.000019 seconds.
  path: Assets/UnityXRContent/ARFoundation/SimulationEnvironments/Common/Prefab/Cylinder.prefab
  artifactKey: Guid(2816398ff0cb6644ab7aa420e7079d3d) Importer(2089858483,b0f066a214c2f5e87bad3c948f4d605d)
Start importing Assets/UnityXRContent/ARFoundation/SimulationEnvironments/Common/Prefab/Cylinder.prefab using Guid(2816398ff0cb6644ab7aa420e7079d3d) Importer(2089858483,b0f066a214c2f5e87bad3c948f4d605d) (ScriptedImporter) -> (artifact id: '28b72c3ccb6ca261df89f451b6b8f256') in 0.0115005 seconds
Number of updated asset objects reloaded before import = 0Number of asset objects unloaded after import = 15

========================================================================
Received Import Request.
  Time since last request: 0.000029 seconds.
  path: Assets/UnityXRContent/ARFoundation/SimulationEnvironments/Bedroom/Models/Nightstand_25in_BR002.fbx
  artifactKey: Guid(cd3033dca7730ed4ba1c5eb716822f0e) Importer(2089858483,b0f066a214c2f5e87bad3c948f4d605d)
Start importing Assets/UnityXRContent/ARFoundation/SimulationEnvironments/Bedroom/Models/Nightstand_25in_BR002.fbx using Guid(cd3033dca7730ed4ba1c5eb716822f0e) Importer(2089858483,b0f066a214c2f5e87bad3c948f4d605d) (ScriptedImporter) -> (artifact id: '3cbb73631a829adf0bf1e15d5fb4cc10') in 0.0135371 seconds
Number of updated asset objects reloaded before import = 0Number of asset objects unloaded after import = 7

========================================================================
Received Import Request.
  Time since last request: 0.000040 seconds.
  path: Assets/UnityXRContent/ARFoundation/SimulationEnvironments/Office/Models/Desk_71in_OF001.fbx
  artifactKey: Guid(7d56cc41b90af4142a7db63766886755) Importer(2089858483,b0f066a214c2f5e87bad3c948f4d605d)
Start importing Assets/UnityXRContent/ARFoundation/SimulationEnvironments/Office/Models/Desk_71in_OF001.fbx using Guid(7d56cc41b90af4142a7db63766886755) Importer(2089858483,b0f066a214c2f5e87bad3c948f4d605d) (ScriptedImporter) -> (artifact id: 'ba360dc9bb890e1ce53dd0a1fa14c841') in 0.0149412 seconds
Number of updated asset objects reloaded before import = 0Number of asset objects unloaded after import = 7

========================================================================
Received Import Request.
  Time since last request: 0.000021 seconds.
  path: Assets/UnityXRContent/ARFoundation/SimulationEnvironments/Common/Prefab/Paper_Pad_11in_CN001.prefab
  artifactKey: Guid(17df56ee986ddbe41b0fe95d5e6a7de2) Importer(2089858483,b0f066a214c2f5e87bad3c948f4d605d)
Start importing Assets/UnityXRContent/ARFoundation/SimulationEnvironments/Common/Prefab/Paper_Pad_11in_CN001.prefab using Guid(17df56ee986ddbe41b0fe95d5e6a7de2) Importer(2089858483,b0f066a214c2f5e87bad3c948f4d605d) (ScriptedImporter) -> (artifact id: '294bc9b9bae0f71bfa4931d242cbeb39') in 0.0130793 seconds
Number of updated asset objects reloaded before import = 0Number of asset objects unloaded after import = 15

========================================================================
Received Import Request.
  Time since last request: 0.000020 seconds.
  path: Assets/UnityXRContent/ARFoundation/SimulationEnvironments/Common/Materials/SimEnvironment_Glass.mat
  artifactKey: Guid(0d6f4117f2af50c4c938111d95e01f65) Importer(2089858483,b0f066a214c2f5e87bad3c948f4d605d)
Start importing Assets/UnityXRContent/ARFoundation/SimulationEnvironments/Common/Materials/SimEnvironment_Glass.mat using Guid(0d6f4117f2af50c4c938111d95e01f65) Importer(2089858483,b0f066a214c2f5e87bad3c948f4d605d) (ScriptedImporter) -> (artifact id: '26a2276e582adac7eebf284c44b48d64') in 0.0122238 seconds
Number of updated asset objects reloaded before import = 0Number of asset objects unloaded after import = 4

========================================================================
Received Import Request.
  Time since last request: 0.000028 seconds.
  path: Assets/UnityXRContent/ARFoundation/SimulationEnvironments/Factory/Models/55Gal_Drum_FY001.fbx
  artifactKey: Guid(8644f4138843e9a40b7d0ad3b92e366d) Importer(2089858483,b0f066a214c2f5e87bad3c948f4d605d)
Start importing Assets/UnityXRContent/ARFoundation/SimulationEnvironments/Factory/Models/55Gal_Drum_FY001.fbx using Guid(8644f4138843e9a40b7d0ad3b92e366d) Importer(2089858483,b0f066a214c2f5e87bad3c948f4d605d) (ScriptedImporter) -> (artifact id: 'feaf909745ae366e8c9a271774992f95') in 0.0105857 seconds
Number of updated asset objects reloaded before import = 0Number of asset objects unloaded after import = 7

========================================================================
Received Import Request.
  Time since last request: 0.000033 seconds.
  path: Assets/UnityXRContent/ARFoundation/SimulationEnvironments/Common/Materials/SimEnvironment_Carpet.mat
  artifactKey: Guid(55478d86298472547ac2a4f6f048f0a8) Importer(2089858483,b0f066a214c2f5e87bad3c948f4d605d)
Start importing Assets/UnityXRContent/ARFoundation/SimulationEnvironments/Common/Materials/SimEnvironment_Carpet.mat using Guid(55478d86298472547ac2a4f6f048f0a8) Importer(2089858483,b0f066a214c2f5e87bad3c948f4d605d) (ScriptedImporter) -> (artifact id: 'd4099ee0502e8a692f07977376fc554c') in 0.0108557 seconds
Number of updated asset objects reloaded before import = 0Number of asset objects unloaded after import = 4

========================================================================
Received Import Request.
  Time since last request: 0.000019 seconds.
  path: Assets/UnityXRContent/ARFoundation/SimulationEnvironments/LivingRoom/Models/PictureFrame_19.5x24in_LR001.fbx
  artifactKey: Guid(5dd2b58cd9d0dae499209846d9ce5e1f) Importer(2089858483,b0f066a214c2f5e87bad3c948f4d605d)
Start importing Assets/UnityXRContent/ARFoundation/SimulationEnvironments/LivingRoom/Models/PictureFrame_19.5x24in_LR001.fbx using Guid(5dd2b58cd9d0dae499209846d9ce5e1f) Importer(2089858483,b0f066a214c2f5e87bad3c948f4d605d) (ScriptedImporter) -> (artifact id: '2d5625d9a6d3574b414c65d24ec4ac36') in 0.0101288 seconds
Number of updated asset objects reloaded before import = 0Number of asset objects unloaded after import = 7

========================================================================
Received Import Request.
  Time since last request: 0.000020 seconds.
  path: Assets/UnityXRContent/ARFoundation/SimulationEnvironments/Factory/Prefab/Boombox_FY001.prefab
  artifactKey: Guid(96d251a6cfe8ec94d8af2bfca59421ef) Importer(2089858483,b0f066a214c2f5e87bad3c948f4d605d)
Start importing Assets/UnityXRContent/ARFoundation/SimulationEnvironments/Factory/Prefab/Boombox_FY001.prefab using Guid(96d251a6cfe8ec94d8af2bfca59421ef) Importer(2089858483,b0f066a214c2f5e87bad3c948f4d605d) (ScriptedImporter) -> (artifact id: 'ab7a72227442306cba42c03dde788c85') in 0.016584 seconds
Number of updated asset objects reloaded before import = 0Number of asset objects unloaded after import = 15

========================================================================
Received Import Request.
  Time since last request: 0.000019 seconds.
  path: Assets/UnityXRContent/ARFoundation/SimulationEnvironments/DiningRoom/Prefab/Chair_32in_DR003.prefab
  artifactKey: Guid(d598777bf32989c48b78ad46a1d8180d) Importer(2089858483,b0f066a214c2f5e87bad3c948f4d605d)
Start importing Assets/UnityXRContent/ARFoundation/SimulationEnvironments/DiningRoom/Prefab/Chair_32in_DR003.prefab using Guid(d598777bf32989c48b78ad46a1d8180d) Importer(2089858483,b0f066a214c2f5e87bad3c948f4d605d) (ScriptedImporter) -> (artifact id: '26aa8bdae7e33f0acd78d27309b65158') in 0.0156805 seconds
Number of updated asset objects reloaded before import = 0Number of asset objects unloaded after import = 17

========================================================================
Received Import Request.
  Time since last request: 0.000029 seconds.
  path: Assets/UnityXRContent/ARFoundation/SimulationEnvironments/Backyard/Models/Loveseat_Patio_49in_BY001.fbx
  artifactKey: Guid(f1074ce09fa5de5478c0ed2e1652b578) Importer(2089858483,b0f066a214c2f5e87bad3c948f4d605d)
Start importing Assets/UnityXRContent/ARFoundation/SimulationEnvironments/Backyard/Models/Loveseat_Patio_49in_BY001.fbx using Guid(f1074ce09fa5de5478c0ed2e1652b578) Importer(2089858483,b0f066a214c2f5e87bad3c948f4d605d) (ScriptedImporter) -> (artifact id: 'd1fa1686d59e5ba96e7389716d58ad2b') in 0.0106938 seconds
Number of updated asset objects reloaded before import = 0Number of asset objects unloaded after import = 19

========================================================================
Received Import Request.
  Time since last request: 0.000032 seconds.
  path: Assets/UnityXRContent/ARFoundation/SimulationEnvironments/Kitchen/Models/CabinetUpper_TopTrim_12D_RightCap_KN001.fbx
  artifactKey: Guid(c1d665e28f3b0c842857c21afddd6847) Importer(2089858483,b0f066a214c2f5e87bad3c948f4d605d)
Start importing Assets/UnityXRContent/ARFoundation/SimulationEnvironments/Kitchen/Models/CabinetUpper_TopTrim_12D_RightCap_KN001.fbx using Guid(c1d665e28f3b0c842857c21afddd6847) Importer(2089858483,b0f066a214c2f5e87bad3c948f4d605d) (ScriptedImporter) -> (artifact id: '4dbdfb120d77f752150c011b03ea76ba') in 0.0110823 seconds
Number of updated asset objects reloaded before import = 0Number of asset objects unloaded after import = 7

========================================================================
Received Import Request.
  Time since last request: 0.000020 seconds.
  path: Assets/UnityXRContent/ARFoundation/SimulationEnvironments/LivingRoom/Models/BowlApples_8in_LR001.fbx
  artifactKey: Guid(9f86f63d7fdaabf418b0e24c519bea7f) Importer(2089858483,b0f066a214c2f5e87bad3c948f4d605d)
Start importing Assets/UnityXRContent/ARFoundation/SimulationEnvironments/LivingRoom/Models/BowlApples_8in_LR001.fbx using Guid(9f86f63d7fdaabf418b0e24c519bea7f) Importer(2089858483,b0f066a214c2f5e87bad3c948f4d605d) (ScriptedImporter) -> (artifact id: '467318945e3ae768848ade170469e94c') in 0.0107296 seconds
Number of updated asset objects reloaded before import = 0Number of asset objects unloaded after import = 24

========================================================================
Received Import Request.
  Time since last request: 0.000020 seconds.
  path: Assets/UnityXRContent/ARFoundation/SimulationEnvironments/Kitchen/Models/Cooktop_30in_Gas_KN001.fbx
  artifactKey: Guid(2f5a69a445afdda449b9a0bddbbf3946) Importer(2089858483,b0f066a214c2f5e87bad3c948f4d605d)
Start importing Assets/UnityXRContent/ARFoundation/SimulationEnvironments/Kitchen/Models/Cooktop_30in_Gas_KN001.fbx using Guid(2f5a69a445afdda449b9a0bddbbf3946) Importer(2089858483,b0f066a214c2f5e87bad3c948f4d605d) (ScriptedImporter) -> (artifact id: '34e63e48b7b6603519c5bd093382e15a') in 0.0157283 seconds
Number of updated asset objects reloaded before import = 0Number of asset objects unloaded after import = 17

========================================================================
Received Import Request.
  Time since last request: 0.000024 seconds.
  path: Assets/UnityXRContent/ARFoundation/SimulationEnvironments/LivingRoom/Prefab/Custom/Clock_18in_LR001.prefab
  artifactKey: Guid(45cb6610d848e5c47a855e463f4ff1c0) Importer(2089858483,b0f066a214c2f5e87bad3c948f4d605d)
Start importing Assets/UnityXRContent/ARFoundation/SimulationEnvironments/LivingRoom/Prefab/Custom/Clock_18in_LR001.prefab using Guid(45cb6610d848e5c47a855e463f4ff1c0) Importer(2089858483,b0f066a214c2f5e87bad3c948f4d605d) (ScriptedImporter) -> (artifact id: 'e7db5e5479c4d8aabb9feea03753c9f6') in 0.013287 seconds
Number of updated asset objects reloaded before import = 0Number of asset objects unloaded after import = 20

========================================================================
Received Import Request.
  Time since last request: 0.000033 seconds.
  path: Assets/UnityXRContent/ARFoundation/SimulationEnvironments/Museum/Prefab/DisplayStand_39in_MM001.prefab
  artifactKey: Guid(aa79f1428c9afe344ac4e7ff47c36959) Importer(2089858483,b0f066a214c2f5e87bad3c948f4d605d)
Start importing Assets/UnityXRContent/ARFoundation/SimulationEnvironments/Museum/Prefab/DisplayStand_39in_MM001.prefab using Guid(aa79f1428c9afe344ac4e7ff47c36959) Importer(2089858483,b0f066a214c2f5e87bad3c948f4d605d) (ScriptedImporter) -> (artifact id: '2ce03e28dea9eee068f2af5c76f1e7ad') in 0.0108384 seconds
Number of updated asset objects reloaded before import = 0Number of asset objects unloaded after import = 15

========================================================================
Received Import Request.
  Time since last request: 0.000020 seconds.
  path: Assets/UnityXRContent/ARFoundation/SimulationEnvironments/LivingRoom/Models/Console_27.5in_LR002.fbx
  artifactKey: Guid(7666d3113abf71b4fb5e67587a5bcb11) Importer(2089858483,b0f066a214c2f5e87bad3c948f4d605d)
Start importing Assets/UnityXRContent/ARFoundation/SimulationEnvironments/LivingRoom/Models/Console_27.5in_LR002.fbx using Guid(7666d3113abf71b4fb5e67587a5bcb11) Importer(2089858483,b0f066a214c2f5e87bad3c948f4d605d) (ScriptedImporter) -> (artifact id: '4c1c1e1179845e4ff5018bc73786b262') in 0.0116789 seconds
Number of updated asset objects reloaded before import = 0Number of asset objects unloaded after import = 7

========================================================================
Received Import Request.
  Time since last request: 0.000019 seconds.
  path: Assets/UnityXRContent/ARFoundation/SimulationEnvironments/Kitchen/Prefab/CabinetUpper_30Wx12Dx18H_KN001a.prefab
  artifactKey: Guid(7f014d4871b5d0a4d9748b69666f6c31) Importer(2089858483,b0f066a214c2f5e87bad3c948f4d605d)
Start importing Assets/UnityXRContent/ARFoundation/SimulationEnvironments/Kitchen/Prefab/CabinetUpper_30Wx12Dx18H_KN001a.prefab using Guid(7f014d4871b5d0a4d9748b69666f6c31) Importer(2089858483,b0f066a214c2f5e87bad3c948f4d605d) (ScriptedImporter) -> (artifact id: '5e65e6a5f156675c5caee7b38bd22bf9') in 0.014554 seconds
Number of updated asset objects reloaded before import = 0Number of asset objects unloaded after import = 69

========================================================================
Received Import Request.
  Time since last request: 0.000023 seconds.
  path: Assets/UnityXRContent/ARFoundation/SimulationEnvironments/LivingRoom/Models/Shelf_48in_LR001.fbx
  artifactKey: Guid(a063e5b608470554caf35a8f061220b7) Importer(2089858483,b0f066a214c2f5e87bad3c948f4d605d)
Start importing Assets/UnityXRContent/ARFoundation/SimulationEnvironments/LivingRoom/Models/Shelf_48in_LR001.fbx using Guid(a063e5b608470554caf35a8f061220b7) Importer(2089858483,b0f066a214c2f5e87bad3c948f4d605d) (ScriptedImporter) -> (artifact id: '03a38b21b3980d649acd845df8cf90fe') in 0.0119819 seconds
Number of updated asset objects reloaded before import = 0Number of asset objects unloaded after import = 7

========================================================================
Received Import Request.
  Time since last request: 0.000042 seconds.
  path: Assets/UnityXRContent/ARFoundation/SimulationEnvironments/Backyard/Models/Umbrella_7ft_BY001.fbx
  artifactKey: Guid(afabd357a88071841b839e72c0cda077) Importer(2089858483,b0f066a214c2f5e87bad3c948f4d605d)
Start importing Assets/UnityXRContent/ARFoundation/SimulationEnvironments/Backyard/Models/Umbrella_7ft_BY001.fbx using Guid(afabd357a88071841b839e72c0cda077) Importer(2089858483,b0f066a214c2f5e87bad3c948f4d605d) (ScriptedImporter) -> (artifact id: '6fe1c5b7cf0cc43211b45a8e58dd043a') in 0.0090994 seconds
Number of updated asset objects reloaded before import = 0Number of asset objects unloaded after import = 14

========================================================================
Received Import Request.
  Time since last request: 0.000019 seconds.
  path: Assets/UnityXRContent/ARFoundation/SimulationEnvironments/Factory/Prefab/Air_Compressor_FY001.prefab
  artifactKey: Guid(8c672127b9d472f458299885a7763df8) Importer(2089858483,b0f066a214c2f5e87bad3c948f4d605d)
Start importing Assets/UnityXRContent/ARFoundation/SimulationEnvironments/Factory/Prefab/Air_Compressor_FY001.prefab using Guid(8c672127b9d472f458299885a7763df8) Importer(2089858483,b0f066a214c2f5e87bad3c948f4d605d) (ScriptedImporter) -> (artifact id: 'a1805a4257ffcc5100b14da9dd503420') in 0.0107544 seconds
Number of updated asset objects reloaded before import = 0Number of asset objects unloaded after import = 15

========================================================================
Received Import Request.
  Time since last request: 0.000028 seconds.
  path: Assets/UnityXRContent/ARFoundation/SimulationEnvironments/LivingRoom/Prefab/Clock_24in_LR001.prefab
  artifactKey: Guid(7a8962209b8588a47a68b83fac2d0bb2) Importer(2089858483,b0f066a214c2f5e87bad3c948f4d605d)
Start importing Assets/UnityXRContent/ARFoundation/SimulationEnvironments/LivingRoom/Prefab/Clock_24in_LR001.prefab using Guid(7a8962209b8588a47a68b83fac2d0bb2) Importer(2089858483,b0f066a214c2f5e87bad3c948f4d605d) (ScriptedImporter) -> (artifact id: '2f55370e23a600ec4f427b2b4c636284') in 0.0110364 seconds
Number of updated asset objects reloaded before import = 0Number of asset objects unloaded after import = 15

========================================================================
Received Import Request.
  Time since last request: 0.000020 seconds.
  path: Assets/UnityXRContent/ARFoundation/SimulationEnvironments/Museum/Models/DisplayStand_39in_MM001.fbx
  artifactKey: Guid(10681b197ebd08f41beb6fea59303d7d) Importer(2089858483,b0f066a214c2f5e87bad3c948f4d605d)
Start importing Assets/UnityXRContent/ARFoundation/SimulationEnvironments/Museum/Models/DisplayStand_39in_MM001.fbx using Guid(10681b197ebd08f41beb6fea59303d7d) Importer(2089858483,b0f066a214c2f5e87bad3c948f4d605d) (ScriptedImporter) -> (artifact id: '530ea7b9a799c800489bd84a576fae16') in 0.0091349 seconds
Number of updated asset objects reloaded before import = 0Number of asset objects unloaded after import = 7

========================================================================
Received Import Request.
  Time since last request: 0.000024 seconds.
  path: Assets/UnityXRContent/ARFoundation/SimulationEnvironments/DiningRoom/Prefab/Dish_Set_DR002.prefab
  artifactKey: Guid(6947584f23ba6494888ce710686ea1fe) Importer(2089858483,b0f066a214c2f5e87bad3c948f4d605d)
Start importing Assets/UnityXRContent/ARFoundation/SimulationEnvironments/DiningRoom/Prefab/Dish_Set_DR002.prefab using Guid(6947584f23ba6494888ce710686ea1fe) Importer(2089858483,b0f066a214c2f5e87bad3c948f4d605d) (ScriptedImporter) -> (artifact id: '7a058997270e52e8bc03334d5793f8c4') in 0.0061836 seconds
Number of updated asset objects reloaded before import = 0Number of asset objects unloaded after import = 53

========================================================================
Received Import Request.
  Time since last request: 0.000031 seconds.
  path: Assets/UnityXRContent/ARFoundation/SimulationEnvironments/Bedroom/Models/Bed_King_BR004.fbx
  artifactKey: Guid(834089b30da06a1478b49acbbe1239a7) Importer(2089858483,b0f066a214c2f5e87bad3c948f4d605d)
Start importing Assets/UnityXRContent/ARFoundation/SimulationEnvironments/Bedroom/Models/Bed_King_BR004.fbx using Guid(834089b30da06a1478b49acbbe1239a7) Importer(2089858483,b0f066a214c2f5e87bad3c948f4d605d) (ScriptedImporter) -> (artifact id: '5bd08e2a3b294c73cbfd726e2ab74da3') in 0.0121285 seconds
Number of updated asset objects reloaded before import = 0Number of asset objects unloaded after import = 19

========================================================================
Received Import Request.
  Time since last request: 0.000022 seconds.
  path: Assets/UnityXRContent/ARFoundation/SimulationEnvironments/Bedroom/Prefab/Bed_King_BR001.prefab
  artifactKey: Guid(d89386454ea8d5e44b9f21f1195d5dce) Importer(2089858483,b0f066a214c2f5e87bad3c948f4d605d)
Start importing Assets/UnityXRContent/ARFoundation/SimulationEnvironments/Bedroom/Prefab/Bed_King_BR001.prefab using Guid(d89386454ea8d5e44b9f21f1195d5dce) Importer(2089858483,b0f066a214c2f5e87bad3c948f4d605d) (ScriptedImporter) -> (artifact id: 'ca564a5542bd99541f7a2d649ebd7bc5') in 0.006802 seconds
Number of updated asset objects reloaded before import = 0Number of asset objects unloaded after import = 36

========================================================================
Received Import Request.
  Time since last request: 0.000022 seconds.
  path: Assets/UnityXRContent/ARFoundation/SimulationEnvironments/Backyard/Models/FirePit_32in_BY001.fbx
  artifactKey: Guid(cf37dc6681418254d8a548f739cf87a7) Importer(2089858483,b0f066a214c2f5e87bad3c948f4d605d)
Start importing Assets/UnityXRContent/ARFoundation/SimulationEnvironments/Backyard/Models/FirePit_32in_BY001.fbx using Guid(cf37dc6681418254d8a548f739cf87a7) Importer(2089858483,b0f066a214c2f5e87bad3c948f4d605d) (ScriptedImporter) -> (artifact id: '8af62d5073afef1f05cf6287ce630640') in 0.0098953 seconds
Number of updated asset objects reloaded before import = 0Number of asset objects unloaded after import = 7

========================================================================
Received Import Request.
  Time since last request: 0.000020 seconds.
  path: Assets/UnityXRContent/ARFoundation/SimulationEnvironments/LivingRoom/Prefab/Loveseat_66in_LR001.prefab
  artifactKey: Guid(4004c1d5defeac346b19abc4179fd85b) Importer(2089858483,b0f066a214c2f5e87bad3c948f4d605d)
Start importing Assets/UnityXRContent/ARFoundation/SimulationEnvironments/LivingRoom/Prefab/Loveseat_66in_LR001.prefab using Guid(4004c1d5defeac346b19abc4179fd85b) Importer(2089858483,b0f066a214c2f5e87bad3c948f4d605d) (ScriptedImporter) -> (artifact id: 'b0095d97c8307137b7bf2d2e48860642') in 0.0066488 seconds
Number of updated asset objects reloaded before import = 0Number of asset objects unloaded after import = 37

========================================================================
Received Import Request.
  Time since last request: 0.000023 seconds.
  path: Assets/UnityXRContent/ARFoundation/SimulationEnvironments/Backyard/Prefab/Fence_Wood_Gate_8ft_BY001.prefab
  artifactKey: Guid(8397589f0ee55154b9012d91fb68712f) Importer(2089858483,b0f066a214c2f5e87bad3c948f4d605d)
Start importing Assets/UnityXRContent/ARFoundation/SimulationEnvironments/Backyard/Prefab/Fence_Wood_Gate_8ft_BY001.prefab using Guid(8397589f0ee55154b9012d91fb68712f) Importer(2089858483,b0f066a214c2f5e87bad3c948f4d605d) (ScriptedImporter) -> (artifact id: 'deb9856577ee338304ab7e911fe2deda') in 0.0067756 seconds
Number of updated asset objects reloaded before import = 0Number of asset objects unloaded after import = 27

========================================================================
Received Import Request.
  Time since last request: 0.000034 seconds.
  path: Assets/UnityXRContent/ARFoundation/SimulationEnvironments/LivingRoom/Models/BeanBagChair_52in_LR001.fbx
  artifactKey: Guid(ba0dd63a22cf2e04d97a968f156aa8ed) Importer(2089858483,b0f066a214c2f5e87bad3c948f4d605d)
Start importing Assets/UnityXRContent/ARFoundation/SimulationEnvironments/LivingRoom/Models/BeanBagChair_52in_LR001.fbx using Guid(ba0dd63a22cf2e04d97a968f156aa8ed) Importer(2089858483,b0f066a214c2f5e87bad3c948f4d605d) (ScriptedImporter) -> (artifact id: 'abe9aea9be636e0e14a684288817f924') in 0.012857 seconds
Number of updated asset objects reloaded before import = 0Number of asset objects unloaded after import = 7

========================================================================
Received Import Request.
  Time since last request: 0.000038 seconds.
  path: Assets/UnityXRContent/ARFoundation/SimulationEnvironments/DiningRoom/Models/Table_48in_DR001.fbx
  artifactKey: Guid(dbd83e5e6f47440439e0b7561ddf0963) Importer(2089858483,b0f066a214c2f5e87bad3c948f4d605d)
Start importing Assets/UnityXRContent/ARFoundation/SimulationEnvironments/DiningRoom/Models/Table_48in_DR001.fbx using Guid(dbd83e5e6f47440439e0b7561ddf0963) Importer(2089858483,b0f066a214c2f5e87bad3c948f4d605d) (ScriptedImporter) -> (artifact id: '1d558797b0794566c0e97a356bf24b3d') in 0.0161287 seconds
Number of updated asset objects reloaded before import = 0Number of asset objects unloaded after import = 7

========================================================================
Received Import Request.
  Time since last request: 0.000028 seconds.
  path: Assets/UnityXRContent/ARFoundation/SimulationEnvironments/LivingRoom/Models/Blanket_Draped_LR001.fbx
  artifactKey: Guid(075db066c7ff0ea44a654c82a4c05b76) Importer(2089858483,b0f066a214c2f5e87bad3c948f4d605d)
Start importing Assets/UnityXRContent/ARFoundation/SimulationEnvironments/LivingRoom/Models/Blanket_Draped_LR001.fbx using Guid(075db066c7ff0ea44a654c82a4c05b76) Importer(2089858483,b0f066a214c2f5e87bad3c948f4d605d) (ScriptedImporter) -> (artifact id: '46a19ffa83d0ea9861de4113e814a6fe') in 0.0123838 seconds
Number of updated asset objects reloaded before import = 0Number of asset objects unloaded after import = 7

========================================================================
Received Import Request.
  Time since last request: 0.000022 seconds.
  path: Assets/UnityXRContent/ARFoundation/SimulationEnvironments/Factory/Models/Box_7in_FY001.fbx
  artifactKey: Guid(3b242428d45a39b4783fc08a00c385cb) Importer(2089858483,b0f066a214c2f5e87bad3c948f4d605d)
Start importing Assets/UnityXRContent/ARFoundation/SimulationEnvironments/Factory/Models/Box_7in_FY001.fbx using Guid(3b242428d45a39b4783fc08a00c385cb) Importer(2089858483,b0f066a214c2f5e87bad3c948f4d605d) (ScriptedImporter) -> (artifact id: 'e59bc2d6ee633bbb6f17582eaa9de244') in 0.0093204 seconds
Number of updated asset objects reloaded before import = 0Number of asset objects unloaded after import = 7

========================================================================
Received Import Request.
  Time since last request: 0.000040 seconds.
  path: Assets/UnityXRContent/Common/ReferenceShapes/Materials/StandardGrey.mat
  artifactKey: Guid(26c849773f67a524da55e43ff97ccadd) Importer(2089858483,b0f066a214c2f5e87bad3c948f4d605d)
Start importing Assets/UnityXRContent/Common/ReferenceShapes/Materials/StandardGrey.mat using Guid(26c849773f67a524da55e43ff97ccadd) Importer(2089858483,b0f066a214c2f5e87bad3c948f4d605d) (ScriptedImporter) -> (artifact id: '1d5cf9803f31fb99297bae8b83fc1075') in 0.0057149 seconds
Number of updated asset objects reloaded before import = 0Number of asset objects unloaded after import = 1

========================================================================
Received Import Request.
  Time since last request: 0.000015 seconds.
  path: Assets/UnityXRContent/ARFoundation/SimulationEnvironments/DiningRoom/Models/Cabinet_72in_DR001.fbx
  artifactKey: Guid(051fdd3add2238445b52e2f942a40743) Importer(2089858483,b0f066a214c2f5e87bad3c948f4d605d)
Start importing Assets/UnityXRContent/ARFoundation/SimulationEnvironments/DiningRoom/Models/Cabinet_72in_DR001.fbx using Guid(051fdd3add2238445b52e2f942a40743) Importer(2089858483,b0f066a214c2f5e87bad3c948f4d605d) (ScriptedImporter) -> (artifact id: '940e566b9f3e916715cb5060834bd9af') in 0.0098823 seconds
Number of updated asset objects reloaded before import = 0Number of asset objects unloaded after import = 7

========================================================================
Received Import Request.
  Time since last request: 0.000018 seconds.
  path: Assets/UnityXRContent/ARFoundation/SimulationEnvironments/Common/Models/Media_Player_CN001.fbx
  artifactKey: Guid(14bd666aca427fd4bb8c59c69a27038a) Importer(2089858483,b0f066a214c2f5e87bad3c948f4d605d)
Start importing Assets/UnityXRContent/ARFoundation/SimulationEnvironments/Common/Models/Media_Player_CN001.fbx using Guid(14bd666aca427fd4bb8c59c69a27038a) Importer(2089858483,b0f066a214c2f5e87bad3c948f4d605d) (ScriptedImporter) -> (artifact id: '8f6d1b3c3b9322ddc7048e70d930b72d') in 0.0103978 seconds
Number of updated asset objects reloaded before import = 0Number of asset objects unloaded after import = 7

========================================================================
Received Import Request.
  Time since last request: 0.000021 seconds.
  path: Assets/UnityXRContent/ARFoundation/SimulationEnvironments/Office/Models/Desk_52in_OF001.fbx
  artifactKey: Guid(1d3d7096e5a470f4cbbee08d9661bd58) Importer(2089858483,b0f066a214c2f5e87bad3c948f4d605d)
Start importing Assets/UnityXRContent/ARFoundation/SimulationEnvironments/Office/Models/Desk_52in_OF001.fbx using Guid(1d3d7096e5a470f4cbbee08d9661bd58) Importer(2089858483,b0f066a214c2f5e87bad3c948f4d605d) (ScriptedImporter) -> (artifact id: '35b4dbdb42a480676cf8a8f5a45746bd') in 0.0117317 seconds
Number of updated asset objects reloaded before import = 0Number of asset objects unloaded after import = 7

========================================================================
Received Import Request.
  Time since last request: 0.000025 seconds.
  path: Assets/UnityXRContent/ARFoundation/SimulationEnvironments/Backyard/Models/Bar_72in_BY001.fbx
  artifactKey: Guid(dfdb096020185ef4f8541f9e3e73911b) Importer(2089858483,b0f066a214c2f5e87bad3c948f4d605d)
Start importing Assets/UnityXRContent/ARFoundation/SimulationEnvironments/Backyard/Models/Bar_72in_BY001.fbx using Guid(dfdb096020185ef4f8541f9e3e73911b) Importer(2089858483,b0f066a214c2f5e87bad3c948f4d605d) (ScriptedImporter) -> (artifact id: '054e3a8919e8828dc545d93b79c53053') in 0.0096609 seconds
Number of updated asset objects reloaded before import = 0Number of asset objects unloaded after import = 7

========================================================================
Received Import Request.
  Time since last request: 0.000029 seconds.
  path: Assets/UnityXRContent/ARFoundation/SimulationEnvironments/Museum/Prefab/Sputnik_MM001.prefab
  artifactKey: Guid(4c71f65197a5d0447961b6b49833e9dd) Importer(2089858483,b0f066a214c2f5e87bad3c948f4d605d)
Start importing Assets/UnityXRContent/ARFoundation/SimulationEnvironments/Museum/Prefab/Sputnik_MM001.prefab using Guid(4c71f65197a5d0447961b6b49833e9dd) Importer(2089858483,b0f066a214c2f5e87bad3c948f4d605d) (ScriptedImporter) -> (artifact id: '1c90502cb55a73cc586c22e39c9b863b') in 0.0118434 seconds
Number of updated asset objects reloaded before import = 0Number of asset objects unloaded after import = 15

========================================================================
Received Import Request.
  Time since last request: 0.000020 seconds.
  path: Assets/UnityXRContent/ARFoundation/SimulationEnvironments/DiningRoom/DiningRoom_18ftx16ft.prefab
  artifactKey: Guid(7f71971e810fbea44825837b31967eb1) Importer(2089858483,b0f066a214c2f5e87bad3c948f4d605d)
Start importing Assets/UnityXRContent/ARFoundation/SimulationEnvironments/DiningRoom/DiningRoom_18ftx16ft.prefab using Guid(7f71971e810fbea44825837b31967eb1) Importer(2089858483,b0f066a214c2f5e87bad3c948f4d605d) (ScriptedImporter) -> (artifact id: '541b6034b7bcad31dc11f8d0045418ca') in 0.0240113 seconds
Number of updated asset objects reloaded before import = 0Number of asset objects unloaded after import = 420

========================================================================
Received Import Request.
  Time since last request: 0.000023 seconds.
  path: Assets/UnityXRContent/Common/ReferenceObjects/Models/HMD_SD001.fbx
  artifactKey: Guid(5fde6373ab780d148af3d447b960c27a) Importer(2089858483,b0f066a214c2f5e87bad3c948f4d605d)
Start importing Assets/UnityXRContent/Common/ReferenceObjects/Models/HMD_SD001.fbx using Guid(5fde6373ab780d148af3d447b960c27a) Importer(2089858483,b0f066a214c2f5e87bad3c948f4d605d) (ScriptedImporter) -> (artifact id: 'ffe711e79edd986f90bd2f31d8399020') in 0.0099415 seconds
Number of updated asset objects reloaded before import = 0Number of asset objects unloaded after import = 14

========================================================================
Received Import Request.
  Time since last request: 0.000022 seconds.
  path: Assets/UnityXRContent/ARFoundation/SimulationEnvironments/Kitchen/Prefab/CabinetUpper_36Wx12Dx36H_Corner_KN002a.prefab
  artifactKey: Guid(566c0e190ddb72e4c9bd33437fa6c36d) Importer(2089858483,b0f066a214c2f5e87bad3c948f4d605d)
Start importing Assets/UnityXRContent/ARFoundation/SimulationEnvironments/Kitchen/Prefab/CabinetUpper_36Wx12Dx36H_Corner_KN002a.prefab using Guid(566c0e190ddb72e4c9bd33437fa6c36d) Importer(2089858483,b0f066a214c2f5e87bad3c948f4d605d) (ScriptedImporter) -> (artifact id: '20dd6402c57d4702153d1717628f3492') in 0.0121554 seconds
Number of updated asset objects reloaded before import = 0Number of asset objects unloaded after import = 95

========================================================================
Received Import Request.
  Time since last request: 0.000033 seconds.
  path: Assets/UnityXRContent/ARFoundation/SimulationEnvironments/Bedroom/Prefab/Bed_Twin_BR001.prefab
  artifactKey: Guid(4e43b656b82e1164ea8525ef3bc087a0) Importer(2089858483,b0f066a214c2f5e87bad3c948f4d605d)
Start importing Assets/UnityXRContent/ARFoundation/SimulationEnvironments/Bedroom/Prefab/Bed_Twin_BR001.prefab using Guid(4e43b656b82e1164ea8525ef3bc087a0) Importer(2089858483,b0f066a214c2f5e87bad3c948f4d605d) (ScriptedImporter) -> (artifact id: '32fee184708c7e2ab7143c9101a5ea40') in 0.0064772 seconds
Number of updated asset objects reloaded before import = 0Number of asset objects unloaded after import = 27

========================================================================
Received Import Request.
  Time since last request: 0.000019 seconds.
  path: Assets/UnityXRContent/ARFoundation/SimulationEnvironments/Backyard/Prefab/Fence_DogEar_6ft_BY001.prefab
  artifactKey: Guid(1237869362b041441a17ee4ada114841) Importer(2089858483,b0f066a214c2f5e87bad3c948f4d605d)
Start importing Assets/UnityXRContent/ARFoundation/SimulationEnvironments/Backyard/Prefab/Fence_DogEar_6ft_BY001.prefab using Guid(1237869362b041441a17ee4ada114841) Importer(2089858483,b0f066a214c2f5e87bad3c948f4d605d) (ScriptedImporter) -> (artifact id: '051d64458bce66ca190bdb355bcfe8df') in 0.0161095 seconds
Number of updated asset objects reloaded before import = 0Number of asset objects unloaded after import = 16

========================================================================
Received Import Request.
  Time since last request: 0.000020 seconds.
  path: Assets/UnityXRContent/ARFoundation/SimulationEnvironments/Factory/Prefab/Handtruck_FY001.prefab
  artifactKey: Guid(e1821f9b8ad8c004aab8a8a59321d610) Importer(2089858483,b0f066a214c2f5e87bad3c948f4d605d)
Start importing Assets/UnityXRContent/ARFoundation/SimulationEnvironments/Factory/Prefab/Handtruck_FY001.prefab using Guid(e1821f9b8ad8c004aab8a8a59321d610) Importer(2089858483,b0f066a214c2f5e87bad3c948f4d605d) (ScriptedImporter) -> (artifact id: 'a7b529cb44cfd183abf690b9d9cac689') in 0.0144672 seconds
Number of updated asset objects reloaded before import = 0Number of asset objects unloaded after import = 15

========================================================================
Received Import Request.
  Time since last request: 0.000021 seconds.
  path: Assets/UnityXRContent/ARFoundation/SimulationEnvironments/Kitchen/Models/Island_57Wx38Dx36H_KN001a.fbx
  artifactKey: Guid(8510111a6318ecf47a5d1b898e4a7ef3) Importer(2089858483,b0f066a214c2f5e87bad3c948f4d605d)
Start importing Assets/UnityXRContent/ARFoundation/SimulationEnvironments/Kitchen/Models/Island_57Wx38Dx36H_KN001a.fbx using Guid(8510111a6318ecf47a5d1b898e4a7ef3) Importer(2089858483,b0f066a214c2f5e87bad3c948f4d605d) (ScriptedImporter) -> (artifact id: '9383a8c836d7d988b3cbe1f6646f1a5e') in 0.013556 seconds
Number of updated asset objects reloaded before import = 0Number of asset objects unloaded after import = 71

========================================================================
Received Import Request.
  Time since last request: 1.056948 seconds.
  path: Assets/UnityXRContent/ARFoundation/SimulationEnvironments/Backyard/Prefab/Table_30in_BY001.prefab
  artifactKey: Guid(0812e592473f1be4998c2e4ddb87ee41) Importer(2089858483,b0f066a214c2f5e87bad3c948f4d605d)
Start importing Assets/UnityXRContent/ARFoundation/SimulationEnvironments/Backyard/Prefab/Table_30in_BY001.prefab using Guid(0812e592473f1be4998c2e4ddb87ee41) Importer(2089858483,b0f066a214c2f5e87bad3c948f4d605d) (ScriptedImporter) -> (artifact id: 'af2bb93eb2457c3b21fce17e0e0124d2') in 0.0164973 seconds
Number of updated asset objects reloaded before import = 0Number of asset objects unloaded after import = 17

========================================================================
Received Import Request.
  Time since last request: 0.000019 seconds.
  path: Assets/UnityXRContent/ARFoundation/SimulationEnvironments/Office/Models/Desk_60in_OF001.fbx
  artifactKey: Guid(958b0b05753708c4183f06601b2497cd) Importer(2089858483,b0f066a214c2f5e87bad3c948f4d605d)
Start importing Assets/UnityXRContent/ARFoundation/SimulationEnvironments/Office/Models/Desk_60in_OF001.fbx using Guid(958b0b05753708c4183f06601b2497cd) Importer(2089858483,b0f066a214c2f5e87bad3c948f4d605d) (ScriptedImporter) -> (artifact id: 'e176872a14b06aae88ffa42806a314fa') in 0.0115619 seconds
Number of updated asset objects reloaded before import = 0Number of asset objects unloaded after import = 19

========================================================================
Received Import Request.
  Time since last request: 0.000022 seconds.
  path: Assets/UnityXRContent/ARFoundation/SimulationEnvironments/Factory/Prefab/ToolCrate_FY001.prefab
  artifactKey: Guid(d566f9e355b07c943878daee6dfbecb2) Importer(2089858483,b0f066a214c2f5e87bad3c948f4d605d)
Start importing Assets/UnityXRContent/ARFoundation/SimulationEnvironments/Factory/Prefab/ToolCrate_FY001.prefab using Guid(d566f9e355b07c943878daee6dfbecb2) Importer(2089858483,b0f066a214c2f5e87bad3c948f4d605d) (ScriptedImporter) -> (artifact id: 'db27a667b5cc70c193910424769807aa') in 0.0127356 seconds
Number of updated asset objects reloaded before import = 0Number of asset objects unloaded after import = 16

========================================================================
Received Import Request.
  Time since last request: 0.000024 seconds.
  path: Assets/UnityXRContent/ARFoundation/SimulationEnvironments/Museum/Prefab/DisplayStand_46in_MM001.prefab
  artifactKey: Guid(46e1f265030cd2e478b404ddc6c86427) Importer(2089858483,b0f066a214c2f5e87bad3c948f4d605d)
Start importing Assets/UnityXRContent/ARFoundation/SimulationEnvironments/Museum/Prefab/DisplayStand_46in_MM001.prefab using Guid(46e1f265030cd2e478b404ddc6c86427) Importer(2089858483,b0f066a214c2f5e87bad3c948f4d605d) (ScriptedImporter) -> (artifact id: 'a17f00f50165fa63d845fb1e23db0918') in 0.0125909 seconds
Number of updated asset objects reloaded before import = 0Number of asset objects unloaded after import = 15

========================================================================
Received Import Request.
  Time since last request: 0.000034 seconds.
  path: Assets/UnityXRContent/ARFoundation/SimulationEnvironments/Kitchen/Models/Refrigerator_30Wx26.5Dx70H_KN001.fbx
  artifactKey: Guid(12cd31adb7502c14fa14e94472f454f4) Importer(2089858483,b0f066a214c2f5e87bad3c948f4d605d)
Start importing Assets/UnityXRContent/ARFoundation/SimulationEnvironments/Kitchen/Models/Refrigerator_30Wx26.5Dx70H_KN001.fbx using Guid(12cd31adb7502c14fa14e94472f454f4) Importer(2089858483,b0f066a214c2f5e87bad3c948f4d605d) (ScriptedImporter) -> (artifact id: '3515ced7ed3a25bdc621f1239ac394fb') in 0.0102922 seconds
Number of updated asset objects reloaded before import = 0Number of asset objects unloaded after import = 7

========================================================================
Received Import Request.
  Time since last request: 0.000020 seconds.
  path: Assets/UnityXRContent/Common/ReferenceObjects/Models
  artifactKey: Guid(6de612ae4fcc49a4abbe2813251c78aa) Importer(2089858483,b0f066a214c2f5e87bad3c948f4d605d)
Start importing Assets/UnityXRContent/Common/ReferenceObjects/Models using Guid(6de612ae4fcc49a4abbe2813251c78aa) Importer(2089858483,b0f066a214c2f5e87bad3c948f4d605d) (ScriptedImporter) -> (artifact id: '0a9f728383152066198c51964fecc48c') in 0.0040144 seconds
Number of updated asset objects reloaded before import = 0Number of asset objects unloaded after import = 1

========================================================================
Received Import Request.
  Time since last request: 0.000023 seconds.
  path: Assets/UnityXRContent/ARFoundation/SimulationEnvironments/Factory/Prefab/Table_6ft_FY001.prefab
  artifactKey: Guid(db5f3aa1924ebbf45a525951a197e2a6) Importer(2089858483,b0f066a214c2f5e87bad3c948f4d605d)
Start importing Assets/UnityXRContent/ARFoundation/SimulationEnvironments/Factory/Prefab/Table_6ft_FY001.prefab using Guid(db5f3aa1924ebbf45a525951a197e2a6) Importer(2089858483,b0f066a214c2f5e87bad3c948f4d605d) (ScriptedImporter) -> (artifact id: 'b4c765341edbc6684069b8179828a407') in 0.0133283 seconds
Number of updated asset objects reloaded before import = 0Number of asset objects unloaded after import = 17

========================================================================
Received Import Request.
  Time since last request: 0.000020 seconds.
  path: Assets/UnityXRContent/ARFoundation/SimulationEnvironments/Bedroom/Prefab/Bed_King_BR003.prefab
  artifactKey: Guid(fba7b27eebcf5ae408b3398f9df8c302) Importer(2089858483,b0f066a214c2f5e87bad3c948f4d605d)
Start importing Assets/UnityXRContent/ARFoundation/SimulationEnvironments/Bedroom/Prefab/Bed_King_BR003.prefab using Guid(fba7b27eebcf5ae408b3398f9df8c302) Importer(2089858483,b0f066a214c2f5e87bad3c948f4d605d) (ScriptedImporter) -> (artifact id: 'c932ee3deabe9e92c223e212f0616815') in 0.0076618 seconds
Number of updated asset objects reloaded before import = 0Number of asset objects unloaded after import = 36

========================================================================
Received Import Request.
  Time since last request: 0.000025 seconds.
  path: Assets/UnityXRContent/ARFoundation/SimulationEnvironments/Bedroom/Models/Bed_Queen_BR004.fbx
  artifactKey: Guid(efcd5cfc40ddc234e8d0ef7a73c76b0f) Importer(2089858483,b0f066a214c2f5e87bad3c948f4d605d)
Start importing Assets/UnityXRContent/ARFoundation/SimulationEnvironments/Bedroom/Models/Bed_Queen_BR004.fbx using Guid(efcd5cfc40ddc234e8d0ef7a73c76b0f) Importer(2089858483,b0f066a214c2f5e87bad3c948f4d605d) (ScriptedImporter) -> (artifact id: '1b25c098a7841465079d6d3afe74f90a') in 0.0099623 seconds
Number of updated asset objects reloaded before import = 0Number of asset objects unloaded after import = 19

========================================================================
Received Import Request.
  Time since last request: 0.000040 seconds.
  path: Assets/UnityXRContent/ARFoundation/SimulationEnvironments/LivingRoom/Prefab/EndTable_24in_LR003.prefab
  artifactKey: Guid(342c3bd2b90339241ba915e50c528640) Importer(2089858483,b0f066a214c2f5e87bad3c948f4d605d)
Start importing Assets/UnityXRContent/ARFoundation/SimulationEnvironments/LivingRoom/Prefab/EndTable_24in_LR003.prefab using Guid(342c3bd2b90339241ba915e50c528640) Importer(2089858483,b0f066a214c2f5e87bad3c948f4d605d) (ScriptedImporter) -> (artifact id: 'd457b7d7842fbca5480b5af7fd47eb97') in 0.0073808 seconds
Number of updated asset objects reloaded before import = 0Number of asset objects unloaded after import = 36

========================================================================
Received Import Request.
  Time since last request: 0.000019 seconds.
  path: Assets/UnityXRContent/ARFoundation/SimulationEnvironments/LivingRoom/Prefab/Console_27.5in_LR002.prefab
  artifactKey: Guid(de8bbac519ff272428a23b1952bf6c34) Importer(2089858483,b0f066a214c2f5e87bad3c948f4d605d)
Start importing Assets/UnityXRContent/ARFoundation/SimulationEnvironments/LivingRoom/Prefab/Console_27.5in_LR002.prefab using Guid(de8bbac519ff272428a23b1952bf6c34) Importer(2089858483,b0f066a214c2f5e87bad3c948f4d605d) (ScriptedImporter) -> (artifact id: '88d4606da132305068086629c41dc9fd') in 0.0142946 seconds
Number of updated asset objects reloaded before import = 0Number of asset objects unloaded after import = 16

========================================================================
Received Import Request.
  Time since last request: 0.000018 seconds.
  path: Assets/UnityXRContent/ARFoundation/SimulationEnvironments/LivingRoom/Models/Shelf_32in_LR002.fbx
  artifactKey: Guid(bbe522e39c951934c91338ae747e7b69) Importer(2089858483,b0f066a214c2f5e87bad3c948f4d605d)
Start importing Assets/UnityXRContent/ARFoundation/SimulationEnvironments/LivingRoom/Models/Shelf_32in_LR002.fbx using Guid(bbe522e39c951934c91338ae747e7b69) Importer(2089858483,b0f066a214c2f5e87bad3c948f4d605d) (ScriptedImporter) -> (artifact id: '9aef871d5c666f47fb9f7ae9f78bd95a') in 0.0106394 seconds
Number of updated asset objects reloaded before import = 0Number of asset objects unloaded after import = 7

========================================================================
Received Import Request.
  Time since last request: 0.000020 seconds.
  path: Assets/UnityXRContent/ARFoundation/SimulationEnvironments/Factory/Models/Box_4in_FY001.fbx
  artifactKey: Guid(48332e22d7f290b4ead3bcad10178842) Importer(2089858483,b0f066a214c2f5e87bad3c948f4d605d)
Start importing Assets/UnityXRContent/ARFoundation/SimulationEnvironments/Factory/Models/Box_4in_FY001.fbx using Guid(48332e22d7f290b4ead3bcad10178842) Importer(2089858483,b0f066a214c2f5e87bad3c948f4d605d) (ScriptedImporter) -> (artifact id: 'a1e6be9cb2a0c335897ac5dbd15fac77') in 0.0096635 seconds
Number of updated asset objects reloaded before import = 0Number of asset objects unloaded after import = 7

========================================================================
Received Import Request.
  Time since last request: 0.000025 seconds.
  path: Assets/UnityXRContent/ARFoundation/SimulationEnvironments/LivingRoom/Prefab/BowlApples_8in_LR001.prefab
  artifactKey: Guid(d12afd80c99344948b55879ee0ec6e80) Importer(2089858483,b0f066a214c2f5e87bad3c948f4d605d)
Start importing Assets/UnityXRContent/ARFoundation/SimulationEnvironments/LivingRoom/Prefab/BowlApples_8in_LR001.prefab using Guid(d12afd80c99344948b55879ee0ec6e80) Importer(2089858483,b0f066a214c2f5e87bad3c948f4d605d) (ScriptedImporter) -> (artifact id: 'bef2dc92b6c2c1338b9384dbf6109689') in 0.006163 seconds
Number of updated asset objects reloaded before import = 0Number of asset objects unloaded after import = 44

========================================================================
Received Import Request.
  Time since last request: 0.000041 seconds.
  path: Assets/UnityXRContent/ARFoundation/SimulationEnvironments/Bedroom/Prefab/Bed_King_BR005.prefab
  artifactKey: Guid(6774da9acf56d80459ab0e39caaf7369) Importer(2089858483,b0f066a214c2f5e87bad3c948f4d605d)
Start importing Assets/UnityXRContent/ARFoundation/SimulationEnvironments/Bedroom/Prefab/Bed_King_BR005.prefab using Guid(6774da9acf56d80459ab0e39caaf7369) Importer(2089858483,b0f066a214c2f5e87bad3c948f4d605d) (ScriptedImporter) -> (artifact id: '383e5289e18f15310e0a2df09a5ca875') in 0.0066604 seconds
Number of updated asset objects reloaded before import = 0Number of asset objects unloaded after import = 36

========================================================================
Received Import Request.
  Time since last request: 0.000022 seconds.
  path: Assets/UnityXRContent/ARFoundation/SimulationEnvironments/LivingRoom/Prefab/VaseFlower_6.5in_LR001.prefab
  artifactKey: Guid(57b4f2b9857f6ef4a8aa1d63e2e5eb14) Importer(2089858483,b0f066a214c2f5e87bad3c948f4d605d)
Start importing Assets/UnityXRContent/ARFoundation/SimulationEnvironments/LivingRoom/Prefab/VaseFlower_6.5in_LR001.prefab using Guid(57b4f2b9857f6ef4a8aa1d63e2e5eb14) Importer(2089858483,b0f066a214c2f5e87bad3c948f4d605d) (ScriptedImporter) -> (artifact id: '02ce2b23c1469799228d3c8ee8cbd535') in 0.0154991 seconds
Number of updated asset objects reloaded before import = 0Number of asset objects unloaded after import = 16

========================================================================
Received Import Request.
  Time since last request: 0.000019 seconds.
  path: Assets/UnityXRContent/ARFoundation/SimulationEnvironments/DiningRoom/Models/Mug_4in_DR001.fbx
  artifactKey: Guid(83bd530bae4f6b1479ed1db9a1c8ada8) Importer(2089858483,b0f066a214c2f5e87bad3c948f4d605d)
Start importing Assets/UnityXRContent/ARFoundation/SimulationEnvironments/DiningRoom/Models/Mug_4in_DR001.fbx using Guid(83bd530bae4f6b1479ed1db9a1c8ada8) Importer(2089858483,b0f066a214c2f5e87bad3c948f4d605d) (ScriptedImporter) -> (artifact id: '2e3eaf61b2c2d7efe42d07b42eb5ec59') in 0.0132912 seconds
Number of updated asset objects reloaded before import = 0Number of asset objects unloaded after import = 7

========================================================================
Received Import Request.
  Time since last request: 0.000020 seconds.
  path: Assets/UnityXRContent/ARFoundation/SimulationEnvironments/Kitchen/Models/Microwave_19.5in_KN001.fbx
  artifactKey: Guid(c631403d0df4d5b45a25f22d12fb3287) Importer(2089858483,b0f066a214c2f5e87bad3c948f4d605d)
Start importing Assets/UnityXRContent/ARFoundation/SimulationEnvironments/Kitchen/Models/Microwave_19.5in_KN001.fbx using Guid(c631403d0df4d5b45a25f22d12fb3287) Importer(2089858483,b0f066a214c2f5e87bad3c948f4d605d) (ScriptedImporter) -> (artifact id: 'ba6c81762444a0291a57fd49b7f70c48') in 0.0129539 seconds
Number of updated asset objects reloaded before import = 0Number of asset objects unloaded after import = 7

========================================================================
Received Import Request.
  Time since last request: 0.000030 seconds.
  path: Assets/UnityXRContent/ARFoundation/SimulationEnvironments/Kitchen/Prefab/Microwave_30in_Floating_KN001.prefab
  artifactKey: Guid(e25ccefc0613b314594328510ab503a9) Importer(2089858483,b0f066a214c2f5e87bad3c948f4d605d)
Start importing Assets/UnityXRContent/ARFoundation/SimulationEnvironments/Kitchen/Prefab/Microwave_30in_Floating_KN001.prefab using Guid(e25ccefc0613b314594328510ab503a9) Importer(2089858483,b0f066a214c2f5e87bad3c948f4d605d) (ScriptedImporter) -> (artifact id: 'c32bc76db26e08a47023bb637559343e') in 0.0122379 seconds
Number of updated asset objects reloaded before import = 0Number of asset objects unloaded after import = 16

========================================================================
Received Import Request.
  Time since last request: 0.000021 seconds.
  path: Assets/UnityXRContent/ARFoundation/SimulationEnvironments/Factory/Prefab/VentilatorFan_Straight_FY001.prefab
  artifactKey: Guid(ae8987d3f9fe09348ba655977de91b9e) Importer(2089858483,b0f066a214c2f5e87bad3c948f4d605d)
Start importing Assets/UnityXRContent/ARFoundation/SimulationEnvironments/Factory/Prefab/VentilatorFan_Straight_FY001.prefab using Guid(ae8987d3f9fe09348ba655977de91b9e) Importer(2089858483,b0f066a214c2f5e87bad3c948f4d605d) (ScriptedImporter) -> (artifact id: '617e77420a6468354a9fcfb171b87f50') in 0.0123372 seconds
Number of updated asset objects reloaded before import = 0Number of asset objects unloaded after import = 15

========================================================================
Received Import Request.
  Time since last request: 0.000021 seconds.
  path: Assets/UnityXRContent/ARFoundation/SimulationEnvironments/LivingRoom/Models/Environment_20ftx18.5ft_LR001.fbx
  artifactKey: Guid(db33cbf279fd7d440a4dbb4325d92836) Importer(2089858483,b0f066a214c2f5e87bad3c948f4d605d)
Start importing Assets/UnityXRContent/ARFoundation/SimulationEnvironments/LivingRoom/Models/Environment_20ftx18.5ft_LR001.fbx using Guid(db33cbf279fd7d440a4dbb4325d92836) Importer(2089858483,b0f066a214c2f5e87bad3c948f4d605d) (ScriptedImporter) -> (artifact id: 'd24781bc63180a99563a3e745a4bcac2') in 0.0122261 seconds
Number of updated asset objects reloaded before import = 0Number of asset objects unloaded after import = 29

========================================================================
Received Import Request.
  Time since last request: 0.000024 seconds.
  path: Assets/UnityXRContent/ARFoundation/SimulationEnvironments/Office/Models/Couch_101in_OF001.fbx
  artifactKey: Guid(e32e752b37bdd3143b1d8270d872d796) Importer(2089858483,b0f066a214c2f5e87bad3c948f4d605d)
Start importing Assets/UnityXRContent/ARFoundation/SimulationEnvironments/Office/Models/Couch_101in_OF001.fbx using Guid(e32e752b37bdd3143b1d8270d872d796) Importer(2089858483,b0f066a214c2f5e87bad3c948f4d605d) (ScriptedImporter) -> (artifact id: 'a450da5bb32b71e1a7e76b71fcc3edd1') in 0.0130419 seconds
Number of updated asset objects reloaded before import = 0Number of asset objects unloaded after import = 7

========================================================================
Received Import Request.
  Time since last request: 0.000036 seconds.
  path: Assets/UnityXRContent/ARFoundation/SimulationEnvironments/Office/Prefab/Table_87in_OF001.prefab
  artifactKey: Guid(c3c19e22c369a774e971a49dbad9ae45) Importer(2089858483,b0f066a214c2f5e87bad3c948f4d605d)
Start importing Assets/UnityXRContent/ARFoundation/SimulationEnvironments/Office/Prefab/Table_87in_OF001.prefab using Guid(c3c19e22c369a774e971a49dbad9ae45) Importer(2089858483,b0f066a214c2f5e87bad3c948f4d605d) (ScriptedImporter) -> (artifact id: 'f253f56003fa0d9132f31202b272307b') in 0.0131374 seconds
Number of updated asset objects reloaded before import = 0Number of asset objects unloaded after import = 17

========================================================================
Received Import Request.
  Time since last request: 0.000021 seconds.
  path: Assets/UnityXRContent/ARFoundation/SimulationEnvironments/Kitchen/Models/CabinetLower_Backsplash_30Wx24Dx36H_KN001a.fbx
  artifactKey: Guid(ce7f2e955080e344888dc16146705f75) Importer(2089858483,b0f066a214c2f5e87bad3c948f4d605d)
Start importing Assets/UnityXRContent/ARFoundation/SimulationEnvironments/Kitchen/Models/CabinetLower_Backsplash_30Wx24Dx36H_KN001a.fbx using Guid(ce7f2e955080e344888dc16146705f75) Importer(2089858483,b0f066a214c2f5e87bad3c948f4d605d) (ScriptedImporter) -> (artifact id: 'aa66f2761ccb2b84a6e5590841cf3fb3') in 0.0133991 seconds
Number of updated asset objects reloaded before import = 0Number of asset objects unloaded after import = 51

========================================================================
Received Import Request.
  Time since last request: 0.000022 seconds.
  path: Assets/UnityXRContent/ARFoundation/SimulationEnvironments/Kitchen/Prefab/CabinetLower_Backsplash_54Wx24Dx36H_Corner_KN001a.prefab
  artifactKey: Guid(4ce2bf75803e0df4db376bbf7b18c11c) Importer(2089858483,b0f066a214c2f5e87bad3c948f4d605d)
Start importing Assets/UnityXRContent/ARFoundation/SimulationEnvironments/Kitchen/Prefab/CabinetLower_Backsplash_54Wx24Dx36H_Corner_KN001a.prefab using Guid(4ce2bf75803e0df4db376bbf7b18c11c) Importer(2089858483,b0f066a214c2f5e87bad3c948f4d605d) (ScriptedImporter) -> (artifact id: '7a80871c4a5e2c33306220877c962b0c') in 0.0136542 seconds
Number of updated asset objects reloaded before import = 0Number of asset objects unloaded after import = 171

========================================================================
Received Import Request.
  Time since last request: 0.000025 seconds.
  path: Assets/UnityXRContent/ARFoundation/SimulationEnvironments/Kitchen/Prefab/Wine_Glass_8in_KN001.prefab
  artifactKey: Guid(31af7d9f91a894f4082aec3b9cb1cac0) Importer(2089858483,b0f066a214c2f5e87bad3c948f4d605d)
Start importing Assets/UnityXRContent/ARFoundation/SimulationEnvironments/Kitchen/Prefab/Wine_Glass_8in_KN001.prefab using Guid(31af7d9f91a894f4082aec3b9cb1cac0) Importer(2089858483,b0f066a214c2f5e87bad3c948f4d605d) (ScriptedImporter) -> (artifact id: 'e10acf687af9648aa43c40486dc508d6') in 0.014638 seconds
Number of updated asset objects reloaded before import = 0Number of asset objects unloaded after import = 15

========================================================================
Received Import Request.
  Time since last request: 0.000035 seconds.
  path: Assets/UnityXRContent/Common/ReferenceShapes/Materials/StandardGreen.mat
  artifactKey: Guid(b82672352bb2db94d866961f2743cd06) Importer(2089858483,b0f066a214c2f5e87bad3c948f4d605d)
Start importing Assets/UnityXRContent/Common/ReferenceShapes/Materials/StandardGreen.mat using Guid(b82672352bb2db94d866961f2743cd06) Importer(2089858483,b0f066a214c2f5e87bad3c948f4d605d) (ScriptedImporter) -> (artifact id: '2cf2dc61a9ffdd1772104ce8216825c5') in 0.0057148 seconds
Number of updated asset objects reloaded before import = 0Number of asset objects unloaded after import = 1

========================================================================
Received Import Request.
  Time since last request: 0.000019 seconds.
  path: Assets/UnityXRContent/ARFoundation/SimulationEnvironments/LivingRoom/Prefab/PictureFrame_16x20in_LR001.prefab
  artifactKey: Guid(f6c19e623cdc3684bb5571eb1b6384ad) Importer(2089858483,b0f066a214c2f5e87bad3c948f4d605d)
Start importing Assets/UnityXRContent/ARFoundation/SimulationEnvironments/LivingRoom/Prefab/PictureFrame_16x20in_LR001.prefab using Guid(f6c19e623cdc3684bb5571eb1b6384ad) Importer(2089858483,b0f066a214c2f5e87bad3c948f4d605d) (ScriptedImporter) -> (artifact id: '40a0950e00bfeaf7fc681994c1937a6a') in 0.013183 seconds
Number of updated asset objects reloaded before import = 0Number of asset objects unloaded after import = 15

========================================================================
Received Import Request.
  Time since last request: 0.000020 seconds.
  path: Assets/UnityXRContent/ARFoundation/SimulationEnvironments/Common/Prefab/Container_12in_CN002.prefab
  artifactKey: Guid(fe078d296dc669b4f9df8199d25a5032) Importer(2089858483,b0f066a214c2f5e87bad3c948f4d605d)
Start importing Assets/UnityXRContent/ARFoundation/SimulationEnvironments/Common/Prefab/Container_12in_CN002.prefab using Guid(fe078d296dc669b4f9df8199d25a5032) Importer(2089858483,b0f066a214c2f5e87bad3c948f4d605d) (ScriptedImporter) -> (artifact id: '742400d538872a60cefd42b8c3477037') in 0.0132918 seconds
Number of updated asset objects reloaded before import = 0Number of asset objects unloaded after import = 16

========================================================================
Received Import Request.
  Time since last request: 0.000028 seconds.
  path: Assets/UnityXRContent/ARFoundation/SimulationEnvironments/LivingRoom/Prefab/Custom
  artifactKey: Guid(1b65959996813bc448ef651760441748) Importer(2089858483,b0f066a214c2f5e87bad3c948f4d605d)
Start importing Assets/UnityXRContent/ARFoundation/SimulationEnvironments/LivingRoom/Prefab/Custom using Guid(1b65959996813bc448ef651760441748) Importer(2089858483,b0f066a214c2f5e87bad3c948f4d605d) (ScriptedImporter) -> (artifact id: '934162a7bcbbdd7ce312cfc2cf60d93b') in 0.0047066 seconds
Number of updated asset objects reloaded before import = 0Number of asset objects unloaded after import = 1

========================================================================
Received Import Request.
  Time since last request: 0.000029 seconds.
  path: Assets/UnityXRContent/ARFoundation/SimulationEnvironments/DiningRoom/Prefab/Chair_30in_DR001.prefab
  artifactKey: Guid(b2315f72449823b44bd365b7d0afb171) Importer(2089858483,b0f066a214c2f5e87bad3c948f4d605d)
Start importing Assets/UnityXRContent/ARFoundation/SimulationEnvironments/DiningRoom/Prefab/Chair_30in_DR001.prefab using Guid(b2315f72449823b44bd365b7d0afb171) Importer(2089858483,b0f066a214c2f5e87bad3c948f4d605d) (ScriptedImporter) -> (artifact id: '9b3a7e32cdd30b80ec8d7266fe6ddde5') in 0.015207 seconds
Number of updated asset objects reloaded before import = 0Number of asset objects unloaded after import = 17

========================================================================
Received Import Request.
  Time since last request: 0.000025 seconds.
  path: Assets/UnityXRContent/ARFoundation/SimulationEnvironments/LivingRoom/Prefab/Chair_43in_LR001.prefab
  artifactKey: Guid(61e76c5b848310644a8ee6f61027319c) Importer(2089858483,b0f066a214c2f5e87bad3c948f4d605d)
Start importing Assets/UnityXRContent/ARFoundation/SimulationEnvironments/LivingRoom/Prefab/Chair_43in_LR001.prefab using Guid(61e76c5b848310644a8ee6f61027319c) Importer(2089858483,b0f066a214c2f5e87bad3c948f4d605d) (ScriptedImporter) -> (artifact id: '5de70fa9b896895da4476cb4725bbfea') in 0.0185739 seconds
Number of updated asset objects reloaded before import = 0Number of asset objects unloaded after import = 17

========================================================================
Received Import Request.
  Time since last request: 0.000020 seconds.
  path: Assets/UnityXRContent/ARFoundation/SimulationEnvironments/Billboard/Prefab/Building_Door_BB001.prefab
  artifactKey: Guid(cb3306f6c645ab34eb7020a0d88fbbbb) Importer(2089858483,b0f066a214c2f5e87bad3c948f4d605d)
Start importing Assets/UnityXRContent/ARFoundation/SimulationEnvironments/Billboard/Prefab/Building_Door_BB001.prefab using Guid(cb3306f6c645ab34eb7020a0d88fbbbb) Importer(2089858483,b0f066a214c2f5e87bad3c948f4d605d) (ScriptedImporter) -> (artifact id: 'ff66c7e2ee27a6b259d9120977381644') in 0.0143642 seconds
Number of updated asset objects reloaded before import = 0Number of asset objects unloaded after import = 17

========================================================================
Received Import Request.
  Time since last request: 0.000029 seconds.
  path: Assets/UnityXRContent/ARFoundation/SimulationEnvironments/Common
  artifactKey: Guid(de0a08afb631b6240bc0b142d7e620b6) Importer(2089858483,b0f066a214c2f5e87bad3c948f4d605d)
Start importing Assets/UnityXRContent/ARFoundation/SimulationEnvironments/Common using Guid(de0a08afb631b6240bc0b142d7e620b6) Importer(2089858483,b0f066a214c2f5e87bad3c948f4d605d) (ScriptedImporter) -> (artifact id: '81eef9209d9120f87d47a3469ee03755') in 0.0057996 seconds
Number of updated asset objects reloaded before import = 0Number of asset objects unloaded after import = 1

========================================================================
Received Import Request.
  Time since last request: 0.000034 seconds.
  path: Assets/UnityXRContent/ARFoundation/SimulationEnvironments/Backyard/Models/Flagstone_3in_BY001.fbx
  artifactKey: Guid(b44e4c4723bdd124293c37ea721360f3) Importer(2089858483,b0f066a214c2f5e87bad3c948f4d605d)
Start importing Assets/UnityXRContent/ARFoundation/SimulationEnvironments/Backyard/Models/Flagstone_3in_BY001.fbx using Guid(b44e4c4723bdd124293c37ea721360f3) Importer(2089858483,b0f066a214c2f5e87bad3c948f4d605d) (ScriptedImporter) -> (artifact id: 'e1250d1d59a8c9d40d70b814b4b9c226') in 0.0142099 seconds
Number of updated asset objects reloaded before import = 0Number of asset objects unloaded after import = 7

========================================================================
Received Import Request.
  Time since last request: 0.000023 seconds.
  path: Assets/UnityXRContent/ARFoundation/SimulationEnvironments/Billboard/Prefab/Sidewalk_Large_BB002.prefab
  artifactKey: Guid(a4a47bfb7ac9a194ba2ba01c62ebaf15) Importer(2089858483,b0f066a214c2f5e87bad3c948f4d605d)
Start importing Assets/UnityXRContent/ARFoundation/SimulationEnvironments/Billboard/Prefab/Sidewalk_Large_BB002.prefab using Guid(a4a47bfb7ac9a194ba2ba01c62ebaf15) Importer(2089858483,b0f066a214c2f5e87bad3c948f4d605d) (ScriptedImporter) -> (artifact id: '298b6033553b6e07236655d671bd4aa8') in 0.037075 seconds
Number of updated asset objects reloaded before import = 0Number of asset objects unloaded after import = 16

========================================================================
Received Import Request.
  Time since last request: 0.000023 seconds.
  path: Assets/UnityXRContent/ARFoundation/SimulationEnvironments/Factory/Prefab/55Gal_Drum_FY001.prefab
  artifactKey: Guid(998fd980b6cc7d947b16b43a8bde175c) Importer(2089858483,b0f066a214c2f5e87bad3c948f4d605d)
Start importing Assets/UnityXRContent/ARFoundation/SimulationEnvironments/Factory/Prefab/55Gal_Drum_FY001.prefab using Guid(998fd980b6cc7d947b16b43a8bde175c) Importer(2089858483,b0f066a214c2f5e87bad3c948f4d605d) (ScriptedImporter) -> (artifact id: 'b54bb3526e366cc8b735eafb93622639') in 0.0187779 seconds
Number of updated asset objects reloaded before import = 0Number of asset objects unloaded after import = 16

========================================================================
Received Import Request.
  Time since last request: 0.000033 seconds.
  path: Assets/UnityXRContent/ARFoundation/SimulationEnvironments/Kitchen/Models/Range_Gas_36in_KN001.fbx
  artifactKey: Guid(fd2fa5a7b6056fb4d881d7bdceb57316) Importer(2089858483,b0f066a214c2f5e87bad3c948f4d605d)
Start importing Assets/UnityXRContent/ARFoundation/SimulationEnvironments/Kitchen/Models/Range_Gas_36in_KN001.fbx using Guid(fd2fa5a7b6056fb4d881d7bdceb57316) Importer(2089858483,b0f066a214c2f5e87bad3c948f4d605d) (ScriptedImporter) -> (artifact id: 'cb7f17ed07fa7db97a6cb94a3269830e') in 0.0131876 seconds
Number of updated asset objects reloaded before import = 0Number of asset objects unloaded after import = 7

========================================================================
Received Import Request.
  Time since last request: 0.000030 seconds.
  path: Assets/UnityXRContent/ARFoundation/SimulationEnvironments/Backyard/Models/Couch_Patio_67in_BY001.fbx
  artifactKey: Guid(c35fe1a3241445048bd74afbf91e86c2) Importer(2089858483,b0f066a214c2f5e87bad3c948f4d605d)
Start importing Assets/UnityXRContent/ARFoundation/SimulationEnvironments/Backyard/Models/Couch_Patio_67in_BY001.fbx using Guid(c35fe1a3241445048bd74afbf91e86c2) Importer(2089858483,b0f066a214c2f5e87bad3c948f4d605d) (ScriptedImporter) -> (artifact id: '1d21263ac06139fb6d311f1e8a2dd596') in 0.0130504 seconds
Number of updated asset objects reloaded before import = 0Number of asset objects unloaded after import = 24

========================================================================
Received Import Request.
  Time since last request: 0.000023 seconds.
  path: Assets/UnityXRContent/ARFoundation/SimulationEnvironments/LivingRoom/Models/Couch_106in_LR001.fbx
  artifactKey: Guid(65e4b9ed4b05b3945ae904252a9558e0) Importer(2089858483,b0f066a214c2f5e87bad3c948f4d605d)
Start importing Assets/UnityXRContent/ARFoundation/SimulationEnvironments/LivingRoom/Models/Couch_106in_LR001.fbx using Guid(65e4b9ed4b05b3945ae904252a9558e0) Importer(2089858483,b0f066a214c2f5e87bad3c948f4d605d) (ScriptedImporter) -> (artifact id: '9ee6b856f39dfebd3e78de810f3ccb71') in 0.0106323 seconds
Number of updated asset objects reloaded before import = 0Number of asset objects unloaded after import = 7

========================================================================
Received Import Request.
  Time since last request: 0.000020 seconds.
  path: Assets/UnityXRContent/ARFoundation/SimulationEnvironments/Backyard/Prefab/Flagstone_3in_BY001.prefab
  artifactKey: Guid(c2213eb89f346a944a29ac904a247790) Importer(2089858483,b0f066a214c2f5e87bad3c948f4d605d)
Start importing Assets/UnityXRContent/ARFoundation/SimulationEnvironments/Backyard/Prefab/Flagstone_3in_BY001.prefab using Guid(c2213eb89f346a944a29ac904a247790) Importer(2089858483,b0f066a214c2f5e87bad3c948f4d605d) (ScriptedImporter) -> (artifact id: '51aa6079777864c156f48943a0d3febe') in 0.0131062 seconds
Number of updated asset objects reloaded before import = 0Number of asset objects unloaded after import = 15

========================================================================
Received Import Request.
  Time since last request: 0.000029 seconds.
  path: Assets/UnityXRContent/ARFoundation/SimulationEnvironments/Kitchen/Models/CabinetLower_Backsplash_36Wx24Dx36H_Corner_KN001a.fbx
  artifactKey: Guid(326c1acc9cb77054ca8e8572e4b43218) Importer(2089858483,b0f066a214c2f5e87bad3c948f4d605d)
Start importing Assets/UnityXRContent/ARFoundation/SimulationEnvironments/Kitchen/Models/CabinetLower_Backsplash_36Wx24Dx36H_Corner_KN001a.fbx using Guid(326c1acc9cb77054ca8e8572e4b43218) Importer(2089858483,b0f066a214c2f5e87bad3c948f4d605d) (ScriptedImporter) -> (artifact id: '7ac4e78f71bf3405e6f95a914dfa44e7') in 0.011708 seconds
Number of updated asset objects reloaded before import = 0Number of asset objects unloaded after import = 21

========================================================================
Received Import Request.
  Time since last request: 0.000033 seconds.
  path: Assets/UnityXRContent/ARFoundation/SimulationEnvironments/LivingRoom/Models/PictureFrame_16x20in_LR002.fbx
  artifactKey: Guid(42fa4cc063dabb24f9832335c90655c2) Importer(2089858483,b0f066a214c2f5e87bad3c948f4d605d)
Start importing Assets/UnityXRContent/ARFoundation/SimulationEnvironments/LivingRoom/Models/PictureFrame_16x20in_LR002.fbx using Guid(42fa4cc063dabb24f9832335c90655c2) Importer(2089858483,b0f066a214c2f5e87bad3c948f4d605d) (ScriptedImporter) -> (artifact id: 'a4d3a55fd7f98e651df7694f308df55b') in 0.0106895 seconds
Number of updated asset objects reloaded before import = 0Number of asset objects unloaded after import = 7

========================================================================
Received Import Request.
  Time since last request: 0.000024 seconds.
  path: Assets/UnityXRContent/ARFoundation/SimulationEnvironments/Park/Prefab/Custom/Balance Beam 1.prefab
  artifactKey: Guid(4ccc27b1eac6b15468a4d6d3b4d0a21d) Importer(2089858483,b0f066a214c2f5e87bad3c948f4d605d)
Start importing Assets/UnityXRContent/ARFoundation/SimulationEnvironments/Park/Prefab/Custom/Balance Beam 1.prefab using Guid(4ccc27b1eac6b15468a4d6d3b4d0a21d) Importer(2089858483,b0f066a214c2f5e87bad3c948f4d605d) (ScriptedImporter) -> (artifact id: '22a9b79c8fb7cc019062ecbdf95bc69a') in 0.0098647 seconds
Number of updated asset objects reloaded before import = 0Number of asset objects unloaded after import = 18

========================================================================
Received Import Request.
  Time since last request: 0.000019 seconds.
  path: Assets/UnityXRContent/ARFoundation/SimulationEnvironments/Bedroom/Prefab/Bed_Twin_BR006.prefab
  artifactKey: Guid(5dfb5ea0ed7e7f84cb2df7667803b7a4) Importer(2089858483,b0f066a214c2f5e87bad3c948f4d605d)
Start importing Assets/UnityXRContent/ARFoundation/SimulationEnvironments/Bedroom/Prefab/Bed_Twin_BR006.prefab using Guid(5dfb5ea0ed7e7f84cb2df7667803b7a4) Importer(2089858483,b0f066a214c2f5e87bad3c948f4d605d) (ScriptedImporter) -> (artifact id: '2b328e72a70d3b62cd72f5f66fa4b728') in 0.008134 seconds
Number of updated asset objects reloaded before import = 0Number of asset objects unloaded after import = 27

========================================================================
Received Import Request.
  Time since last request: 0.000029 seconds.
  path: Assets/UnityXRContent/ARFoundation/SimulationEnvironments/Factory/Factory_180ftx101ft.prefab
  artifactKey: Guid(ae0faf8ddbfd8534ba8a902ef60e586f) Importer(2089858483,b0f066a214c2f5e87bad3c948f4d605d)
Start importing Assets/UnityXRContent/ARFoundation/SimulationEnvironments/Factory/Factory_180ftx101ft.prefab using Guid(ae0faf8ddbfd8534ba8a902ef60e586f) Importer(2089858483,b0f066a214c2f5e87bad3c948f4d605d) (ScriptedImporter) -> (artifact id: '6632c5686b034428ddb174ac9255e204') in 0.1329313 seconds
Number of updated asset objects reloaded before import = 0Number of asset objects unloaded after import = 8495

========================================================================
Received Import Request.
  Time since last request: 0.000037 seconds.
  path: Assets/UnityXRContent/ARFoundation/SimulationEnvironments/Factory/Prefab/BugSprayCan_FY001.prefab
  artifactKey: Guid(4196b2050f9c97f47a9c40e3812c6b4d) Importer(2089858483,b0f066a214c2f5e87bad3c948f4d605d)
Start importing Assets/UnityXRContent/ARFoundation/SimulationEnvironments/Factory/Prefab/BugSprayCan_FY001.prefab using Guid(4196b2050f9c97f47a9c40e3812c6b4d) Importer(2089858483,b0f066a214c2f5e87bad3c948f4d605d) (ScriptedImporter) -> (artifact id: '6aefeeeca510f33cbf54ad58b9a9dbf0') in 0.0117854 seconds
Number of updated asset objects reloaded before import = 0Number of asset objects unloaded after import = 15

========================================================================
Received Import Request.
  Time since last request: 0.000018 seconds.
  path: Assets/UnityXRContent/ARFoundation/SimulationEnvironments/Backyard/Models/Flagstone_4in_BY001.fbx
  artifactKey: Guid(c53c1763706bd8340b6bf894ccc4d768) Importer(2089858483,b0f066a214c2f5e87bad3c948f4d605d)
Start importing Assets/UnityXRContent/ARFoundation/SimulationEnvironments/Backyard/Models/Flagstone_4in_BY001.fbx using Guid(c53c1763706bd8340b6bf894ccc4d768) Importer(2089858483,b0f066a214c2f5e87bad3c948f4d605d) (ScriptedImporter) -> (artifact id: '4a531087048b4aa0f10bc1a3a21aa63a') in 0.011201 seconds
Number of updated asset objects reloaded before import = 0Number of asset objects unloaded after import = 7

========================================================================
Received Import Request.
  Time since last request: 0.000017 seconds.
  path: Assets/UnityXRContent/ARFoundation/SimulationEnvironments/Billboard/Models/Sidewalk_Large_BB001.fbx
  artifactKey: Guid(adc7d1850ec5bbe4bbea5ff05c244161) Importer(2089858483,b0f066a214c2f5e87bad3c948f4d605d)
Start importing Assets/UnityXRContent/ARFoundation/SimulationEnvironments/Billboard/Models/Sidewalk_Large_BB001.fbx using Guid(adc7d1850ec5bbe4bbea5ff05c244161) Importer(2089858483,b0f066a214c2f5e87bad3c948f4d605d) (ScriptedImporter) -> (artifact id: '237b41e7e2367247e92e2f62dd750bdc') in 0.0121018 seconds
Number of updated asset objects reloaded before import = 0Number of asset objects unloaded after import = 7

========================================================================
Received Import Request.
  Time since last request: 0.000018 seconds.
  path: Assets/UnityXRContent/ARFoundation/SimulationEnvironments/LivingRoom/Prefab/Houseplant_20in_LR001.prefab
  artifactKey: Guid(4cc2a4607c582af4793f68b5f9d97541) Importer(2089858483,b0f066a214c2f5e87bad3c948f4d605d)
Start importing Assets/UnityXRContent/ARFoundation/SimulationEnvironments/LivingRoom/Prefab/Houseplant_20in_LR001.prefab using Guid(4cc2a4607c582af4793f68b5f9d97541) Importer(2089858483,b0f066a214c2f5e87bad3c948f4d605d) (ScriptedImporter) -> (artifact id: '3649a163edbb5d55bc41cb36c30ac340') in 0.013677 seconds
Number of updated asset objects reloaded before import = 0Number of asset objects unloaded after import = 16

========================================================================
Received Import Request.
  Time since last request: 0.000024 seconds.
  path: Assets/UnityXRContent/ARFoundation/SimulationEnvironments/Kitchen/Prefab/CabinetUpper_39Wx12Dx36H_Corner_KN001a.prefab
  artifactKey: Guid(e05c257aaedca084bab8ee033322bcbb) Importer(2089858483,b0f066a214c2f5e87bad3c948f4d605d)
Start importing Assets/UnityXRContent/ARFoundation/SimulationEnvironments/Kitchen/Prefab/CabinetUpper_39Wx12Dx36H_Corner_KN001a.prefab using Guid(e05c257aaedca084bab8ee033322bcbb) Importer(2089858483,b0f066a214c2f5e87bad3c948f4d605d) (ScriptedImporter) -> (artifact id: 'b0794e6e9e1f860b13173ae63e875af4') in 0.0145402 seconds
Number of updated asset objects reloaded before import = 0Number of asset objects unloaded after import = 95

========================================================================
Received Import Request.
  Time since last request: 0.000030 seconds.
  path: Assets/UnityXRContent/ARFoundation/SimulationEnvironments/DiningRoom/Models/Chair_32in_DR004.fbx
  artifactKey: Guid(e6c8b4e65f969a6489ca7070f15ac291) Importer(2089858483,b0f066a214c2f5e87bad3c948f4d605d)
Start importing Assets/UnityXRContent/ARFoundation/SimulationEnvironments/DiningRoom/Models/Chair_32in_DR004.fbx using Guid(e6c8b4e65f969a6489ca7070f15ac291) Importer(2089858483,b0f066a214c2f5e87bad3c948f4d605d) (ScriptedImporter) -> (artifact id: '9b31773a0cb90f51af1bdced6ac16b02') in 0.0102351 seconds
Number of updated asset objects reloaded before import = 0Number of asset objects unloaded after import = 7

========================================================================
Received Import Request.
  Time since last request: 0.000018 seconds.
  path: Assets/UnityXRContent/ARFoundation/SimulationEnvironments/Factory/Models/Tote_5in_FY001.fbx
  artifactKey: Guid(bc744c6ded3886d4cb45e8426adcb6c4) Importer(2089858483,b0f066a214c2f5e87bad3c948f4d605d)
Start importing Assets/UnityXRContent/ARFoundation/SimulationEnvironments/Factory/Models/Tote_5in_FY001.fbx using Guid(bc744c6ded3886d4cb45e8426adcb6c4) Importer(2089858483,b0f066a214c2f5e87bad3c948f4d605d) (ScriptedImporter) -> (artifact id: '5de961af18fdcc278b2aadd094e58fce') in 0.0097208 seconds
Number of updated asset objects reloaded before import = 0Number of asset objects unloaded after import = 7

========================================================================
Received Import Request.
  Time since last request: 0.000022 seconds.
  path: Assets/UnityXRContent/ARFoundation/SimulationEnvironments/DiningRoom/Prefab/Chair_32in_DR001.prefab
  artifactKey: Guid(4cb1ce2b798050d49a1be0b35a776e8d) Importer(2089858483,b0f066a214c2f5e87bad3c948f4d605d)
Start importing Assets/UnityXRContent/ARFoundation/SimulationEnvironments/DiningRoom/Prefab/Chair_32in_DR001.prefab using Guid(4cb1ce2b798050d49a1be0b35a776e8d) Importer(2089858483,b0f066a214c2f5e87bad3c948f4d605d) (ScriptedImporter) -> (artifact id: 'e65cb108c5ecfa373cb2532044440045') in 0.0144577 seconds
Number of updated asset objects reloaded before import = 0Number of asset objects unloaded after import = 17

========================================================================
Received Import Request.
  Time since last request: 0.000018 seconds.
  path: Assets/UnityXRContent/ARFoundation/SimulationEnvironments/LivingRoom/Prefab/Fireplace_72in_LR002.prefab
  artifactKey: Guid(3ab7ba43e691a484b9622ddd3f01bdd2) Importer(2089858483,b0f066a214c2f5e87bad3c948f4d605d)
Start importing Assets/UnityXRContent/ARFoundation/SimulationEnvironments/LivingRoom/Prefab/Fireplace_72in_LR002.prefab using Guid(3ab7ba43e691a484b9622ddd3f01bdd2) Importer(2089858483,b0f066a214c2f5e87bad3c948f4d605d) (ScriptedImporter) -> (artifact id: '3ccffc53ce5f8a13475b8f59bdb46fad') in 0.0063736 seconds
Number of updated asset objects reloaded before import = 0Number of asset objects unloaded after import = 26

========================================================================
Received Import Request.
  Time since last request: 0.000022 seconds.
  path: Assets/UnityXRContent/ARFoundation/SimulationEnvironments/Factory/Models/ShelvingRack_Loaded_FY001.fbx
  artifactKey: Guid(52de37a3e45cca7429ad850109cffd1a) Importer(2089858483,b0f066a214c2f5e87bad3c948f4d605d)
Start importing Assets/UnityXRContent/ARFoundation/SimulationEnvironments/Factory/Models/ShelvingRack_Loaded_FY001.fbx using Guid(52de37a3e45cca7429ad850109cffd1a) Importer(2089858483,b0f066a214c2f5e87bad3c948f4d605d) (ScriptedImporter) -> (artifact id: '016bb60467b757a555966fd43f4870d8') in 0.018377 seconds
Number of updated asset objects reloaded before import = 0Number of asset objects unloaded after import = 67

========================================================================
Received Import Request.
  Time since last request: 0.000033 seconds.
  path: Assets/UnityXRContent/ARFoundation/SimulationEnvironments/LivingRoom/Models/PillowTube_22.5in_LR001.fbx
  artifactKey: Guid(5f0e290f7bb09c045a8ddfcb31b9415b) Importer(2089858483,b0f066a214c2f5e87bad3c948f4d605d)
Start importing Assets/UnityXRContent/ARFoundation/SimulationEnvironments/LivingRoom/Models/PillowTube_22.5in_LR001.fbx using Guid(5f0e290f7bb09c045a8ddfcb31b9415b) Importer(2089858483,b0f066a214c2f5e87bad3c948f4d605d) (ScriptedImporter) -> (artifact id: 'd7388d5aaad3d7840c871c63fc957601') in 0.0136538 seconds
Number of updated asset objects reloaded before import = 0Number of asset objects unloaded after import = 7

========================================================================
Received Import Request.
  Time since last request: 0.000023 seconds.
  path: Assets/UnityXRContent/ARFoundation/SimulationEnvironments/Factory/Models/ConveyorTable_6ft_FY001.fbx
  artifactKey: Guid(d6e38c158a0563c4e8842dd7d44947b7) Importer(2089858483,b0f066a214c2f5e87bad3c948f4d605d)
Start importing Assets/UnityXRContent/ARFoundation/SimulationEnvironments/Factory/Models/ConveyorTable_6ft_FY001.fbx using Guid(d6e38c158a0563c4e8842dd7d44947b7) Importer(2089858483,b0f066a214c2f5e87bad3c948f4d605d) (ScriptedImporter) -> (artifact id: '5c14965dcb90330fb5c785c8ecb3ca9c') in 0.0163786 seconds
Number of updated asset objects reloaded before import = 0Number of asset objects unloaded after import = 7

========================================================================
Received Import Request.
  Time since last request: 0.000026 seconds.
  path: Assets/UnityXRContent/ARFoundation/SimulationEnvironments/Common/Models/TableLamnp_29in_CN001.fbx
  artifactKey: Guid(b3d54953de614d14295a75219e1a9257) Importer(2089858483,b0f066a214c2f5e87bad3c948f4d605d)
Start importing Assets/UnityXRContent/ARFoundation/SimulationEnvironments/Common/Models/TableLamnp_29in_CN001.fbx using Guid(b3d54953de614d14295a75219e1a9257) Importer(2089858483,b0f066a214c2f5e87bad3c948f4d605d) (ScriptedImporter) -> (artifact id: '142fbeda59bd4c934e86b997ecca046d') in 0.0141343 seconds
Number of updated asset objects reloaded before import = 0Number of asset objects unloaded after import = 7

========================================================================
Received Import Request.
  Time since last request: 0.000030 seconds.
  path: Assets/UnityXRContent/ARFoundation/SimulationEnvironments/Common/Models/TableLamnp_29in_CN002.fbx
  artifactKey: Guid(06685ea706269234f9e36ae9f57cfe09) Importer(2089858483,b0f066a214c2f5e87bad3c948f4d605d)
Start importing Assets/UnityXRContent/ARFoundation/SimulationEnvironments/Common/Models/TableLamnp_29in_CN002.fbx using Guid(06685ea706269234f9e36ae9f57cfe09) Importer(2089858483,b0f066a214c2f5e87bad3c948f4d605d) (ScriptedImporter) -> (artifact id: '527e4fbfde0ca7f99b8cb76f2b41fe17') in 0.012151 seconds
Number of updated asset objects reloaded before import = 0Number of asset objects unloaded after import = 7

========================================================================
Received Import Request.
  Time since last request: 0.000043 seconds.
  path: Assets/UnityXRContent/ARFoundation/SimulationEnvironments/DiningRoom/Models/Table_72in_DR002.fbx
  artifactKey: Guid(90eddcca83e0d3e4f84aff8e8b8777c0) Importer(2089858483,b0f066a214c2f5e87bad3c948f4d605d)
Start importing Assets/UnityXRContent/ARFoundation/SimulationEnvironments/DiningRoom/Models/Table_72in_DR002.fbx using Guid(90eddcca83e0d3e4f84aff8e8b8777c0) Importer(2089858483,b0f066a214c2f5e87bad3c948f4d605d) (ScriptedImporter) -> (artifact id: 'af5d8447c47a1bab8cec4ec5c5c03eb7') in 0.010385 seconds
Number of updated asset objects reloaded before import = 0Number of asset objects unloaded after import = 7

========================================================================
Received Import Request.
  Time since last request: 0.000024 seconds.
  path: Assets/UnityXRContent/ARFoundation/SimulationEnvironments/Billboard/Prefab/Building_Window_Tall_BB001.prefab
  artifactKey: Guid(f223e74542fe2f5438aba7b137c2e956) Importer(2089858483,b0f066a214c2f5e87bad3c948f4d605d)
Start importing Assets/UnityXRContent/ARFoundation/SimulationEnvironments/Billboard/Prefab/Building_Window_Tall_BB001.prefab using Guid(f223e74542fe2f5438aba7b137c2e956) Importer(2089858483,b0f066a214c2f5e87bad3c948f4d605d) (ScriptedImporter) -> (artifact id: 'c63d573e01a67582159c4f9ae1abfefb') in 0.0149939 seconds
Number of updated asset objects reloaded before import = 0Number of asset objects unloaded after import = 17

========================================================================
Received Import Request.
  Time since last request: 0.000021 seconds.
  path: Assets/UnityXRContent/ARFoundation/SimulationEnvironments/Office/Models/PC_OF002.fbx
  artifactKey: Guid(24813131b14b8e941a418cb610a3e894) Importer(2089858483,b0f066a214c2f5e87bad3c948f4d605d)
Start importing Assets/UnityXRContent/ARFoundation/SimulationEnvironments/Office/Models/PC_OF002.fbx using Guid(24813131b14b8e941a418cb610a3e894) Importer(2089858483,b0f066a214c2f5e87bad3c948f4d605d) (ScriptedImporter) -> (artifact id: 'def2a1ef472bcdd3f42922aa65832db7') in 0.0121088 seconds
Number of updated asset objects reloaded before import = 0Number of asset objects unloaded after import = 19

========================================================================
Received Import Request.
  Time since last request: 0.000021 seconds.
  path: Assets/UnityXRContent/ARFoundation/SimulationEnvironments/Bedroom/Models/Bed_Twin_BR003.fbx
  artifactKey: Guid(f357067a2b30337458724f82b7cc9d3e) Importer(2089858483,b0f066a214c2f5e87bad3c948f4d605d)
Start importing Assets/UnityXRContent/ARFoundation/SimulationEnvironments/Bedroom/Models/Bed_Twin_BR003.fbx using Guid(f357067a2b30337458724f82b7cc9d3e) Importer(2089858483,b0f066a214c2f5e87bad3c948f4d605d) (ScriptedImporter) -> (artifact id: 'e0f33a8afa078745d94055fe85534ffd') in 0.0102394 seconds
Number of updated asset objects reloaded before import = 0Number of asset objects unloaded after import = 14

========================================================================
Received Import Request.
  Time since last request: 0.000033 seconds.
  path: Assets/UnityXRContent/ARFoundation/SimulationEnvironments/Factory/Prefab/Pylon_FY001.prefab
  artifactKey: Guid(6b8a50f5f59adc7488f6ca042d34446d) Importer(2089858483,b0f066a214c2f5e87bad3c948f4d605d)
Start importing Assets/UnityXRContent/ARFoundation/SimulationEnvironments/Factory/Prefab/Pylon_FY001.prefab using Guid(6b8a50f5f59adc7488f6ca042d34446d) Importer(2089858483,b0f066a214c2f5e87bad3c948f4d605d) (ScriptedImporter) -> (artifact id: 'd96a278dfc40b4aaad67e7580b848991') in 0.0124921 seconds
Number of updated asset objects reloaded before import = 0Number of asset objects unloaded after import = 15

========================================================================
Received Import Request.
  Time since last request: 0.000022 seconds.
  path: Assets/UnityXRContent/ARFoundation/SimulationEnvironments/Common/Models/Media_Case_CN001.fbx
  artifactKey: Guid(40233fd09ae26924dba796f4c887e045) Importer(2089858483,b0f066a214c2f5e87bad3c948f4d605d)
Start importing Assets/UnityXRContent/ARFoundation/SimulationEnvironments/Common/Models/Media_Case_CN001.fbx using Guid(40233fd09ae26924dba796f4c887e045) Importer(2089858483,b0f066a214c2f5e87bad3c948f4d605d) (ScriptedImporter) -> (artifact id: 'b19a2d0462c3dc0211d617ec6bb36346') in 0.009715 seconds
Number of updated asset objects reloaded before import = 0Number of asset objects unloaded after import = 7

========================================================================
Received Import Request.
  Time since last request: 0.000026 seconds.
  path: Assets/UnityXRContent/ARFoundation/SimulationEnvironments/Factory/Models/VentilatorFan_Straight_FY001.fbx
  artifactKey: Guid(12a126ddeeea231488d7d1cd30aa5d2e) Importer(2089858483,b0f066a214c2f5e87bad3c948f4d605d)
Start importing Assets/UnityXRContent/ARFoundation/SimulationEnvironments/Factory/Models/VentilatorFan_Straight_FY001.fbx using Guid(12a126ddeeea231488d7d1cd30aa5d2e) Importer(2089858483,b0f066a214c2f5e87bad3c948f4d605d) (ScriptedImporter) -> (artifact id: 'e2fbc744c46036792e3d188681a307db') in 0.0134657 seconds
Number of updated asset objects reloaded before import = 0Number of asset objects unloaded after import = 7

========================================================================
Received Import Request.
  Time since last request: 0.000025 seconds.
  path: Assets/UnityXRContent/ARFoundation/SimulationEnvironments/Kitchen/Models/Wine_Bottle_12in_KN001.fbx
  artifactKey: Guid(ea0268148571d7044935709b980b70b5) Importer(2089858483,b0f066a214c2f5e87bad3c948f4d605d)
Start importing Assets/UnityXRContent/ARFoundation/SimulationEnvironments/Kitchen/Models/Wine_Bottle_12in_KN001.fbx using Guid(ea0268148571d7044935709b980b70b5) Importer(2089858483,b0f066a214c2f5e87bad3c948f4d605d) (ScriptedImporter) -> (artifact id: '71279792d2240854af54c2d677cf809b') in 0.010084 seconds
Number of updated asset objects reloaded before import = 0Number of asset objects unloaded after import = 7

========================================================================
Received Import Request.
  Time since last request: 0.000037 seconds.
  path: Assets/UnityXRContent/ARFoundation/SimulationEnvironments/DiningRoom/Models/Tray_28in_DR001.fbx
  artifactKey: Guid(210dee3d750737144aacf8c529e504b3) Importer(2089858483,b0f066a214c2f5e87bad3c948f4d605d)
Start importing Assets/UnityXRContent/ARFoundation/SimulationEnvironments/DiningRoom/Models/Tray_28in_DR001.fbx using Guid(210dee3d750737144aacf8c529e504b3) Importer(2089858483,b0f066a214c2f5e87bad3c948f4d605d) (ScriptedImporter) -> (artifact id: 'e159eff001ef3dddd01cc927fe949733') in 0.0094202 seconds
Number of updated asset objects reloaded before import = 0Number of asset objects unloaded after import = 7

========================================================================
Received Import Request.
  Time since last request: 0.000022 seconds.
  path: Assets/UnityXRContent/ARFoundation/SimulationEnvironments/Kitchen/Models/Wine_Glass_8in_KN001.fbx
  artifactKey: Guid(a26254f7814651243b69fdb6dfa7c48c) Importer(2089858483,b0f066a214c2f5e87bad3c948f4d605d)
Start importing Assets/UnityXRContent/ARFoundation/SimulationEnvironments/Kitchen/Models/Wine_Glass_8in_KN001.fbx using Guid(a26254f7814651243b69fdb6dfa7c48c) Importer(2089858483,b0f066a214c2f5e87bad3c948f4d605d) (ScriptedImporter) -> (artifact id: 'd6414f4a3c3809176ae856662c5f8221') in 0.0163563 seconds
Number of updated asset objects reloaded before import = 0Number of asset objects unloaded after import = 7

========================================================================
Received Import Request.
  Time since last request: 0.000020 seconds.
  path: Assets/UnityXRContent/ARFoundation/SimulationEnvironments/LivingRoom/Models/PillowSquare_16in_LR001.fbx
  artifactKey: Guid(1d42fb9392a06f9468f8dfba44eac3c6) Importer(2089858483,b0f066a214c2f5e87bad3c948f4d605d)
Start importing Assets/UnityXRContent/ARFoundation/SimulationEnvironments/LivingRoom/Models/PillowSquare_16in_LR001.fbx using Guid(1d42fb9392a06f9468f8dfba44eac3c6) Importer(2089858483,b0f066a214c2f5e87bad3c948f4d605d) (ScriptedImporter) -> (artifact id: '16d847cc5192afc48bf435719bb087e5') in 0.011948 seconds
Number of updated asset objects reloaded before import = 0Number of asset objects unloaded after import = 7

========================================================================
Received Import Request.
  Time since last request: 0.000022 seconds.
  path: Assets/UnityXRContent/ARFoundation/SimulationEnvironments/Office/Models/CoffeeTable_34in_OF001.fbx
  artifactKey: Guid(78a09f8119469164184dab966d651b02) Importer(2089858483,b0f066a214c2f5e87bad3c948f4d605d)
Start importing Assets/UnityXRContent/ARFoundation/SimulationEnvironments/Office/Models/CoffeeTable_34in_OF001.fbx using Guid(78a09f8119469164184dab966d651b02) Importer(2089858483,b0f066a214c2f5e87bad3c948f4d605d) (ScriptedImporter) -> (artifact id: '9ad19e49e6127104185e3fff6647d062') in 0.0131852 seconds
Number of updated asset objects reloaded before import = 0Number of asset objects unloaded after import = 7

========================================================================
Received Import Request.
  Time since last request: 0.000034 seconds.
  path: Assets/UnityXRContent/ARFoundation/SimulationEnvironments/LivingRoom/Prefab/Shelf_32in_LR002.prefab
  artifactKey: Guid(aad821a553bd3104ebb2b9fc2cfde693) Importer(2089858483,b0f066a214c2f5e87bad3c948f4d605d)
Start importing Assets/UnityXRContent/ARFoundation/SimulationEnvironments/LivingRoom/Prefab/Shelf_32in_LR002.prefab using Guid(aad821a553bd3104ebb2b9fc2cfde693) Importer(2089858483,b0f066a214c2f5e87bad3c948f4d605d) (ScriptedImporter) -> (artifact id: 'fce6c6b7011ade980410c9c28f6718ed') in 0.0120098 seconds
Number of updated asset objects reloaded before import = 0Number of asset objects unloaded after import = 15

========================================================================
Received Import Request.
  Time since last request: 0.000020 seconds.
  path: Assets/UnityXRContent/ARFoundation/SimulationEnvironments/Common/Materials/SimEnvironment_Object.mat
  artifactKey: Guid(bdb4f0e72d599d24e9d023a50c9be9f4) Importer(2089858483,b0f066a214c2f5e87bad3c948f4d605d)
Start importing Assets/UnityXRContent/ARFoundation/SimulationEnvironments/Common/Materials/SimEnvironment_Object.mat using Guid(bdb4f0e72d599d24e9d023a50c9be9f4) Importer(2089858483,b0f066a214c2f5e87bad3c948f4d605d) (ScriptedImporter) -> (artifact id: 'db43773955f9687e3a8cfc6fe1dd317e') in 0.0102875 seconds
Number of updated asset objects reloaded before import = 0Number of asset objects unloaded after import = 3

========================================================================
Received Import Request.
  Time since last request: 0.000019 seconds.
  path: Assets/UnityXRContent/ARFoundation/SimulationEnvironments/Kitchen/Kitchen_17ftx16ft.prefab
  artifactKey: Guid(7f45747079dfcb64f9e7ea7b68b54030) Importer(2089858483,b0f066a214c2f5e87bad3c948f4d605d)
Start importing Assets/UnityXRContent/ARFoundation/SimulationEnvironments/Kitchen/Kitchen_17ftx16ft.prefab using Guid(7f45747079dfcb64f9e7ea7b68b54030) Importer(2089858483,b0f066a214c2f5e87bad3c948f4d605d) (ScriptedImporter) -> (artifact id: '8332e61165387bd7a7c25726b7d57a80') in 0.0464727 seconds
Number of updated asset objects reloaded before import = 0Number of asset objects unloaded after import = 1002

========================================================================
Received Import Request.
  Time since last request: 0.000036 seconds.
  path: Assets/UnityXRContent/ARFoundation/SimulationEnvironments/LivingRoom/Models/Couch_88in_LR003.fbx
  artifactKey: Guid(eee917cb93b4efc4ba0308cc59b31e50) Importer(2089858483,b0f066a214c2f5e87bad3c948f4d605d)
Start importing Assets/UnityXRContent/ARFoundation/SimulationEnvironments/LivingRoom/Models/Couch_88in_LR003.fbx using Guid(eee917cb93b4efc4ba0308cc59b31e50) Importer(2089858483,b0f066a214c2f5e87bad3c948f4d605d) (ScriptedImporter) -> (artifact id: '8a3291815dbb0ca7277648454fd5ee7e') in 0.0113579 seconds
Number of updated asset objects reloaded before import = 0Number of asset objects unloaded after import = 19

========================================================================
Received Import Request.
  Time since last request: 0.000041 seconds.
  path: Assets/UnityXRContent/ARFoundation/SimulationEnvironments/LivingRoom/Prefab/Bookcase_68in_LR001.prefab
  artifactKey: Guid(3961c79772234854899b1b7724811c50) Importer(2089858483,b0f066a214c2f5e87bad3c948f4d605d)
Start importing Assets/UnityXRContent/ARFoundation/SimulationEnvironments/LivingRoom/Prefab/Bookcase_68in_LR001.prefab using Guid(3961c79772234854899b1b7724811c50) Importer(2089858483,b0f066a214c2f5e87bad3c948f4d605d) (ScriptedImporter) -> (artifact id: '7d53c952dc3784c2a5021fff0632f7bf') in 0.0175917 seconds
Number of updated asset objects reloaded before import = 0Number of asset objects unloaded after import = 16

========================================================================
Received Import Request.
  Time since last request: 0.000020 seconds.
  path: Assets/UnityXRContent/ARFoundation/SimulationEnvironments/Common/Materials/Shared_Object.mat
  artifactKey: Guid(238ef91e898807340810dc96fcd6c3ba) Importer(2089858483,b0f066a214c2f5e87bad3c948f4d605d)
Start importing Assets/UnityXRContent/ARFoundation/SimulationEnvironments/Common/Materials/Shared_Object.mat using Guid(238ef91e898807340810dc96fcd6c3ba) Importer(2089858483,b0f066a214c2f5e87bad3c948f4d605d) (ScriptedImporter) -> (artifact id: '361bc4d0a2cc478c4bc232a345e9b101') in 0.0117186 seconds
Number of updated asset objects reloaded before import = 0Number of asset objects unloaded after import = 3

========================================================================
Received Import Request.
  Time since last request: 0.000020 seconds.
  path: Assets/UnityXRContent/ARFoundation/SimulationEnvironments/Backyard/Models/RockPile_Small_BY001.fbx
  artifactKey: Guid(2b3360b5e7dec6846a64c42ea65f57c0) Importer(2089858483,b0f066a214c2f5e87bad3c948f4d605d)
Start importing Assets/UnityXRContent/ARFoundation/SimulationEnvironments/Backyard/Models/RockPile_Small_BY001.fbx using Guid(2b3360b5e7dec6846a64c42ea65f57c0) Importer(2089858483,b0f066a214c2f5e87bad3c948f4d605d) (ScriptedImporter) -> (artifact id: '4ef292878f1ef1d3e34f37da3c37fd12') in 0.0094237 seconds
Number of updated asset objects reloaded before import = 0Number of asset objects unloaded after import = 7

========================================================================
Received Import Request.
  Time since last request: 0.000023 seconds.
  path: Assets/UnityXRContent/ARFoundation/SimulationEnvironments/Bedroom/Models/Bed_Full_BR002.fbx
  artifactKey: Guid(f5b57253cc614354ab038fe6c358bb6e) Importer(2089858483,b0f066a214c2f5e87bad3c948f4d605d)
Start importing Assets/UnityXRContent/ARFoundation/SimulationEnvironments/Bedroom/Models/Bed_Full_BR002.fbx using Guid(f5b57253cc614354ab038fe6c358bb6e) Importer(2089858483,b0f066a214c2f5e87bad3c948f4d605d) (ScriptedImporter) -> (artifact id: 'e1941a0397133e02104ba1bbb952f0d3') in 0.0104526 seconds
Number of updated asset objects reloaded before import = 0Number of asset objects unloaded after import = 19

========================================================================
Received Import Request.
  Time since last request: 0.000032 seconds.
  path: Assets/UnityXRContent/ARFoundation/SimulationEnvironments/Kitchen/Models/ShotGlass_KN001.fbx
  artifactKey: Guid(977c24cc3ba72144287ab7a401399d34) Importer(2089858483,b0f066a214c2f5e87bad3c948f4d605d)
Start importing Assets/UnityXRContent/ARFoundation/SimulationEnvironments/Kitchen/Models/ShotGlass_KN001.fbx using Guid(977c24cc3ba72144287ab7a401399d34) Importer(2089858483,b0f066a214c2f5e87bad3c948f4d605d) (ScriptedImporter) -> (artifact id: 'f74da113db367e7f953bcee09dd18ea4') in 0.0098386 seconds
Number of updated asset objects reloaded before import = 0Number of asset objects unloaded after import = 7

========================================================================
Received Import Request.
  Time since last request: 0.000020 seconds.
  path: Assets/UnityXRContent/ARFoundation/SimulationEnvironments/LivingRoom/Prefab/Environment_18ftx13ft_LR001.prefab
  artifactKey: Guid(5f9b3445e5932e4449380e6aa4ae4125) Importer(2089858483,b0f066a214c2f5e87bad3c948f4d605d)
Start importing Assets/UnityXRContent/ARFoundation/SimulationEnvironments/LivingRoom/Prefab/Environment_18ftx13ft_LR001.prefab using Guid(5f9b3445e5932e4449380e6aa4ae4125) Importer(2089858483,b0f066a214c2f5e87bad3c948f4d605d) (ScriptedImporter) -> (artifact id: '6433a2f77e6015d6e2b809e579438df5') in 0.0078909 seconds
Number of updated asset objects reloaded before import = 0Number of asset objects unloaded after import = 68

========================================================================
Received Import Request.
  Time since last request: 0.000021 seconds.
  path: Assets/UnityXRContent/ARFoundation/SimulationEnvironments/LivingRoom/Prefab/EndTable_24in_LR001.prefab
  artifactKey: Guid(d6a1acd2749f55f49b77c22208f80cb3) Importer(2089858483,b0f066a214c2f5e87bad3c948f4d605d)
Start importing Assets/UnityXRContent/ARFoundation/SimulationEnvironments/LivingRoom/Prefab/EndTable_24in_LR001.prefab using Guid(d6a1acd2749f55f49b77c22208f80cb3) Importer(2089858483,b0f066a214c2f5e87bad3c948f4d605d) (ScriptedImporter) -> (artifact id: 'c490e18b3431ded015a16da036629da2') in 0.0179302 seconds
Number of updated asset objects reloaded before import = 0Number of asset objects unloaded after import = 17

========================================================================
Received Import Request.
  Time since last request: 0.000026 seconds.
  path: Assets/UnityXRContent/ARFoundation/SimulationEnvironments/Billboard/Prefab/Building_Door_BB002.prefab
  artifactKey: Guid(fcffdb351368f694e95d6b58ccd5938d) Importer(2089858483,b0f066a214c2f5e87bad3c948f4d605d)
Start importing Assets/UnityXRContent/ARFoundation/SimulationEnvironments/Billboard/Prefab/Building_Door_BB002.prefab using Guid(fcffdb351368f694e95d6b58ccd5938d) Importer(2089858483,b0f066a214c2f5e87bad3c948f4d605d) (ScriptedImporter) -> (artifact id: '31dca63290f97bf25dedbcecec8b3bf1') in 0.0162793 seconds
Number of updated asset objects reloaded before import = 0Number of asset objects unloaded after import = 17

========================================================================
Received Import Request.
  Time since last request: 0.000033 seconds.
  path: Assets/UnityXRContent/ARFoundation/SimulationEnvironments/Common/Prefab/TableLamnp_29in_CN001.prefab
  artifactKey: Guid(9f3f77a96a78ab24eaacb4c1e83811fc) Importer(2089858483,b0f066a214c2f5e87bad3c948f4d605d)
Start importing Assets/UnityXRContent/ARFoundation/SimulationEnvironments/Common/Prefab/TableLamnp_29in_CN001.prefab using Guid(9f3f77a96a78ab24eaacb4c1e83811fc) Importer(2089858483,b0f066a214c2f5e87bad3c948f4d605d) (ScriptedImporter) -> (artifact id: 'a445d2e9b25fa568e2e97872d65d5e21') in 0.0147893 seconds
Number of updated asset objects reloaded before import = 0Number of asset objects unloaded after import = 16

========================================================================
Received Import Request.
  Time since last request: 0.000021 seconds.
  path: Assets/UnityXRContent/ARFoundation/SimulationEnvironments/LivingRoom/Models/Vase_12in_LR001.fbx
  artifactKey: Guid(ef31eaf0974207d45a5ff2e67ed3c065) Importer(2089858483,b0f066a214c2f5e87bad3c948f4d605d)
Start importing Assets/UnityXRContent/ARFoundation/SimulationEnvironments/LivingRoom/Models/Vase_12in_LR001.fbx using Guid(ef31eaf0974207d45a5ff2e67ed3c065) Importer(2089858483,b0f066a214c2f5e87bad3c948f4d605d) (ScriptedImporter) -> (artifact id: '00af569292e7957635f115c1276d9aa6') in 0.009947 seconds
Number of updated asset objects reloaded before import = 0Number of asset objects unloaded after import = 7

========================================================================
Received Import Request.
  Time since last request: 0.000017 seconds.
  path: Assets/UnityXRContent/ARFoundation/SimulationEnvironments/Bedroom/Models/Environment_20ftx17ft_BR001.fbx
  artifactKey: Guid(637df6f0f4d9b7343b7e984649b29faa) Importer(2089858483,b0f066a214c2f5e87bad3c948f4d605d)
Start importing Assets/UnityXRContent/ARFoundation/SimulationEnvironments/Bedroom/Models/Environment_20ftx17ft_BR001.fbx using Guid(637df6f0f4d9b7343b7e984649b29faa) Importer(2089858483,b0f066a214c2f5e87bad3c948f4d605d) (ScriptedImporter) -> (artifact id: '0ecf826a5ec7cd39852764a85eaade2f') in 0.0148273 seconds
Number of updated asset objects reloaded before import = 0Number of asset objects unloaded after import = 34

========================================================================
Received Import Request.
  Time since last request: 0.000022 seconds.
  path: Assets/UnityXRContent/ARFoundation/SimulationEnvironments/Office/Prefab/Desk_71in_OF001.prefab
  artifactKey: Guid(e79dd00ed4132594e953e246ceab5c99) Importer(2089858483,b0f066a214c2f5e87bad3c948f4d605d)
Start importing Assets/UnityXRContent/ARFoundation/SimulationEnvironments/Office/Prefab/Desk_71in_OF001.prefab using Guid(e79dd00ed4132594e953e246ceab5c99) Importer(2089858483,b0f066a214c2f5e87bad3c948f4d605d) (ScriptedImporter) -> (artifact id: '0dde25746785169ba2a2adccfa856b3f') in 0.0154193 seconds
Number of updated asset objects reloaded before import = 0Number of asset objects unloaded after import = 17

========================================================================
Received Import Request.
  Time since last request: 0.000056 seconds.
  path: Assets/UnityXRContent/ARFoundation/SimulationEnvironments/Backyard/Models/Fence_Wood_Post_BY001.fbx
  artifactKey: Guid(6b06132f992e5c44a9887e28af1d47f2) Importer(2089858483,b0f066a214c2f5e87bad3c948f4d605d)
Start importing Assets/UnityXRContent/ARFoundation/SimulationEnvironments/Backyard/Models/Fence_Wood_Post_BY001.fbx using Guid(6b06132f992e5c44a9887e28af1d47f2) Importer(2089858483,b0f066a214c2f5e87bad3c948f4d605d) (ScriptedImporter) -> (artifact id: '0d9fed0a6bd0d4b91cc5e60bb59569e2') in 0.0103161 seconds
Number of updated asset objects reloaded before import = 0Number of asset objects unloaded after import = 7

========================================================================
Received Import Request.
  Time since last request: 0.000021 seconds.
  path: Assets/UnityXRContent/ARFoundation/SimulationEnvironments/Bedroom/Prefab/Bed_Full_BR003.prefab
  artifactKey: Guid(acefb3ae834db1640a6a80debd5a656d) Importer(2089858483,b0f066a214c2f5e87bad3c948f4d605d)
Start importing Assets/UnityXRContent/ARFoundation/SimulationEnvironments/Bedroom/Prefab/Bed_Full_BR003.prefab using Guid(acefb3ae834db1640a6a80debd5a656d) Importer(2089858483,b0f066a214c2f5e87bad3c948f4d605d) (ScriptedImporter) -> (artifact id: 'e933e86d12ebedff8b4a67d7fc749020') in 0.0065832 seconds
Number of updated asset objects reloaded before import = 0Number of asset objects unloaded after import = 36

========================================================================
Received Import Request.
  Time since last request: 0.000023 seconds.
  path: Assets/UnityXRContent/ARFoundation/SimulationEnvironments/Backyard/Prefab/Farmhouse_BY001.prefab
  artifactKey: Guid(a9cb816b81266e045ba760c2fef1945b) Importer(2089858483,b0f066a214c2f5e87bad3c948f4d605d)
Start importing Assets/UnityXRContent/ARFoundation/SimulationEnvironments/Backyard/Prefab/Farmhouse_BY001.prefab using Guid(a9cb816b81266e045ba760c2fef1945b) Importer(2089858483,b0f066a214c2f5e87bad3c948f4d605d) (ScriptedImporter) -> (artifact id: '45e10ec7b42a3e0b6729751de64a84c6') in 0.0161292 seconds
Number of updated asset objects reloaded before import = 0Number of asset objects unloaded after import = 15

========================================================================
Received Import Request.
  Time since last request: 0.000024 seconds.
  path: Assets/UnityXRContent/ARFoundation/SimulationEnvironments/Kitchen/Models/Toaster_11in_KN001.fbx
  artifactKey: Guid(bfd19cb4fa0a62445bdd5ea17f1af4a6) Importer(2089858483,b0f066a214c2f5e87bad3c948f4d605d)
Start importing Assets/UnityXRContent/ARFoundation/SimulationEnvironments/Kitchen/Models/Toaster_11in_KN001.fbx using Guid(bfd19cb4fa0a62445bdd5ea17f1af4a6) Importer(2089858483,b0f066a214c2f5e87bad3c948f4d605d) (ScriptedImporter) -> (artifact id: '4d31dfea9b7117abf7db1405603d8bbf') in 0.0129909 seconds
Number of updated asset objects reloaded before import = 0Number of asset objects unloaded after import = 7

========================================================================
Received Import Request.
  Time since last request: 0.000038 seconds.
  path: Assets/UnityXRContent/ARFoundation/SimulationEnvironments/Backyard/Prefab/Chair_34in_BY001.prefab
  artifactKey: Guid(de82e562f0aad814fb40ca23a450b945) Importer(2089858483,b0f066a214c2f5e87bad3c948f4d605d)
Start importing Assets/UnityXRContent/ARFoundation/SimulationEnvironments/Backyard/Prefab/Chair_34in_BY001.prefab using Guid(de82e562f0aad814fb40ca23a450b945) Importer(2089858483,b0f066a214c2f5e87bad3c948f4d605d) (ScriptedImporter) -> (artifact id: 'b5d6931a83a2301da6c3476b0928a047') in 0.0127282 seconds
Number of updated asset objects reloaded before import = 0Number of asset objects unloaded after import = 17

========================================================================
Received Import Request.
  Time since last request: 0.000021 seconds.
  path: Assets/UnityXRContent/ARFoundation/SimulationEnvironments/Backyard/Models/Umbrella_9ft_BY001.fbx
  artifactKey: Guid(e2f1a788b565f194caacf71f6ac623f1) Importer(2089858483,b0f066a214c2f5e87bad3c948f4d605d)
Start importing Assets/UnityXRContent/ARFoundation/SimulationEnvironments/Backyard/Models/Umbrella_9ft_BY001.fbx using Guid(e2f1a788b565f194caacf71f6ac623f1) Importer(2089858483,b0f066a214c2f5e87bad3c948f4d605d) (ScriptedImporter) -> (artifact id: 'e0285c1d625e0256e4a917f3f09bbee8') in 0.0117964 seconds
Number of updated asset objects reloaded before import = 0Number of asset objects unloaded after import = 14

========================================================================
Received Import Request.
  Time since last request: 0.000020 seconds.
  path: Assets/UnityXRContent/ARFoundation/SimulationEnvironments/LivingRoom/Models/Shelf_48in_LR002.fbx
  artifactKey: Guid(a2151046f86701f4a9d00ab702cbd5b8) Importer(2089858483,b0f066a214c2f5e87bad3c948f4d605d)
Start importing Assets/UnityXRContent/ARFoundation/SimulationEnvironments/LivingRoom/Models/Shelf_48in_LR002.fbx using Guid(a2151046f86701f4a9d00ab702cbd5b8) Importer(2089858483,b0f066a214c2f5e87bad3c948f4d605d) (ScriptedImporter) -> (artifact id: 'd89b625e7dc160f948e5b79666f10255') in 0.0098042 seconds
Number of updated asset objects reloaded before import = 0Number of asset objects unloaded after import = 7

========================================================================
Received Import Request.
  Time since last request: 0.000027 seconds.
  path: Assets/UnityXRContent/ARFoundation/SimulationEnvironments/Kitchen/Models/Island_77Wx48Dx36H_KN001a.fbx
  artifactKey: Guid(6b89716234e4c8040bc07c26baddcea8) Importer(2089858483,b0f066a214c2f5e87bad3c948f4d605d)
Start importing Assets/UnityXRContent/ARFoundation/SimulationEnvironments/Kitchen/Models/Island_77Wx48Dx36H_KN001a.fbx using Guid(6b89716234e4c8040bc07c26baddcea8) Importer(2089858483,b0f066a214c2f5e87bad3c948f4d605d) (ScriptedImporter) -> (artifact id: '96ce32c1283774e81fc68196ce9b003f') in 0.0232098 seconds
Number of updated asset objects reloaded before import = 0Number of asset objects unloaded after import = 171

========================================================================
Received Import Request.
  Time since last request: 0.000044 seconds.
  path: Assets/UnityXRContent/ARFoundation/SimulationEnvironments/Kitchen/Prefab/CabinetLower_Backsplash_39Wx24Dx36H_BlindCorner_KN001a.prefab
  artifactKey: Guid(9caeb6d15a61f934fad91bf358c6fc91) Importer(2089858483,b0f066a214c2f5e87bad3c948f4d605d)
Start importing Assets/UnityXRContent/ARFoundation/SimulationEnvironments/Kitchen/Prefab/CabinetLower_Backsplash_39Wx24Dx36H_BlindCorner_KN001a.prefab using Guid(9caeb6d15a61f934fad91bf358c6fc91) Importer(2089858483,b0f066a214c2f5e87bad3c948f4d605d) (ScriptedImporter) -> (artifact id: '1b6e253a512a2ac3c86f4e9f4b943f58') in 0.0129314 seconds
Number of updated asset objects reloaded before import = 0Number of asset objects unloaded after import = 99

========================================================================
Received Import Request.
  Time since last request: 0.000020 seconds.
  path: Assets/UnityXRContent/ARFoundation/SimulationEnvironments/Office/Models/Chair_30in_OF001.fbx
  artifactKey: Guid(da88ac5b8f72a65458fe7331ff1ef568) Importer(2089858483,b0f066a214c2f5e87bad3c948f4d605d)
Start importing Assets/UnityXRContent/ARFoundation/SimulationEnvironments/Office/Models/Chair_30in_OF001.fbx using Guid(da88ac5b8f72a65458fe7331ff1ef568) Importer(2089858483,b0f066a214c2f5e87bad3c948f4d605d) (ScriptedImporter) -> (artifact id: '3396e8fff6af21c28c8ca83cb2ff966c') in 0.0101344 seconds
Number of updated asset objects reloaded before import = 0Number of asset objects unloaded after import = 7

========================================================================
Received Import Request.
  Time since last request: 0.000018 seconds.
  path: Assets/UnityXRContent/ARFoundation/SimulationEnvironments/Office/Models/Chair_31.5in_OF001.fbx
  artifactKey: Guid(d484de6d4d50c884f9c96d14b33e791e) Importer(2089858483,b0f066a214c2f5e87bad3c948f4d605d)
Start importing Assets/UnityXRContent/ARFoundation/SimulationEnvironments/Office/Models/Chair_31.5in_OF001.fbx using Guid(d484de6d4d50c884f9c96d14b33e791e) Importer(2089858483,b0f066a214c2f5e87bad3c948f4d605d) (ScriptedImporter) -> (artifact id: '72fcb2679a17c3d9c2a06d75aa59ee4a') in 0.010801 seconds
Number of updated asset objects reloaded before import = 0Number of asset objects unloaded after import = 7

========================================================================
Received Import Request.
  Time since last request: 0.000025 seconds.
  path: Assets/UnityXRContent/ARFoundation/SimulationEnvironments/LivingRoom/Prefab/Houseplant_17in_LR001.prefab
  artifactKey: Guid(33a0b889ca4697d4e9ab5599c939188e) Importer(2089858483,b0f066a214c2f5e87bad3c948f4d605d)
Start importing Assets/UnityXRContent/ARFoundation/SimulationEnvironments/LivingRoom/Prefab/Houseplant_17in_LR001.prefab using Guid(33a0b889ca4697d4e9ab5599c939188e) Importer(2089858483,b0f066a214c2f5e87bad3c948f4d605d) (ScriptedImporter) -> (artifact id: '0f900d0d904f1a3f1813ba2321eb9b6a') in 0.0123777 seconds
Number of updated asset objects reloaded before import = 0Number of asset objects unloaded after import = 16

========================================================================
Received Import Request.
  Time since last request: 0.000036 seconds.
  path: Assets/UnityXRContent/ARFoundation/SimulationEnvironments/Common/Materials/SimEnvironment_Object_Force_XRay.mat
  artifactKey: Guid(bad5e23deb093604f89fe3b81e95a62e) Importer(2089858483,b0f066a214c2f5e87bad3c948f4d605d)
Start importing Assets/UnityXRContent/ARFoundation/SimulationEnvironments/Common/Materials/SimEnvironment_Object_Force_XRay.mat using Guid(bad5e23deb093604f89fe3b81e95a62e) Importer(2089858483,b0f066a214c2f5e87bad3c948f4d605d) (ScriptedImporter) -> (artifact id: '6f3e3059994904feea266647aa8cf9fd') in 0.0133974 seconds
Number of updated asset objects reloaded before import = 0Number of asset objects unloaded after import = 4

========================================================================
Received Import Request.
  Time since last request: 0.000019 seconds.
  path: Assets/UnityXRContent/ARFoundation/SimulationEnvironments/Kitchen/Prefab/TeaKettle_10inch_KN001.prefab
  artifactKey: Guid(fef100c71c584754a8205b4b0119d371) Importer(2089858483,b0f066a214c2f5e87bad3c948f4d605d)
Start importing Assets/UnityXRContent/ARFoundation/SimulationEnvironments/Kitchen/Prefab/TeaKettle_10inch_KN001.prefab using Guid(fef100c71c584754a8205b4b0119d371) Importer(2089858483,b0f066a214c2f5e87bad3c948f4d605d) (ScriptedImporter) -> (artifact id: 'b1635921433421a69c731ce4af7c1eaf') in 0.0149581 seconds
Number of updated asset objects reloaded before import = 0Number of asset objects unloaded after import = 15

========================================================================
Received Import Request.
  Time since last request: 0.000020 seconds.
  path: Assets/UnityXRContent/ARFoundation/SimulationEnvironments/Kitchen/Prefab/Wine_Bottle_12in_KN001.prefab
  artifactKey: Guid(9cdd29766a208774fa4fc165b2e90929) Importer(2089858483,b0f066a214c2f5e87bad3c948f4d605d)
Start importing Assets/UnityXRContent/ARFoundation/SimulationEnvironments/Kitchen/Prefab/Wine_Bottle_12in_KN001.prefab using Guid(9cdd29766a208774fa4fc165b2e90929) Importer(2089858483,b0f066a214c2f5e87bad3c948f4d605d) (ScriptedImporter) -> (artifact id: '524c7cc16a439c10de83c0bb38d55295') in 0.0110744 seconds
Number of updated asset objects reloaded before import = 0Number of asset objects unloaded after import = 15

========================================================================
Received Import Request.
  Time since last request: 0.000024 seconds.
  path: Assets/UnityXRContent/ARFoundation/SimulationEnvironments/Common/Models/Paper_Pad_11in_CN001.fbx
  artifactKey: Guid(e63962c5a66ad964f827898b3a43bd2e) Importer(2089858483,b0f066a214c2f5e87bad3c948f4d605d)
Start importing Assets/UnityXRContent/ARFoundation/SimulationEnvironments/Common/Models/Paper_Pad_11in_CN001.fbx using Guid(e63962c5a66ad964f827898b3a43bd2e) Importer(2089858483,b0f066a214c2f5e87bad3c948f4d605d) (ScriptedImporter) -> (artifact id: 'ef72abd8f14b8de687f3f9570bafe40a') in 0.0147472 seconds
Number of updated asset objects reloaded before import = 0Number of asset objects unloaded after import = 7

========================================================================
Received Import Request.
  Time since last request: 0.000043 seconds.
  path: Assets/UnityXRContent/ARFoundation/SimulationEnvironments/Museum/Models/DisplayStand_35in_MM001.fbx
  artifactKey: Guid(f01f95ff1a2b58241913d00b1d4dc25f) Importer(2089858483,b0f066a214c2f5e87bad3c948f4d605d)
Start importing Assets/UnityXRContent/ARFoundation/SimulationEnvironments/Museum/Models/DisplayStand_35in_MM001.fbx using Guid(f01f95ff1a2b58241913d00b1d4dc25f) Importer(2089858483,b0f066a214c2f5e87bad3c948f4d605d) (ScriptedImporter) -> (artifact id: 'e9e4af3f035d201490dc4844e30b44f4') in 0.0108167 seconds
Number of updated asset objects reloaded before import = 0Number of asset objects unloaded after import = 7

========================================================================
Received Import Request.
  Time since last request: 0.000044 seconds.
  path: Assets/UnityXRContent/ARFoundation/SimulationEnvironments/Kitchen/Prefab/CabinetLower_Backsplash_30Wx24Dx36H_KN002a.prefab
  artifactKey: Guid(4c52608212a6e2f4cabbfc2c4c2d946b) Importer(2089858483,b0f066a214c2f5e87bad3c948f4d605d)
Start importing Assets/UnityXRContent/ARFoundation/SimulationEnvironments/Kitchen/Prefab/CabinetLower_Backsplash_30Wx24Dx36H_KN002a.prefab using Guid(4c52608212a6e2f4cabbfc2c4c2d946b) Importer(2089858483,b0f066a214c2f5e87bad3c948f4d605d) (ScriptedImporter) -> (artifact id: 'b1369a61dee6836418bf93e1bd61a1f5') in 0.0149592 seconds
Number of updated asset objects reloaded before import = 0Number of asset objects unloaded after import = 96

========================================================================
Received Import Request.
  Time since last request: 1.579797 seconds.
  path: Assets/Scenes/Physics.unity
  artifactKey: Guid(a8d648a71eb72374391552673ea3e148) Importer(2089858483,b0f066a214c2f5e87bad3c948f4d605d)
Start importing Assets/Scenes/Physics.unity using Guid(a8d648a71eb72374391552673ea3e148) Importer(2089858483,b0f066a214c2f5e87bad3c948f4d605d) (ScriptedImporter) -> (artifact id: '03c02eded5681f7dbd7e5aa17358c1e6') in 0.0098411 seconds
Number of updated asset objects reloaded before import = 0Number of asset objects unloaded after import = 1

Editor requested this worker to shutdown with reason: Scaling down because of idle timeout
AssetImportWorker is now disconnected from the server
Process exiting
Exiting without the bug reporter. Application will terminate with return code 0