[Licensing::Module] Trying to connect to existing licensing client channel...
Built from '6000.3/staging' branch; Version is '6000.3.8f1 (1c7db571dde0) revision 1867189'; Using compiler version '194234433'; Build Type 'Release'
OS: 'Windows 11  (10.0.26200) Education' Language: 'en' Physical Memory: 65218 MB
BatchMode: 1, IsHumanControllingUs: 0, StartBugReporterOnCrash: 0, Is64bit: 1
[Licensing::IpcConnector] Successfully connected to: "LicenseClient-pg29diana" at "2026-06-03T20:25:48.1963917Z"
System  architecture: x64
Process architecture: x64
Date: 2026-06-03T20:25:48Z

COMMAND LINE ARGUMENTS:
C:\Program Files\Unity\Hub\Editor\6000.3.8f1\Editor\Unity.exe
-adb2
-batchMode
-noUpm
-name
AssetImportWorker5
-projectPath
C:/Users/pg29diana/Desktop/Mobile/SegundaPrueba
-logFile
Logs/AssetImportWorker5.log
-srvPort
58493
-licensingIpc
LicenseClient-pg29diana
-job-worker-count
7
-background-job-worker-count
8
-gc-helper-count
1
-name
AssetImport
Successfully changed project path to: C:/Users/pg29diana/Desktop/Mobile/SegundaPrueba
C:/Users/pg29diana/Desktop/Mobile/SegundaPrueba
[UnityMemory] Configuration Parameters - Can be set up in boot.config
    "memorysetup-temp-allocator-size-nav-mesh-worker=65536"
    "memorysetup-temp-allocator-size-audio-worker=65536"
    "memorysetup-temp-allocator-size-gfx=262144"
    "memorysetup-allocator-temp-initial-block-size-main=262144"
    "memorysetup-allocator-temp-initial-block-size-worker=262144"
    "memorysetup-temp-allocator-size-background-worker=32768"
    "memorysetup-temp-allocator-size-job-worker=262144"
    "memorysetup-temp-allocator-size-preload-manager=33554432"
    "memorysetup-temp-allocator-size-gi-baking-worker=262144"
    "memorysetup-temp-allocator-size-gi-baking-worker=262144"
    "memorysetup-temp-allocator-size-gi-baking-worker=262144"
    "memorysetup-temp-allocator-size-gi-baking-worker=262144"
    "memorysetup-temp-allocator-size-gi-baking-worker=262144"
    "memorysetup-bucket-allocator-granularity=16"
    "memorysetup-bucket-allocator-bucket-count=8"
    "memorysetup-bucket-allocator-block-size=33554432"
    "memorysetup-bucket-allocator-block-count=8"
    "memorysetup-main-allocator-block-size=16777216"
    "memorysetup-thread-allocator-block-size=16777216"
    "memorysetup-gfx-main-allocator-block-size=16777216"
    "memorysetup-gfx-thread-allocator-block-size=16777216"
    "memorysetup-cache-allocator-block-size=4194304"
    "memorysetup-typetree-allocator-block-size=2097152"
    "memorysetup-profiler-bucket-allocator-granularity=16"
    "memorysetup-profiler-bucket-allocator-bucket-count=8"
    "memorysetup-profiler-bucket-allocator-block-size=33554432"
    "memorysetup-profiler-bucket-allocator-block-count=8"
    "memorysetup-profiler-allocator-block-size=16777216"
    "memorysetup-profiler-editor-allocator-block-size=1048576"
    "memorysetup-temp-allocator-size-main=16777216"
    "memorysetup-job-temp-allocator-block-size=2097152"
    "memorysetup-job-temp-allocator-block-size-background=1048576"
    "memorysetup-job-temp-allocator-reduction-small-platforms=262144"
    "memorysetup-temp-allocator-size-cloud-worker=32768"
Player connection [25276]  Target information:

Player connection [25276]  * "[IP] 10.131.175.176 [Port] 0 [Flags] 2 [Guid] 390013707 [EditorId] 390013707 [Version] 1048832 [Id] WindowsEditor(7,151-R115-02) [Debug] 1 [PackageName] WindowsEditor [ProjectName] Editor" 

Player connection [25276] Host joined multi-casting on [225.0.0.222:54997]...
Player connection [25276] Host joined alternative multi-casting on [225.0.0.222:34997]...
JobSystem: Creating JobQueue using job-worker-count value 7
Input System module state changed to: Initialized.
[Physics::Module] Initialized fallback backend.
[Physics::Module] Id: 0xdecafbad
Library Redirect Path: Library/
[Physics::Module] Selected backend.
[Physics::Module] Name: PhysX
[Physics::Module] Id: 0xf2b8ea05
[Physics::Module] SDK Version: 4.1.2
[Physics::Module] Integration Version: 1.0.0
[Physics::Module] Threading Mode: Multi-Threaded
[Licensing::Module] Licensing is not yet initialized.
[Licensing::Client] Handshaking with LicensingClient:
  Version:                 1.17.4+4293ba1
  Session Id:              a0f969a862674bf1909dc9126cb21c30
  Correlation Id:          3206ed57358bf6af4499c84597da6215
  External correlation Id: 7457458639748414216
  Machine Id:              RO8vXEZkbjZyy8j6rFw/uKQsBFw=
[Licensing::Module] Successfully connected to LicensingClient on channel: "LicenseClient-pg29diana" (connect: 0.00s, validation: 0.00s, handshake: 3.13s)
[Licensing::IpcConnector] Successfully connected to: "LicenseClient-pg29diana-notifications" at "2026-06-03T20:25:51.3311186Z"
[Licensing::Module] Licensing Background thread has ended after 3.14s
[Licensing::Module] Licensing is initialized (took 2.80s).
[Licensing::Client] Successfully resolved entitlement details
[Licensing::Module] License group:
  Id: 4674058632067-UnityPersXXXX
  Product: Unity Personal
  Type: Assigned
  Expiration: Unlimited
Refreshing native plugins compatible for Editor in 5.42 ms, found 4 plugins.
Preloading 0 native plugins for Editor in 0.00 ms.
Initialize engine version: 6000.3.8f1 (1c7db571dde0)
[Subsystems] Discovering subsystems at path C:/Program Files/Unity/Hub/Editor/6000.3.8f1/Editor/Data/Resources/UnitySubsystems
[Subsystems] Discovering subsystems at path C:/Users/pg29diana/Desktop/Mobile/SegundaPrueba/Assets
GfxDevice: creating device client; kGfxThreadingModeNonThreaded
Direct3D:
    Version:  Direct3D 11.0 [level 11.1]
    Renderer: NVIDIA Quadro RTX 5000 (ID=0x1eb0)
    Vendor:   NVIDIA
    VRAM:     16147 MB
    Driver:   32.0.15.9597
Shader 'TextMeshPro/Distance Field SSD': fallback shader 'TextMeshPro/Mobile/Distance Field' not found
Shader 'TextMeshPro/Distance Field': fallback shader 'TextMeshPro/Mobile/Distance Field' not found
Shader 'TextMeshPro/Distance Field Overlay': fallback shader 'TextMeshPro/Mobile/Distance Field' not found
Initialize mono
Mono path[0] = 'C:/Program Files/Unity/Hub/Editor/6000.3.8f1/Editor/Data/Managed'
Mono path[1] = 'C:/Program Files/Unity/Hub/Editor/6000.3.8f1/Editor/Data/MonoBleedingEdge/lib/mono/unityjit-win32'
Mono config path = 'C:/Program Files/Unity/Hub/Editor/6000.3.8f1/Editor/Data/MonoBleedingEdge/etc'
Using monoOptions --debugger-agent=transport=dt_socket,embedding=1,server=y,suspend=n,address=127.0.0.1:56300
Begin MonoManager ReloadAssembly
Registering precompiled unity dll's ...
Register platform support module: C:/Program Files/Unity/Hub/Editor/6000.3.8f1/Editor/Data/PlaybackEngines/WebGLSupport/UnityEditor.WebGL.Extensions.dll
Register platform support module: C:/Program Files/Unity/Hub/Editor/6000.3.8f1/Editor/Data/PlaybackEngines/WindowsStandaloneSupport/UnityEditor.WindowsStandalone.Extensions.dll
Register platform support module: C:/Program Files/Unity/Hub/Editor/6000.3.8f1/Editor/Data/PlaybackEngines/AndroidPlayer/UnityEditor.Android.Extensions.dll
[Licensing::Client] Successfully resolved entitlement details
Register platform support module: C:/Program Files/Unity/Hub/Editor/6000.3.8f1/Editor/Data/PlaybackEngines/iOSSupport/UnityEditor.iOS.Extensions.dll
Registered in 0.006947 seconds.
- Loaded All Assemblies, in  0.542 seconds
[usbmuxd] Start listen thread
[usbmuxd] Listen thread started
[usbmuxd] Send listen message
Native extension for iOS target not found
Native extension for Android target not found
Android Extension - Scanning For ADB Devices 1059 ms
Native extension for WindowsStandalone target not found
Native extension for WebGL target not found
ScheduleIndexationOnStartup MainProcess:False IndexOnStartup:True
Mono: successfully reloaded assembly
- Finished resetting the current domain, in  1.695 seconds
Domain Reload Profiling: 2232ms
	BeginReloadAssembly (161ms)
		ExecutionOrderSort (0ms)
		DisableScriptedObjects (0ms)
		BackupInstance (0ms)
		ReleaseScriptingObjects (0ms)
		CreateAndSetChildDomain (1ms)
	RebuildCommonClasses (48ms)
	RebuildNativeTypeToScriptingClass (15ms)
	initialDomainReloadingComplete (62ms)
	LoadAllAssembliesAndSetupDomain (251ms)
		LoadAssemblies (153ms)
		RebuildTransferFunctionScriptingTraits (0ms)
		AnalyzeDomain (245ms)
			TypeCache.Refresh (243ms)
				TypeCache.ScanAssembly (225ms)
			BuildScriptInfoCaches (0ms)
			ResolveRequiredComponents (1ms)
	FinalizeReload (1695ms)
		ReleaseScriptCaches (0ms)
		RebuildScriptCaches (0ms)
		SetupLoadedEditorAssemblies (1629ms)
			LogAssemblyErrors (0ms)
			InitializePlatformSupportModulesInManaged (1188ms)
			SetLoadedEditorAssemblies (5ms)
			BeforeProcessingInitializeOnLoad (121ms)
			ProcessInitializeOnLoadAttributes (207ms)
			ProcessInitializeOnLoadMethodAttributes (108ms)
			AfterProcessingInitializeOnLoad (0ms)
			EditorAssembliesLoaded (0ms)
		ExecutionOrderSort2 (0ms)
		AwakeInstancesAfterBackupRestoration (0ms)
========================================================================
Worker process is ready to serve import requests
Import Worker Mode flag is 0x00
Begin MonoManager ReloadAssembly
[Licensing::Client] Successfully resolved entitlement details
- Loaded All Assemblies, in  1.339 seconds
Refreshing native plugins compatible for Editor in 3.44 ms, found 4 plugins.
Native extension for iOS target not found
Native extension for Android target not found
Native extension for WindowsStandalone target not found
Native extension for WebGL target not found
Package Manager log level set to [2]
[Package Manager] Failed to launch server process. Reason: Unity was launched with the -noUpm command-line argument
[Package Manager] Unable to send message (not connected to server process).
[Package Manager] Cannot connect to Unity Package Manager local server
ScheduleIndexationOnStartup MainProcess:False IndexOnStartup:True
Mono: successfully reloaded assembly
[Package Manager] Failed to launch server process. Reason: Unity was launched with the -noUpm command-line argument
[Package Manager] Unable to send message (not connected to server process).
[Package Manager] Cannot connect to Unity Package Manager local server
[Package Manager] Failed to launch server process. Reason: Unity was launched with the -noUpm command-line argument
[Package Manager] Unable to send message (not connected to server process).
[Package Manager] Cannot connect to Unity Package Manager local server
- Finished resetting the current domain, in  1.097 seconds
Domain Reload Profiling: 2420ms
	BeginReloadAssembly (255ms)
		ExecutionOrderSort (0ms)
		DisableScriptedObjects (10ms)
		BackupInstance (0ms)
		ReleaseScriptingObjects (0ms)
		CreateAndSetChildDomain (55ms)
	RebuildCommonClasses (54ms)
	RebuildNativeTypeToScriptingClass (18ms)
	initialDomainReloadingComplete (53ms)
	LoadAllAssembliesAndSetupDomain (942ms)
		LoadAssemblies (576ms)
		RebuildTransferFunctionScriptingTraits (0ms)
		AnalyzeDomain (494ms)
			TypeCache.Refresh (334ms)
				TypeCache.ScanAssembly (304ms)
			BuildScriptInfoCaches (137ms)
			ResolveRequiredComponents (17ms)
	FinalizeReload (1097ms)
		ReleaseScriptCaches (0ms)
		RebuildScriptCaches (0ms)
		SetupLoadedEditorAssemblies (775ms)
			LogAssemblyErrors (0ms)
			InitializePlatformSupportModulesInManaged (17ms)
			SetLoadedEditorAssemblies (5ms)
			BeforeProcessingInitializeOnLoad (213ms)
			ProcessInitializeOnLoadAttributes (434ms)
			ProcessInitializeOnLoadMethodAttributes (97ms)
			AfterProcessingInitializeOnLoad (10ms)
			EditorAssembliesLoaded (0ms)
		ExecutionOrderSort2 (0ms)
		AwakeInstancesAfterBackupRestoration (11ms)
WARNING: Shader Unsupported: 'Hidden/Simulation/URP/Synthetic' - All subshaders removed
WARNING: Shader Did you use #pragma only_renderers and omit this platform?
WARNING: Shader If subshaders removal was intentional, you may have forgotten turning Fallback off?
WARNING: Shader Unsupported: 'Hidden/Simulation/URP/Synthetic' - All subshaders removed
WARNING: Shader Did you use #pragma only_renderers and omit this platform?
WARNING: Shader If subshaders removal was intentional, you may have forgotten turning Fallback off?
WARNING: Shader Unsupported: 'Simulation/Standard Lit' - All subshaders removed
WARNING: Shader Did you use #pragma only_renderers and omit this platform?
WARNING: Shader If subshaders removal was intentional, you may have forgotten turning Fallback off?
WARNING: Shader Unsupported: 'Simulation/Standard Lit' - All subshaders removed
WARNING: Shader Did you use #pragma only_renderers and omit this platform?
WARNING: Shader If subshaders removal was intentional, you may have forgotten turning Fallback off?
WARNING: Shader Unsupported: 'Hidden/Simulation/Synthetic Lit' - All subshaders removed
WARNING: Shader Did you use #pragma only_renderers and omit this platform?
WARNING: Shader If subshaders removal was intentional, you may have forgotten turning Fallback off?
WARNING: Shader Unsupported: 'Hidden/Simulation/Synthetic Lit' - All subshaders removed
WARNING: Shader Did you use #pragma only_renderers and omit this platform?
WARNING: Shader If subshaders removal was intentional, you may have forgotten turning Fallback off?
WARNING: Shader Unsupported: 'Simulation/URP/Room X-Ray' - All subshaders removed
WARNING: Shader Did you use #pragma only_renderers and omit this platform?
WARNING: Shader If subshaders removal was intentional, you may have forgotten turning Fallback off?
WARNING: Shader Unsupported: 'Simulation/URP/Room X-Ray' - All subshaders removed
WARNING: Shader Did you use #pragma only_renderers and omit this platform?
WARNING: Shader If subshaders removal was intentional, you may have forgotten turning Fallback off?
WARNING: Shader Unsupported: 'Simulation/Room X-Ray' - All subshaders removed
WARNING: Shader Did you use #pragma only_renderers and omit this platform?
WARNING: Shader If subshaders removal was intentional, you may have forgotten turning Fallback off?
WARNING: Shader Unsupported: 'Simulation/Room X-Ray' - All subshaders removed
WARNING: Shader Did you use #pragma only_renderers and omit this platform?
WARNING: Shader If subshaders removal was intentional, you may have forgotten turning Fallback off?
WARNING: Shader Unsupported: 'Simulation/URP/Lit' - All subshaders removed
WARNING: Shader Did you use #pragma only_renderers and omit this platform?
WARNING: Shader If subshaders removal was intentional, you may have forgotten turning Fallback off?
WARNING: Shader Unsupported: 'Simulation/URP/Lit' - All subshaders removed
WARNING: Shader Did you use #pragma only_renderers and omit this platform?
WARNING: Shader If subshaders removal was intentional, you may have forgotten turning Fallback off?
Launched and connected shader compiler UnityShaderCompiler.exe after 0.05 seconds
Refreshing native plugins compatible for Editor in 4.10 ms, found 4 plugins.
Preloading 0 native plugins for Editor in 0.00 ms.
Unloading 24 Unused Serialized files (Serialized files now loaded: 0)
Unloading 7032 unused Assets / (9.3 MB). Loaded Objects now: 7855.
Memory consumption went from 158.5 MB to 149.2 MB.
Total: 17.727000 ms (FindLiveObjects: 1.212200 ms CreateObjectMapping: 1.791100 ms MarkObjects: 7.609500 ms  DeleteObjects: 7.113000 ms)

========================================================================
Received Prepare
WARNING: Shader Unsupported: 'Hidden/Simulation/URP/Synthetic' - All subshaders removed
WARNING: Shader Did you use #pragma only_renderers and omit this platform?
WARNING: Shader If subshaders removal was intentional, you may have forgotten turning Fallback off?
WARNING: Shader Unsupported: 'Hidden/Simulation/URP/Synthetic' - All subshaders removed
WARNING: Shader Did you use #pragma only_renderers and omit this platform?
WARNING: Shader If subshaders removal was intentional, you may have forgotten turning Fallback off?
WARNING: Shader Unsupported: 'Simulation/Standard Lit' - All subshaders removed
WARNING: Shader Did you use #pragma only_renderers and omit this platform?
WARNING: Shader If subshaders removal was intentional, you may have forgotten turning Fallback off?
WARNING: Shader Unsupported: 'Simulation/Standard Lit' - All subshaders removed
WARNING: Shader Did you use #pragma only_renderers and omit this platform?
WARNING: Shader If subshaders removal was intentional, you may have forgotten turning Fallback off?
WARNING: Shader Unsupported: 'Hidden/Simulation/Synthetic Lit' - All subshaders removed
WARNING: Shader Did you use #pragma only_renderers and omit this platform?
WARNING: Shader If subshaders removal was intentional, you may have forgotten turning Fallback off?
WARNING: Shader Unsupported: 'Hidden/Simulation/Synthetic Lit' - All subshaders removed
WARNING: Shader Did you use #pragma only_renderers and omit this platform?
WARNING: Shader If subshaders removal was intentional, you may have forgotten turning Fallback off?
WARNING: Shader Unsupported: 'Simulation/URP/Room X-Ray' - All subshaders removed
WARNING: Shader Did you use #pragma only_renderers and omit this platform?
WARNING: Shader If subshaders removal was intentional, you may have forgotten turning Fallback off?
WARNING: Shader Unsupported: 'Simulation/URP/Room X-Ray' - All subshaders removed
WARNING: Shader Did you use #pragma only_renderers and omit this platform?
WARNING: Shader If subshaders removal was intentional, you may have forgotten turning Fallback off?
WARNING: Shader Unsupported: 'Simulation/Room X-Ray' - All subshaders removed
WARNING: Shader Did you use #pragma only_renderers and omit this platform?
WARNING: Shader If subshaders removal was intentional, you may have forgotten turning Fallback off?
WARNING: Shader Unsupported: 'Simulation/Room X-Ray' - All subshaders removed
WARNING: Shader Did you use #pragma only_renderers and omit this platform?
WARNING: Shader If subshaders removal was intentional, you may have forgotten turning Fallback off?
WARNING: Shader Unsupported: 'Simulation/URP/Lit' - All subshaders removed
WARNING: Shader Did you use #pragma only_renderers and omit this platform?
WARNING: Shader If subshaders removal was intentional, you may have forgotten turning Fallback off?
WARNING: Shader Unsupported: 'Simulation/URP/Lit' - All subshaders removed
WARNING: Shader Did you use #pragma only_renderers and omit this platform?
WARNING: Shader If subshaders removal was intentional, you may have forgotten turning Fallback off?
Refreshing native plugins compatible for Editor in 3.03 ms, found 4 plugins.
Preloading 0 native plugins for Editor in 0.00 ms.
Unloading 24 Unused Serialized files (Serialized files now loaded: 0)
Unloading 7018 unused Assets / (7.8 MB). Loaded Objects now: 7852.
Memory consumption went from 156.0 MB to 148.2 MB.
Total: 22.704600 ms (FindLiveObjects: 1.750200 ms CreateObjectMapping: 2.340800 ms MarkObjects: 10.917800 ms  DeleteObjects: 7.693800 ms)

Prepare: number of updated asset objects reloaded= 0
========================================================================
Received Prepare
[Licensing::Client] Successfully resolved entitlement details
Begin MonoManager ReloadAssembly
[Licensing::Client] Successfully resolved entitlement details
- Loaded All Assemblies, in  1.142 seconds
Refreshing native plugins compatible for Editor in 2.99 ms, found 4 plugins.
Native extension for iOS target not found
Native extension for Android target not found
Native extension for WindowsStandalone target not found
Native extension for WebGL target not found
[Package Manager] Failed to launch server process. Reason: Unity was launched with the -noUpm command-line argument
[Package Manager] Unable to send message (not connected to server process).
[Package Manager] Cannot connect to Unity Package Manager local server
ScheduleIndexationOnStartup MainProcess:False IndexOnStartup:True
Mono: successfully reloaded assembly
[Package Manager] Failed to launch server process. Reason: Unity was launched with the -noUpm command-line argument
[Package Manager] Unable to send message (not connected to server process).
[Package Manager] Cannot connect to Unity Package Manager local server
- Finished resetting the current domain, in  0.947 seconds
Domain Reload Profiling: 2082ms
	BeginReloadAssembly (279ms)
		ExecutionOrderSort (0ms)
		DisableScriptedObjects (9ms)
		BackupInstance (0ms)
		ReleaseScriptingObjects (0ms)
		CreateAndSetChildDomain (77ms)
	RebuildCommonClasses (42ms)
	RebuildNativeTypeToScriptingClass (16ms)
	initialDomainReloadingComplete (35ms)
	LoadAllAssembliesAndSetupDomain (763ms)
		LoadAssemblies (576ms)
		RebuildTransferFunctionScriptingTraits (0ms)
		AnalyzeDomain (301ms)
			TypeCache.Refresh (12ms)
				TypeCache.ScanAssembly (0ms)
			BuildScriptInfoCaches (265ms)
			ResolveRequiredComponents (16ms)
	FinalizeReload (947ms)
		ReleaseScriptCaches (0ms)
		RebuildScriptCaches (0ms)
		SetupLoadedEditorAssemblies (707ms)
			LogAssemblyErrors (0ms)
			InitializePlatformSupportModulesInManaged (15ms)
			SetLoadedEditorAssemblies (6ms)
			BeforeProcessingInitializeOnLoad (218ms)
			ProcessInitializeOnLoadAttributes (359ms)
			ProcessInitializeOnLoadMethodAttributes (97ms)
			AfterProcessingInitializeOnLoad (11ms)
			EditorAssembliesLoaded (0ms)
		ExecutionOrderSort2 (0ms)
		AwakeInstancesAfterBackupRestoration (22ms)
WARNING: Shader Unsupported: 'Hidden/Simulation/URP/Synthetic' - All subshaders removed
WARNING: Shader Did you use #pragma only_renderers and omit this platform?
WARNING: Shader If subshaders removal was intentional, you may have forgotten turning Fallback off?
WARNING: Shader Unsupported: 'Hidden/Simulation/URP/Synthetic' - All subshaders removed
WARNING: Shader Did you use #pragma only_renderers and omit this platform?
WARNING: Shader If subshaders removal was intentional, you may have forgotten turning Fallback off?
WARNING: Shader Unsupported: 'Simulation/Standard Lit' - All subshaders removed
WARNING: Shader Did you use #pragma only_renderers and omit this platform?
WARNING: Shader If subshaders removal was intentional, you may have forgotten turning Fallback off?
WARNING: Shader Unsupported: 'Simulation/Standard Lit' - All subshaders removed
WARNING: Shader Did you use #pragma only_renderers and omit this platform?
WARNING: Shader If subshaders removal was intentional, you may have forgotten turning Fallback off?
WARNING: Shader Unsupported: 'Hidden/Simulation/Synthetic Lit' - All subshaders removed
WARNING: Shader Did you use #pragma only_renderers and omit this platform?
WARNING: Shader If subshaders removal was intentional, you may have forgotten turning Fallback off?
WARNING: Shader Unsupported: 'Hidden/Simulation/Synthetic Lit' - All subshaders removed
WARNING: Shader Did you use #pragma only_renderers and omit this platform?
WARNING: Shader If subshaders removal was intentional, you may have forgotten turning Fallback off?
WARNING: Shader Unsupported: 'Simulation/URP/Room X-Ray' - All subshaders removed
WARNING: Shader Did you use #pragma only_renderers and omit this platform?
WARNING: Shader If subshaders removal was intentional, you may have forgotten turning Fallback off?
WARNING: Shader Unsupported: 'Simulation/URP/Room X-Ray' - All subshaders removed
WARNING: Shader Did you use #pragma only_renderers and omit this platform?
WARNING: Shader If subshaders removal was intentional, you may have forgotten turning Fallback off?
WARNING: Shader Unsupported: 'Simulation/Room X-Ray' - All subshaders removed
WARNING: Shader Did you use #pragma only_renderers and omit this platform?
WARNING: Shader If subshaders removal was intentional, you may have forgotten turning Fallback off?
WARNING: Shader Unsupported: 'Simulation/Room X-Ray' - All subshaders removed
WARNING: Shader Did you use #pragma only_renderers and omit this platform?
WARNING: Shader If subshaders removal was intentional, you may have forgotten turning Fallback off?
WARNING: Shader Unsupported: 'Simulation/URP/Lit' - All subshaders removed
WARNING: Shader Did you use #pragma only_renderers and omit this platform?
WARNING: Shader If subshaders removal was intentional, you may have forgotten turning Fallback off?
WARNING: Shader Unsupported: 'Simulation/URP/Lit' - All subshaders removed
WARNING: Shader Did you use #pragma only_renderers and omit this platform?
WARNING: Shader If subshaders removal was intentional, you may have forgotten turning Fallback off?
Refreshing native plugins compatible for Editor in 3.16 ms, found 4 plugins.
Preloading 0 native plugins for Editor in 0.00 ms.
Unloading 24 Unused Serialized files (Serialized files now loaded: 0)
Unloading 7029 unused Assets / (8.9 MB). Loaded Objects now: 7872.
Memory consumption went from 163.5 MB to 154.6 MB.
Total: 16.817600 ms (FindLiveObjects: 1.266100 ms CreateObjectMapping: 1.491500 ms MarkObjects: 7.255800 ms  DeleteObjects: 6.802800 ms)

Prepare: number of updated asset objects reloaded= 0
========================================================================
Received Import Request.
  Time since last request: 3197122.209221 seconds.
  path: Assets/Scripts/PlacedController.cs
  artifactKey: Guid(c86cb95004fb3e2429fd47ae878e7239) Importer(815301076,1909f56bfc062723c751e8b465ee728b)
Start importing Assets/Scripts/PlacedController.cs using Guid(c86cb95004fb3e2429fd47ae878e7239) Importer(815301076,1909f56bfc062723c751e8b465ee728b) (PreviewImporter) -> (artifact id: 'ea501bb445eb87afa4104aba6b138392') in 0.006855 seconds
Number of updated asset objects reloaded before import = 0Number of asset objects unloaded after import = 0

========================================================================
Received Prepare
WARNING: Shader Unsupported: 'Hidden/Simulation/URP/Synthetic' - All subshaders removed
WARNING: Shader Did you use #pragma only_renderers and omit this platform?
WARNING: Shader If subshaders removal was intentional, you may have forgotten turning Fallback off?
WARNING: Shader Unsupported: 'Hidden/Simulation/URP/Synthetic' - All subshaders removed
WARNING: Shader Did you use #pragma only_renderers and omit this platform?
WARNING: Shader If subshaders removal was intentional, you may have forgotten turning Fallback off?
WARNING: Shader Unsupported: 'Simulation/Standard Lit' - All subshaders removed
WARNING: Shader Did you use #pragma only_renderers and omit this platform?
WARNING: Shader If subshaders removal was intentional, you may have forgotten turning Fallback off?
WARNING: Shader Unsupported: 'Simulation/Standard Lit' - All subshaders removed
WARNING: Shader Did you use #pragma only_renderers and omit this platform?
WARNING: Shader If subshaders removal was intentional, you may have forgotten turning Fallback off?
WARNING: Shader Unsupported: 'Hidden/Simulation/Synthetic Lit' - All subshaders removed
WARNING: Shader Did you use #pragma only_renderers and omit this platform?
WARNING: Shader If subshaders removal was intentional, you may have forgotten turning Fallback off?
WARNING: Shader Unsupported: 'Hidden/Simulation/Synthetic Lit' - All subshaders removed
WARNING: Shader Did you use #pragma only_renderers and omit this platform?
WARNING: Shader If subshaders removal was intentional, you may have forgotten turning Fallback off?
WARNING: Shader Unsupported: 'Simulation/URP/Room X-Ray' - All subshaders removed
WARNING: Shader Did you use #pragma only_renderers and omit this platform?
WARNING: Shader If subshaders removal was intentional, you may have forgotten turning Fallback off?
WARNING: Shader Unsupported: 'Simulation/URP/Room X-Ray' - All subshaders removed
WARNING: Shader Did you use #pragma only_renderers and omit this platform?
WARNING: Shader If subshaders removal was intentional, you may have forgotten turning Fallback off?
WARNING: Shader Unsupported: 'Simulation/Room X-Ray' - All subshaders removed
WARNING: Shader Did you use #pragma only_renderers and omit this platform?
WARNING: Shader If subshaders removal was intentional, you may have forgotten turning Fallback off?
WARNING: Shader Unsupported: 'Simulation/Room X-Ray' - All subshaders removed
WARNING: Shader Did you use #pragma only_renderers and omit this platform?
WARNING: Shader If subshaders removal was intentional, you may have forgotten turning Fallback off?
WARNING: Shader Unsupported: 'Simulation/URP/Lit' - All subshaders removed
WARNING: Shader Did you use #pragma only_renderers and omit this platform?
WARNING: Shader If subshaders removal was intentional, you may have forgotten turning Fallback off?
WARNING: Shader Unsupported: 'Simulation/URP/Lit' - All subshaders removed
WARNING: Shader Did you use #pragma only_renderers and omit this platform?
WARNING: Shader If subshaders removal was intentional, you may have forgotten turning Fallback off?
Refreshing native plugins compatible for Editor in 3.48 ms, found 4 plugins.
Preloading 0 native plugins for Editor in 0.00 ms.
Unloading 24 Unused Serialized files (Serialized files now loaded: 0)
Unloading 7018 unused Assets / (8.1 MB). Loaded Objects now: 7870.
Memory consumption went from 164.3 MB to 156.2 MB.
Total: 22.122400 ms (FindLiveObjects: 1.228100 ms CreateObjectMapping: 1.566100 ms MarkObjects: 11.806200 ms  DeleteObjects: 7.520700 ms)

Prepare: number of updated asset objects reloaded= 0
========================================================================
Received Prepare
WARNING: Shader Unsupported: 'Hidden/Simulation/URP/Synthetic' - All subshaders removed
WARNING: Shader Did you use #pragma only_renderers and omit this platform?
WARNING: Shader If subshaders removal was intentional, you may have forgotten turning Fallback off?
WARNING: Shader Unsupported: 'Hidden/Simulation/URP/Synthetic' - All subshaders removed
WARNING: Shader Did you use #pragma only_renderers and omit this platform?
WARNING: Shader If subshaders removal was intentional, you may have forgotten turning Fallback off?
WARNING: Shader Unsupported: 'Simulation/Standard Lit' - All subshaders removed
WARNING: Shader Did you use #pragma only_renderers and omit this platform?
WARNING: Shader If subshaders removal was intentional, you may have forgotten turning Fallback off?
WARNING: Shader Unsupported: 'Simulation/Standard Lit' - All subshaders removed
WARNING: Shader Did you use #pragma only_renderers and omit this platform?
WARNING: Shader If subshaders removal was intentional, you may have forgotten turning Fallback off?
WARNING: Shader Unsupported: 'Hidden/Simulation/Synthetic Lit' - All subshaders removed
WARNING: Shader Did you use #pragma only_renderers and omit this platform?
WARNING: Shader If subshaders removal was intentional, you may have forgotten turning Fallback off?
WARNING: Shader Unsupported: 'Hidden/Simulation/Synthetic Lit' - All subshaders removed
WARNING: Shader Did you use #pragma only_renderers and omit this platform?
WARNING: Shader If subshaders removal was intentional, you may have forgotten turning Fallback off?
WARNING: Shader Unsupported: 'Simulation/URP/Room X-Ray' - All subshaders removed
WARNING: Shader Did you use #pragma only_renderers and omit this platform?
WARNING: Shader If subshaders removal was intentional, you may have forgotten turning Fallback off?
WARNING: Shader Unsupported: 'Simulation/URP/Room X-Ray' - All subshaders removed
WARNING: Shader Did you use #pragma only_renderers and omit this platform?
WARNING: Shader If subshaders removal was intentional, you may have forgotten turning Fallback off?
WARNING: Shader Unsupported: 'Simulation/Room X-Ray' - All subshaders removed
WARNING: Shader Did you use #pragma only_renderers and omit this platform?
WARNING: Shader If subshaders removal was intentional, you may have forgotten turning Fallback off?
WARNING: Shader Unsupported: 'Simulation/Room X-Ray' - All subshaders removed
WARNING: Shader Did you use #pragma only_renderers and omit this platform?
WARNING: Shader If subshaders removal was intentional, you may have forgotten turning Fallback off?
WARNING: Shader Unsupported: 'Simulation/URP/Lit' - All subshaders removed
WARNING: Shader Did you use #pragma only_renderers and omit this platform?
WARNING: Shader If subshaders removal was intentional, you may have forgotten turning Fallback off?
WARNING: Shader Unsupported: 'Simulation/URP/Lit' - All subshaders removed
WARNING: Shader Did you use #pragma only_renderers and omit this platform?
WARNING: Shader If subshaders removal was intentional, you may have forgotten turning Fallback off?
Refreshing native plugins compatible for Editor in 4.54 ms, found 4 plugins.
Preloading 0 native plugins for Editor in 0.00 ms.
Unloading 24 Unused Serialized files (Serialized files now loaded: 0)
Unloading 7018 unused Assets / (8.7 MB). Loaded Objects now: 7870.
Memory consumption went from 164.3 MB to 155.6 MB.
Total: 23.892300 ms (FindLiveObjects: 1.286500 ms CreateObjectMapping: 1.752100 ms MarkObjects: 12.425000 ms  DeleteObjects: 8.426700 ms)

Prepare: number of updated asset objects reloaded= 0
========================================================================
Received Prepare
[Licensing::Client] Successfully resolved entitlement details
Begin MonoManager ReloadAssembly
[Licensing::Client] Successfully resolved entitlement details
- Loaded All Assemblies, in  1.489 seconds
Refreshing native plugins compatible for Editor in 13.39 ms, found 4 plugins.
Native extension for iOS target not found
Native extension for Android target not found
Native extension for WindowsStandalone target not found
Native extension for WebGL target not found
[Package Manager] Failed to launch server process. Reason: Unity was launched with the -noUpm command-line argument
[Package Manager] Unable to send message (not connected to server process).
[Package Manager] Cannot connect to Unity Package Manager local server
ScheduleIndexationOnStartup MainProcess:False IndexOnStartup:True
Mono: successfully reloaded assembly
[Package Manager] Failed to launch server process. Reason: Unity was launched with the -noUpm command-line argument
[Package Manager] Unable to send message (not connected to server process).
[Package Manager] Cannot connect to Unity Package Manager local server
- Finished resetting the current domain, in  1.228 seconds
Domain Reload Profiling: 2710ms
	BeginReloadAssembly (364ms)
		ExecutionOrderSort (0ms)
		DisableScriptedObjects (9ms)
		BackupInstance (0ms)
		ReleaseScriptingObjects (0ms)
		CreateAndSetChildDomain (85ms)
	RebuildCommonClasses (62ms)
	RebuildNativeTypeToScriptingClass (27ms)
	initialDomainReloadingComplete (47ms)
	LoadAllAssembliesAndSetupDomain (981ms)
		LoadAssemblies (696ms)
		RebuildTransferFunctionScriptingTraits (0ms)
		AnalyzeDomain (462ms)
			TypeCache.Refresh (18ms)
				TypeCache.ScanAssembly (1ms)
			BuildScriptInfoCaches (406ms)
			ResolveRequiredComponents (27ms)
	FinalizeReload (1229ms)
		ReleaseScriptCaches (0ms)
		RebuildScriptCaches (0ms)
		SetupLoadedEditorAssemblies (938ms)
			LogAssemblyErrors (0ms)
			InitializePlatformSupportModulesInManaged (19ms)
			SetLoadedEditorAssemblies (5ms)
			BeforeProcessingInitializeOnLoad (313ms)
			ProcessInitializeOnLoadAttributes (464ms)
			ProcessInitializeOnLoadMethodAttributes (121ms)
			AfterProcessingInitializeOnLoad (15ms)
			EditorAssembliesLoaded (1ms)
		ExecutionOrderSort2 (0ms)
		AwakeInstancesAfterBackupRestoration (25ms)
WARNING: Shader Unsupported: 'Hidden/Simulation/URP/Synthetic' - All subshaders removed
WARNING: Shader Did you use #pragma only_renderers and omit this platform?
WARNING: Shader If subshaders removal was intentional, you may have forgotten turning Fallback off?
WARNING: Shader Unsupported: 'Hidden/Simulation/URP/Synthetic' - All subshaders removed
WARNING: Shader Did you use #pragma only_renderers and omit this platform?
WARNING: Shader If subshaders removal was intentional, you may have forgotten turning Fallback off?
WARNING: Shader Unsupported: 'Simulation/Standard Lit' - All subshaders removed
WARNING: Shader Did you use #pragma only_renderers and omit this platform?
WARNING: Shader If subshaders removal was intentional, you may have forgotten turning Fallback off?
WARNING: Shader Unsupported: 'Simulation/Standard Lit' - All subshaders removed
WARNING: Shader Did you use #pragma only_renderers and omit this platform?
WARNING: Shader If subshaders removal was intentional, you may have forgotten turning Fallback off?
WARNING: Shader Unsupported: 'Hidden/Simulation/Synthetic Lit' - All subshaders removed
WARNING: Shader Did you use #pragma only_renderers and omit this platform?
WARNING: Shader If subshaders removal was intentional, you may have forgotten turning Fallback off?
WARNING: Shader Unsupported: 'Hidden/Simulation/Synthetic Lit' - All subshaders removed
WARNING: Shader Did you use #pragma only_renderers and omit this platform?
WARNING: Shader If subshaders removal was intentional, you may have forgotten turning Fallback off?
WARNING: Shader Unsupported: 'Simulation/URP/Room X-Ray' - All subshaders removed
WARNING: Shader Did you use #pragma only_renderers and omit this platform?
WARNING: Shader If subshaders removal was intentional, you may have forgotten turning Fallback off?
WARNING: Shader Unsupported: 'Simulation/URP/Room X-Ray' - All subshaders removed
WARNING: Shader Did you use #pragma only_renderers and omit this platform?
WARNING: Shader If subshaders removal was intentional, you may have forgotten turning Fallback off?
WARNING: Shader Unsupported: 'Simulation/Room X-Ray' - All subshaders removed
WARNING: Shader Did you use #pragma only_renderers and omit this platform?
WARNING: Shader If subshaders removal was intentional, you may have forgotten turning Fallback off?
WARNING: Shader Unsupported: 'Simulation/Room X-Ray' - All subshaders removed
WARNING: Shader Did you use #pragma only_renderers and omit this platform?
WARNING: Shader If subshaders removal was intentional, you may have forgotten turning Fallback off?
WARNING: Shader Unsupported: 'Simulation/URP/Lit' - All subshaders removed
WARNING: Shader Did you use #pragma only_renderers and omit this platform?
WARNING: Shader If subshaders removal was intentional, you may have forgotten turning Fallback off?
WARNING: Shader Unsupported: 'Simulation/URP/Lit' - All subshaders removed
WARNING: Shader Did you use #pragma only_renderers and omit this platform?
WARNING: Shader If subshaders removal was intentional, you may have forgotten turning Fallback off?
Refreshing native plugins compatible for Editor in 3.00 ms, found 4 plugins.
Preloading 0 native plugins for Editor in 0.00 ms.
Unloading 24 Unused Serialized files (Serialized files now loaded: 0)
Unloading 7029 unused Assets / (8.4 MB). Loaded Objects now: 7877.
Memory consumption went from 164.2 MB to 155.8 MB.
Total: 19.014300 ms (FindLiveObjects: 0.971500 ms CreateObjectMapping: 1.468800 ms MarkObjects: 7.066800 ms  DeleteObjects: 9.506100 ms)

Prepare: number of updated asset objects reloaded= 0
========================================================================
Received Prepare
WARNING: Shader Unsupported: 'Hidden/Simulation/URP/Synthetic' - All subshaders removed
WARNING: Shader Did you use #pragma only_renderers and omit this platform?
WARNING: Shader If subshaders removal was intentional, you may have forgotten turning Fallback off?
WARNING: Shader Unsupported: 'Hidden/Simulation/URP/Synthetic' - All subshaders removed
WARNING: Shader Did you use #pragma only_renderers and omit this platform?
WARNING: Shader If subshaders removal was intentional, you may have forgotten turning Fallback off?
WARNING: Shader Unsupported: 'Simulation/Standard Lit' - All subshaders removed
WARNING: Shader Did you use #pragma only_renderers and omit this platform?
WARNING: Shader If subshaders removal was intentional, you may have forgotten turning Fallback off?
WARNING: Shader Unsupported: 'Simulation/Standard Lit' - All subshaders removed
WARNING: Shader Did you use #pragma only_renderers and omit this platform?
WARNING: Shader If subshaders removal was intentional, you may have forgotten turning Fallback off?
WARNING: Shader Unsupported: 'Hidden/Simulation/Synthetic Lit' - All subshaders removed
WARNING: Shader Did you use #pragma only_renderers and omit this platform?
WARNING: Shader If subshaders removal was intentional, you may have forgotten turning Fallback off?
WARNING: Shader Unsupported: 'Hidden/Simulation/Synthetic Lit' - All subshaders removed
WARNING: Shader Did you use #pragma only_renderers and omit this platform?
WARNING: Shader If subshaders removal was intentional, you may have forgotten turning Fallback off?
WARNING: Shader Unsupported: 'Simulation/URP/Room X-Ray' - All subshaders removed
WARNING: Shader Did you use #pragma only_renderers and omit this platform?
WARNING: Shader If subshaders removal was intentional, you may have forgotten turning Fallback off?
WARNING: Shader Unsupported: 'Simulation/URP/Room X-Ray' - All subshaders removed
WARNING: Shader Did you use #pragma only_renderers and omit this platform?
WARNING: Shader If subshaders removal was intentional, you may have forgotten turning Fallback off?
WARNING: Shader Unsupported: 'Simulation/Room X-Ray' - All subshaders removed
WARNING: Shader Did you use #pragma only_renderers and omit this platform?
WARNING: Shader If subshaders removal was intentional, you may have forgotten turning Fallback off?
WARNING: Shader Unsupported: 'Simulation/Room X-Ray' - All subshaders removed
WARNING: Shader Did you use #pragma only_renderers and omit this platform?
WARNING: Shader If subshaders removal was intentional, you may have forgotten turning Fallback off?
WARNING: Shader Unsupported: 'Simulation/URP/Lit' - All subshaders removed
WARNING: Shader Did you use #pragma only_renderers and omit this platform?
WARNING: Shader If subshaders removal was intentional, you may have forgotten turning Fallback off?
WARNING: Shader Unsupported: 'Simulation/URP/Lit' - All subshaders removed
WARNING: Shader Did you use #pragma only_renderers and omit this platform?
WARNING: Shader If subshaders removal was intentional, you may have forgotten turning Fallback off?
Refreshing native plugins compatible for Editor in 4.07 ms, found 4 plugins.
Preloading 0 native plugins for Editor in 0.00 ms.
Unloading 24 Unused Serialized files (Serialized files now loaded: 0)
Unloading 7018 unused Assets / (8.4 MB). Loaded Objects now: 7873.
Memory consumption went from 164.4 MB to 155.9 MB.
Total: 21.070800 ms (FindLiveObjects: 1.131600 ms CreateObjectMapping: 1.525700 ms MarkObjects: 10.899000 ms  DeleteObjects: 7.513100 ms)

Prepare: number of updated asset objects reloaded= 0
========================================================================
Received Prepare
[Licensing::Client] Successfully resolved entitlement details
Begin MonoManager ReloadAssembly
[Licensing::Client] Successfully resolved entitlement details
- Loaded All Assemblies, in  1.493 seconds
Refreshing native plugins compatible for Editor in 4.41 ms, found 4 plugins.
Native extension for iOS target not found
Native extension for Android target not found
Native extension for WindowsStandalone target not found
Native extension for WebGL target not found
[Package Manager] Failed to launch server process. Reason: Unity was launched with the -noUpm command-line argument
[Package Manager] Unable to send message (not connected to server process).
[Package Manager] Cannot connect to Unity Package Manager local server
ScheduleIndexationOnStartup MainProcess:False IndexOnStartup:True
Mono: successfully reloaded assembly
[Package Manager] Failed to launch server process. Reason: Unity was launched with the -noUpm command-line argument
[Package Manager] Unable to send message (not connected to server process).
[Package Manager] Cannot connect to Unity Package Manager local server
- Finished resetting the current domain, in  1.350 seconds
Domain Reload Profiling: 2825ms
	BeginReloadAssembly (365ms)
		ExecutionOrderSort (0ms)
		DisableScriptedObjects (11ms)
		BackupInstance (0ms)
		ReleaseScriptingObjects (0ms)
		CreateAndSetChildDomain (98ms)
	RebuildCommonClasses (84ms)
	RebuildNativeTypeToScriptingClass (24ms)
	initialDomainReloadingComplete (48ms)
	LoadAllAssembliesAndSetupDomain (954ms)
		LoadAssemblies (666ms)
		RebuildTransferFunctionScriptingTraits (0ms)
		AnalyzeDomain (443ms)
			TypeCache.Refresh (18ms)
				TypeCache.ScanAssembly (1ms)
			BuildScriptInfoCaches (385ms)
			ResolveRequiredComponents (31ms)
	FinalizeReload (1350ms)
		ReleaseScriptCaches (0ms)
		RebuildScriptCaches (0ms)
		SetupLoadedEditorAssemblies (1023ms)
			LogAssemblyErrors (0ms)
			InitializePlatformSupportModulesInManaged (19ms)
			SetLoadedEditorAssemblies (16ms)
			BeforeProcessingInitializeOnLoad (309ms)
			ProcessInitializeOnLoadAttributes (533ms)
			ProcessInitializeOnLoadMethodAttributes (124ms)
			AfterProcessingInitializeOnLoad (20ms)
			EditorAssembliesLoaded (1ms)
		ExecutionOrderSort2 (0ms)
		AwakeInstancesAfterBackupRestoration (60ms)
WARNING: Shader Unsupported: 'Hidden/Simulation/URP/Synthetic' - All subshaders removed
WARNING: Shader Did you use #pragma only_renderers and omit this platform?
WARNING: Shader If subshaders removal was intentional, you may have forgotten turning Fallback off?
WARNING: Shader Unsupported: 'Hidden/Simulation/URP/Synthetic' - All subshaders removed
WARNING: Shader Did you use #pragma only_renderers and omit this platform?
WARNING: Shader If subshaders removal was intentional, you may have forgotten turning Fallback off?
WARNING: Shader Unsupported: 'Simulation/Standard Lit' - All subshaders removed
WARNING: Shader Did you use #pragma only_renderers and omit this platform?
WARNING: Shader If subshaders removal was intentional, you may have forgotten turning Fallback off?
WARNING: Shader Unsupported: 'Simulation/Standard Lit' - All subshaders removed
WARNING: Shader Did you use #pragma only_renderers and omit this platform?
WARNING: Shader If subshaders removal was intentional, you may have forgotten turning Fallback off?
WARNING: Shader Unsupported: 'Hidden/Simulation/Synthetic Lit' - All subshaders removed
WARNING: Shader Did you use #pragma only_renderers and omit this platform?
WARNING: Shader If subshaders removal was intentional, you may have forgotten turning Fallback off?
WARNING: Shader Unsupported: 'Hidden/Simulation/Synthetic Lit' - All subshaders removed
WARNING: Shader Did you use #pragma only_renderers and omit this platform?
WARNING: Shader If subshaders removal was intentional, you may have forgotten turning Fallback off?
WARNING: Shader Unsupported: 'Simulation/URP/Room X-Ray' - All subshaders removed
WARNING: Shader Did you use #pragma only_renderers and omit this platform?
WARNING: Shader If subshaders removal was intentional, you may have forgotten turning Fallback off?
WARNING: Shader Unsupported: 'Simulation/URP/Room X-Ray' - All subshaders removed
WARNING: Shader Did you use #pragma only_renderers and omit this platform?
WARNING: Shader If subshaders removal was intentional, you may have forgotten turning Fallback off?
WARNING: Shader Unsupported: 'Simulation/Room X-Ray' - All subshaders removed
WARNING: Shader Did you use #pragma only_renderers and omit this platform?
WARNING: Shader If subshaders removal was intentional, you may have forgotten turning Fallback off?
WARNING: Shader Unsupported: 'Simulation/Room X-Ray' - All subshaders removed
WARNING: Shader Did you use #pragma only_renderers and omit this platform?
WARNING: Shader If subshaders removal was intentional, you may have forgotten turning Fallback off?
WARNING: Shader Unsupported: 'Simulation/URP/Lit' - All subshaders removed
WARNING: Shader Did you use #pragma only_renderers and omit this platform?
WARNING: Shader If subshaders removal was intentional, you may have forgotten turning Fallback off?
WARNING: Shader Unsupported: 'Simulation/URP/Lit' - All subshaders removed
WARNING: Shader Did you use #pragma only_renderers and omit this platform?
WARNING: Shader If subshaders removal was intentional, you may have forgotten turning Fallback off?
Refreshing native plugins compatible for Editor in 4.15 ms, found 4 plugins.
Preloading 0 native plugins for Editor in 0.00 ms.
Unloading 24 Unused Serialized files (Serialized files now loaded: 0)
Unloading 7029 unused Assets / (7.9 MB). Loaded Objects now: 7880.
Memory consumption went from 164.3 MB to 156.4 MB.
Total: 16.667600 ms (FindLiveObjects: 1.625800 ms CreateObjectMapping: 1.692800 ms MarkObjects: 6.912500 ms  DeleteObjects: 6.434400 ms)

Prepare: number of updated asset objects reloaded= 0
========================================================================
Received Prepare
WARNING: Shader Unsupported: 'Hidden/Simulation/URP/Synthetic' - All subshaders removed
WARNING: Shader Did you use #pragma only_renderers and omit this platform?
WARNING: Shader If subshaders removal was intentional, you may have forgotten turning Fallback off?
WARNING: Shader Unsupported: 'Hidden/Simulation/URP/Synthetic' - All subshaders removed
WARNING: Shader Did you use #pragma only_renderers and omit this platform?
WARNING: Shader If subshaders removal was intentional, you may have forgotten turning Fallback off?
WARNING: Shader Unsupported: 'Simulation/Standard Lit' - All subshaders removed
WARNING: Shader Did you use #pragma only_renderers and omit this platform?
WARNING: Shader If subshaders removal was intentional, you may have forgotten turning Fallback off?
WARNING: Shader Unsupported: 'Simulation/Standard Lit' - All subshaders removed
WARNING: Shader Did you use #pragma only_renderers and omit this platform?
WARNING: Shader If subshaders removal was intentional, you may have forgotten turning Fallback off?
WARNING: Shader Unsupported: 'Hidden/Simulation/Synthetic Lit' - All subshaders removed
WARNING: Shader Did you use #pragma only_renderers and omit this platform?
WARNING: Shader If subshaders removal was intentional, you may have forgotten turning Fallback off?
WARNING: Shader Unsupported: 'Hidden/Simulation/Synthetic Lit' - All subshaders removed
WARNING: Shader Did you use #pragma only_renderers and omit this platform?
WARNING: Shader If subshaders removal was intentional, you may have forgotten turning Fallback off?
WARNING: Shader Unsupported: 'Simulation/URP/Room X-Ray' - All subshaders removed
WARNING: Shader Did you use #pragma only_renderers and omit this platform?
WARNING: Shader If subshaders removal was intentional, you may have forgotten turning Fallback off?
WARNING: Shader Unsupported: 'Simulation/URP/Room X-Ray' - All subshaders removed
WARNING: Shader Did you use #pragma only_renderers and omit this platform?
WARNING: Shader If subshaders removal was intentional, you may have forgotten turning Fallback off?
WARNING: Shader Unsupported: 'Simulation/Room X-Ray' - All subshaders removed
WARNING: Shader Did you use #pragma only_renderers and omit this platform?
WARNING: Shader If subshaders removal was intentional, you may have forgotten turning Fallback off?
WARNING: Shader Unsupported: 'Simulation/Room X-Ray' - All subshaders removed
WARNING: Shader Did you use #pragma only_renderers and omit this platform?
WARNING: Shader If subshaders removal was intentional, you may have forgotten turning Fallback off?
WARNING: Shader Unsupported: 'Simulation/URP/Lit' - All subshaders removed
WARNING: Shader Did you use #pragma only_renderers and omit this platform?
WARNING: Shader If subshaders removal was intentional, you may have forgotten turning Fallback off?
WARNING: Shader Unsupported: 'Simulation/URP/Lit' - All subshaders removed
WARNING: Shader Did you use #pragma only_renderers and omit this platform?
WARNING: Shader If subshaders removal was intentional, you may have forgotten turning Fallback off?
Refreshing native plugins compatible for Editor in 4.52 ms, found 4 plugins.
Preloading 0 native plugins for Editor in 0.00 ms.
Unloading 24 Unused Serialized files (Serialized files now loaded: 0)
Unloading 7018 unused Assets / (9.1 MB). Loaded Objects now: 7876.
Memory consumption went from 164.4 MB to 155.2 MB.
Total: 34.420400 ms (FindLiveObjects: 1.046000 ms CreateObjectMapping: 1.792700 ms MarkObjects: 22.453100 ms  DeleteObjects: 9.126400 ms)

Prepare: number of updated asset objects reloaded= 0
========================================================================
Received Prepare
[Licensing::Client] Successfully resolved entitlement details
Begin MonoManager ReloadAssembly
[Licensing::Client] Successfully resolved entitlement details
- Loaded All Assemblies, in  1.400 seconds
Refreshing native plugins compatible for Editor in 3.62 ms, found 4 plugins.
Native extension for iOS target not found
Native extension for Android target not found
Native extension for WindowsStandalone target not found
Native extension for WebGL target not found
[Package Manager] Failed to launch server process. Reason: Unity was launched with the -noUpm command-line argument
[Package Manager] Unable to send message (not connected to server process).
[Package Manager] Cannot connect to Unity Package Manager local server
ScheduleIndexationOnStartup MainProcess:False IndexOnStartup:True
Mono: successfully reloaded assembly
[Package Manager] Failed to launch server process. Reason: Unity was launched with the -noUpm command-line argument
[Package Manager] Unable to send message (not connected to server process).
[Package Manager] Cannot connect to Unity Package Manager local server
- Finished resetting the current domain, in  1.171 seconds
Domain Reload Profiling: 2563ms
	BeginReloadAssembly (363ms)
		ExecutionOrderSort (0ms)
		DisableScriptedObjects (10ms)
		BackupInstance (0ms)
		ReleaseScriptingObjects (0ms)
		CreateAndSetChildDomain (113ms)
	RebuildCommonClasses (68ms)
	RebuildNativeTypeToScriptingClass (21ms)
	initialDomainReloadingComplete (43ms)
	LoadAllAssembliesAndSetupDomain (896ms)
		LoadAssemblies (653ms)
		RebuildTransferFunctionScriptingTraits (0ms)
		AnalyzeDomain (392ms)
			TypeCache.Refresh (17ms)
				TypeCache.ScanAssembly (2ms)
			BuildScriptInfoCaches (349ms)
			ResolveRequiredComponents (19ms)
	FinalizeReload (1172ms)
		ReleaseScriptCaches (0ms)
		RebuildScriptCaches (0ms)
		SetupLoadedEditorAssemblies (880ms)
			LogAssemblyErrors (0ms)
			InitializePlatformSupportModulesInManaged (21ms)
			SetLoadedEditorAssemblies (6ms)
			BeforeProcessingInitializeOnLoad (278ms)
			ProcessInitializeOnLoadAttributes (450ms)
			ProcessInitializeOnLoadMethodAttributes (111ms)
			AfterProcessingInitializeOnLoad (13ms)
			EditorAssembliesLoaded (0ms)
		ExecutionOrderSort2 (0ms)
		AwakeInstancesAfterBackupRestoration (27ms)
WARNING: Shader Unsupported: 'Hidden/Simulation/URP/Synthetic' - All subshaders removed
WARNING: Shader Did you use #pragma only_renderers and omit this platform?
WARNING: Shader If subshaders removal was intentional, you may have forgotten turning Fallback off?
WARNING: Shader Unsupported: 'Hidden/Simulation/URP/Synthetic' - All subshaders removed
WARNING: Shader Did you use #pragma only_renderers and omit this platform?
WARNING: Shader If subshaders removal was intentional, you may have forgotten turning Fallback off?
WARNING: Shader Unsupported: 'Simulation/Standard Lit' - All subshaders removed
WARNING: Shader Did you use #pragma only_renderers and omit this platform?
WARNING: Shader If subshaders removal was intentional, you may have forgotten turning Fallback off?
WARNING: Shader Unsupported: 'Simulation/Standard Lit' - All subshaders removed
WARNING: Shader Did you use #pragma only_renderers and omit this platform?
WARNING: Shader If subshaders removal was intentional, you may have forgotten turning Fallback off?
WARNING: Shader Unsupported: 'Hidden/Simulation/Synthetic Lit' - All subshaders removed
WARNING: Shader Did you use #pragma only_renderers and omit this platform?
WARNING: Shader If subshaders removal was intentional, you may have forgotten turning Fallback off?
WARNING: Shader Unsupported: 'Hidden/Simulation/Synthetic Lit' - All subshaders removed
WARNING: Shader Did you use #pragma only_renderers and omit this platform?
WARNING: Shader If subshaders removal was intentional, you may have forgotten turning Fallback off?
WARNING: Shader Unsupported: 'Simulation/URP/Room X-Ray' - All subshaders removed
WARNING: Shader Did you use #pragma only_renderers and omit this platform?
WARNING: Shader If subshaders removal was intentional, you may have forgotten turning Fallback off?
WARNING: Shader Unsupported: 'Simulation/URP/Room X-Ray' - All subshaders removed
WARNING: Shader Did you use #pragma only_renderers and omit this platform?
WARNING: Shader If subshaders removal was intentional, you may have forgotten turning Fallback off?
WARNING: Shader Unsupported: 'Simulation/Room X-Ray' - All subshaders removed
WARNING: Shader Did you use #pragma only_renderers and omit this platform?
WARNING: Shader If subshaders removal was intentional, you may have forgotten turning Fallback off?
WARNING: Shader Unsupported: 'Simulation/Room X-Ray' - All subshaders removed
WARNING: Shader Did you use #pragma only_renderers and omit this platform?
WARNING: Shader If subshaders removal was intentional, you may have forgotten turning Fallback off?
WARNING: Shader Unsupported: 'Simulation/URP/Lit' - All subshaders removed
WARNING: Shader Did you use #pragma only_renderers and omit this platform?
WARNING: Shader If subshaders removal was intentional, you may have forgotten turning Fallback off?
WARNING: Shader Unsupported: 'Simulation/URP/Lit' - All subshaders removed
WARNING: Shader Did you use #pragma only_renderers and omit this platform?
WARNING: Shader If subshaders removal was intentional, you may have forgotten turning Fallback off?
Refreshing native plugins compatible for Editor in 4.32 ms, found 4 plugins.
Preloading 0 native plugins for Editor in 0.00 ms.
Unloading 24 Unused Serialized files (Serialized files now loaded: 0)
Unloading 7029 unused Assets / (9.1 MB). Loaded Objects now: 7883.
Memory consumption went from 164.2 MB to 155.1 MB.
Total: 20.392000 ms (FindLiveObjects: 1.206800 ms CreateObjectMapping: 1.777600 ms MarkObjects: 8.008000 ms  DeleteObjects: 9.398500 ms)

Prepare: number of updated asset objects reloaded= 0
========================================================================
Received Prepare
[Licensing::Client] Successfully resolved entitlement details
Begin MonoManager ReloadAssembly
[Licensing::Client] Successfully resolved entitlement details
- Loaded All Assemblies, in  1.125 seconds
Refreshing native plugins compatible for Editor in 3.30 ms, found 4 plugins.
Native extension for iOS target not found
Native extension for Android target not found
Native extension for WindowsStandalone target not found
Native extension for WebGL target not found
[Package Manager] Failed to launch server process. Reason: Unity was launched with the -noUpm command-line argument
[Package Manager] Unable to send message (not connected to server process).
[Package Manager] Cannot connect to Unity Package Manager local server
ScheduleIndexationOnStartup MainProcess:False IndexOnStartup:True
Mono: successfully reloaded assembly
[Package Manager] Failed to launch server process. Reason: Unity was launched with the -noUpm command-line argument
[Package Manager] Unable to send message (not connected to server process).
[Package Manager] Cannot connect to Unity Package Manager local server
- Finished resetting the current domain, in  0.933 seconds
Domain Reload Profiling: 2047ms
	BeginReloadAssembly (284ms)
		ExecutionOrderSort (0ms)
		DisableScriptedObjects (6ms)
		BackupInstance (0ms)
		ReleaseScriptingObjects (0ms)
		CreateAndSetChildDomain (70ms)
	RebuildCommonClasses (49ms)
	RebuildNativeTypeToScriptingClass (17ms)
	initialDomainReloadingComplete (36ms)
	LoadAllAssembliesAndSetupDomain (727ms)
		LoadAssemblies (538ms)
		RebuildTransferFunctionScriptingTraits (0ms)
		AnalyzeDomain (308ms)
			TypeCache.Refresh (9ms)
				TypeCache.ScanAssembly (0ms)
			BuildScriptInfoCaches (270ms)
			ResolveRequiredComponents (20ms)
	FinalizeReload (933ms)
		ReleaseScriptCaches (0ms)
		RebuildScriptCaches (0ms)
		SetupLoadedEditorAssemblies (708ms)
			LogAssemblyErrors (0ms)
			InitializePlatformSupportModulesInManaged (14ms)
			SetLoadedEditorAssemblies (6ms)
			BeforeProcessingInitializeOnLoad (227ms)
			ProcessInitializeOnLoadAttributes (351ms)
			ProcessInitializeOnLoadMethodAttributes (100ms)
			AfterProcessingInitializeOnLoad (9ms)
			EditorAssembliesLoaded (0ms)
		ExecutionOrderSort2 (0ms)
		AwakeInstancesAfterBackupRestoration (23ms)
WARNING: Shader Unsupported: 'Hidden/Simulation/URP/Synthetic' - All subshaders removed
WARNING: Shader Did you use #pragma only_renderers and omit this platform?
WARNING: Shader If subshaders removal was intentional, you may have forgotten turning Fallback off?
WARNING: Shader Unsupported: 'Hidden/Simulation/URP/Synthetic' - All subshaders removed
WARNING: Shader Did you use #pragma only_renderers and omit this platform?
WARNING: Shader If subshaders removal was intentional, you may have forgotten turning Fallback off?
WARNING: Shader Unsupported: 'Simulation/Standard Lit' - All subshaders removed
WARNING: Shader Did you use #pragma only_renderers and omit this platform?
WARNING: Shader If subshaders removal was intentional, you may have forgotten turning Fallback off?
WARNING: Shader Unsupported: 'Simulation/Standard Lit' - All subshaders removed
WARNING: Shader Did you use #pragma only_renderers and omit this platform?
WARNING: Shader If subshaders removal was intentional, you may have forgotten turning Fallback off?
WARNING: Shader Unsupported: 'Hidden/Simulation/Synthetic Lit' - All subshaders removed
WARNING: Shader Did you use #pragma only_renderers and omit this platform?
WARNING: Shader If subshaders removal was intentional, you may have forgotten turning Fallback off?
WARNING: Shader Unsupported: 'Hidden/Simulation/Synthetic Lit' - All subshaders removed
WARNING: Shader Did you use #pragma only_renderers and omit this platform?
WARNING: Shader If subshaders removal was intentional, you may have forgotten turning Fallback off?
WARNING: Shader Unsupported: 'Simulation/URP/Room X-Ray' - All subshaders removed
WARNING: Shader Did you use #pragma only_renderers and omit this platform?
WARNING: Shader If subshaders removal was intentional, you may have forgotten turning Fallback off?
WARNING: Shader Unsupported: 'Simulation/URP/Room X-Ray' - All subshaders removed
WARNING: Shader Did you use #pragma only_renderers and omit this platform?
WARNING: Shader If subshaders removal was intentional, you may have forgotten turning Fallback off?
WARNING: Shader Unsupported: 'Simulation/Room X-Ray' - All subshaders removed
WARNING: Shader Did you use #pragma only_renderers and omit this platform?
WARNING: Shader If subshaders removal was intentional, you may have forgotten turning Fallback off?
WARNING: Shader Unsupported: 'Simulation/Room X-Ray' - All subshaders removed
WARNING: Shader Did you use #pragma only_renderers and omit this platform?
WARNING: Shader If subshaders removal was intentional, you may have forgotten turning Fallback off?
WARNING: Shader Unsupported: 'Simulation/URP/Lit' - All subshaders removed
WARNING: Shader Did you use #pragma only_renderers and omit this platform?
WARNING: Shader If subshaders removal was intentional, you may have forgotten turning Fallback off?
WARNING: Shader Unsupported: 'Simulation/URP/Lit' - All subshaders removed
WARNING: Shader Did you use #pragma only_renderers and omit this platform?
WARNING: Shader If subshaders removal was intentional, you may have forgotten turning Fallback off?
Refreshing native plugins compatible for Editor in 3.21 ms, found 4 plugins.
Preloading 0 native plugins for Editor in 0.00 ms.
Unloading 24 Unused Serialized files (Serialized files now loaded: 0)
Unloading 7029 unused Assets / (7.7 MB). Loaded Objects now: 7886.
Memory consumption went from 164.3 MB to 156.6 MB.
Total: 21.518100 ms (FindLiveObjects: 1.587900 ms CreateObjectMapping: 2.230300 ms MarkObjects: 9.580400 ms  DeleteObjects: 8.117100 ms)

Prepare: number of updated asset objects reloaded= 0
========================================================================
Received Prepare
[Licensing::Client] Successfully resolved entitlement details
Begin MonoManager ReloadAssembly
[Licensing::Client] Successfully resolved entitlement details
- Loaded All Assemblies, in  1.161 seconds
Refreshing native plugins compatible for Editor in 4.69 ms, found 4 plugins.
Native extension for iOS target not found
Native extension for Android target not found
Native extension for WindowsStandalone target not found
Native extension for WebGL target not found
[Package Manager] Failed to launch server process. Reason: Unity was launched with the -noUpm command-line argument
[Package Manager] Unable to send message (not connected to server process).
[Package Manager] Cannot connect to Unity Package Manager local server
ScheduleIndexationOnStartup MainProcess:False IndexOnStartup:True
Mono: successfully reloaded assembly
[Package Manager] Failed to launch server process. Reason: Unity was launched with the -noUpm command-line argument
[Package Manager] Unable to send message (not connected to server process).
[Package Manager] Cannot connect to Unity Package Manager local server
- Finished resetting the current domain, in  0.939 seconds
Domain Reload Profiling: 2094ms
	BeginReloadAssembly (338ms)
		ExecutionOrderSort (0ms)
		DisableScriptedObjects (8ms)
		BackupInstance (0ms)
		ReleaseScriptingObjects (0ms)
		CreateAndSetChildDomain (81ms)
	RebuildCommonClasses (42ms)
	RebuildNativeTypeToScriptingClass (16ms)
	initialDomainReloadingComplete (35ms)
	LoadAllAssembliesAndSetupDomain (725ms)
		LoadAssemblies (571ms)
		RebuildTransferFunctionScriptingTraits (0ms)
		AnalyzeDomain (294ms)
			TypeCache.Refresh (9ms)
				TypeCache.ScanAssembly (0ms)
			BuildScriptInfoCaches (253ms)
			ResolveRequiredComponents (22ms)
	FinalizeReload (939ms)
		ReleaseScriptCaches (0ms)
		RebuildScriptCaches (0ms)
		SetupLoadedEditorAssemblies (721ms)
			LogAssemblyErrors (0ms)
			InitializePlatformSupportModulesInManaged (15ms)
			SetLoadedEditorAssemblies (5ms)
			BeforeProcessingInitializeOnLoad (206ms)
			ProcessInitializeOnLoadAttributes (384ms)
			ProcessInitializeOnLoadMethodAttributes (101ms)
			AfterProcessingInitializeOnLoad (10ms)
			EditorAssembliesLoaded (0ms)
		ExecutionOrderSort2 (0ms)
		AwakeInstancesAfterBackupRestoration (21ms)
WARNING: Shader Unsupported: 'Hidden/Simulation/URP/Synthetic' - All subshaders removed
WARNING: Shader Did you use #pragma only_renderers and omit this platform?
WARNING: Shader If subshaders removal was intentional, you may have forgotten turning Fallback off?
WARNING: Shader Unsupported: 'Hidden/Simulation/URP/Synthetic' - All subshaders removed
WARNING: Shader Did you use #pragma only_renderers and omit this platform?
WARNING: Shader If subshaders removal was intentional, you may have forgotten turning Fallback off?
WARNING: Shader Unsupported: 'Simulation/Standard Lit' - All subshaders removed
WARNING: Shader Did you use #pragma only_renderers and omit this platform?
WARNING: Shader If subshaders removal was intentional, you may have forgotten turning Fallback off?
WARNING: Shader Unsupported: 'Simulation/Standard Lit' - All subshaders removed
WARNING: Shader Did you use #pragma only_renderers and omit this platform?
WARNING: Shader If subshaders removal was intentional, you may have forgotten turning Fallback off?
WARNING: Shader Unsupported: 'Hidden/Simulation/Synthetic Lit' - All subshaders removed
WARNING: Shader Did you use #pragma only_renderers and omit this platform?
WARNING: Shader If subshaders removal was intentional, you may have forgotten turning Fallback off?
WARNING: Shader Unsupported: 'Hidden/Simulation/Synthetic Lit' - All subshaders removed
WARNING: Shader Did you use #pragma only_renderers and omit this platform?
WARNING: Shader If subshaders removal was intentional, you may have forgotten turning Fallback off?
WARNING: Shader Unsupported: 'Simulation/URP/Room X-Ray' - All subshaders removed
WARNING: Shader Did you use #pragma only_renderers and omit this platform?
WARNING: Shader If subshaders removal was intentional, you may have forgotten turning Fallback off?
WARNING: Shader Unsupported: 'Simulation/URP/Room X-Ray' - All subshaders removed
WARNING: Shader Did you use #pragma only_renderers and omit this platform?
WARNING: Shader If subshaders removal was intentional, you may have forgotten turning Fallback off?
WARNING: Shader Unsupported: 'Simulation/Room X-Ray' - All subshaders removed
WARNING: Shader Did you use #pragma only_renderers and omit this platform?
WARNING: Shader If subshaders removal was intentional, you may have forgotten turning Fallback off?
WARNING: Shader Unsupported: 'Simulation/Room X-Ray' - All subshaders removed
WARNING: Shader Did you use #pragma only_renderers and omit this platform?
WARNING: Shader If subshaders removal was intentional, you may have forgotten turning Fallback off?
WARNING: Shader Unsupported: 'Simulation/URP/Lit' - All subshaders removed
WARNING: Shader Did you use #pragma only_renderers and omit this platform?
WARNING: Shader If subshaders removal was intentional, you may have forgotten turning Fallback off?
WARNING: Shader Unsupported: 'Simulation/URP/Lit' - All subshaders removed
WARNING: Shader Did you use #pragma only_renderers and omit this platform?
WARNING: Shader If subshaders removal was intentional, you may have forgotten turning Fallback off?
Refreshing native plugins compatible for Editor in 3.70 ms, found 4 plugins.
Preloading 0 native plugins for Editor in 0.00 ms.
Unloading 24 Unused Serialized files (Serialized files now loaded: 0)
Unloading 7029 unused Assets / (6.7 MB). Loaded Objects now: 7889.
Memory consumption went from 164.4 MB to 157.7 MB.
Total: 22.478500 ms (FindLiveObjects: 1.069000 ms CreateObjectMapping: 1.468500 ms MarkObjects: 13.821100 ms  DeleteObjects: 6.118500 ms)

Prepare: number of updated asset objects reloaded= 0
========================================================================
Received Prepare
WARNING: Shader Unsupported: 'Hidden/Simulation/URP/Synthetic' - All subshaders removed
WARNING: Shader Did you use #pragma only_renderers and omit this platform?
WARNING: Shader If subshaders removal was intentional, you may have forgotten turning Fallback off?
WARNING: Shader Unsupported: 'Hidden/Simulation/URP/Synthetic' - All subshaders removed
WARNING: Shader Did you use #pragma only_renderers and omit this platform?
WARNING: Shader If subshaders removal was intentional, you may have forgotten turning Fallback off?
WARNING: Shader Unsupported: 'Simulation/Standard Lit' - All subshaders removed
WARNING: Shader Did you use #pragma only_renderers and omit this platform?
WARNING: Shader If subshaders removal was intentional, you may have forgotten turning Fallback off?
WARNING: Shader Unsupported: 'Simulation/Standard Lit' - All subshaders removed
WARNING: Shader Did you use #pragma only_renderers and omit this platform?
WARNING: Shader If subshaders removal was intentional, you may have forgotten turning Fallback off?
WARNING: Shader Unsupported: 'Hidden/Simulation/Synthetic Lit' - All subshaders removed
WARNING: Shader Did you use #pragma only_renderers and omit this platform?
WARNING: Shader If subshaders removal was intentional, you may have forgotten turning Fallback off?
WARNING: Shader Unsupported: 'Hidden/Simulation/Synthetic Lit' - All subshaders removed
WARNING: Shader Did you use #pragma only_renderers and omit this platform?
WARNING: Shader If subshaders removal was intentional, you may have forgotten turning Fallback off?
WARNING: Shader Unsupported: 'Simulation/URP/Room X-Ray' - All subshaders removed
WARNING: Shader Did you use #pragma only_renderers and omit this platform?
WARNING: Shader If subshaders removal was intentional, you may have forgotten turning Fallback off?
WARNING: Shader Unsupported: 'Simulation/URP/Room X-Ray' - All subshaders removed
WARNING: Shader Did you use #pragma only_renderers and omit this platform?
WARNING: Shader If subshaders removal was intentional, you may have forgotten turning Fallback off?
WARNING: Shader Unsupported: 'Simulation/Room X-Ray' - All subshaders removed
WARNING: Shader Did you use #pragma only_renderers and omit this platform?
WARNING: Shader If subshaders removal was intentional, you may have forgotten turning Fallback off?
WARNING: Shader Unsupported: 'Simulation/Room X-Ray' - All subshaders removed
WARNING: Shader Did you use #pragma only_renderers and omit this platform?
WARNING: Shader If subshaders removal was intentional, you may have forgotten turning Fallback off?
WARNING: Shader Unsupported: 'Simulation/URP/Lit' - All subshaders removed
WARNING: Shader Did you use #pragma only_renderers and omit this platform?
WARNING: Shader If subshaders removal was intentional, you may have forgotten turning Fallback off?
WARNING: Shader Unsupported: 'Simulation/URP/Lit' - All subshaders removed
WARNING: Shader Did you use #pragma only_renderers and omit this platform?
WARNING: Shader If subshaders removal was intentional, you may have forgotten turning Fallback off?
Refreshing native plugins compatible for Editor in 3.74 ms, found 4 plugins.
Preloading 0 native plugins for Editor in 0.00 ms.
Unloading 24 Unused Serialized files (Serialized files now loaded: 0)
Unloading 24 unused Assets / (3.7 MB). Loaded Objects now: 7889.
Memory consumption went from 159.3 MB to 155.6 MB.
Total: 12.393800 ms (FindLiveObjects: 0.906900 ms CreateObjectMapping: 0.662200 ms MarkObjects: 8.406100 ms  DeleteObjects: 2.416600 ms)

Prepare: number of updated asset objects reloaded= 0
========================================================================
Received Prepare
[Licensing::Client] Successfully resolved entitlement details
Begin MonoManager ReloadAssembly
[Licensing::Client] Successfully resolved entitlement details
- Loaded All Assemblies, in  1.129 seconds
Refreshing native plugins compatible for Editor in 2.96 ms, found 4 plugins.
Native extension for iOS target not found
Native extension for Android target not found
Native extension for WindowsStandalone target not found
Native extension for WebGL target not found
[Package Manager] Failed to launch server process. Reason: Unity was launched with the -noUpm command-line argument
[Package Manager] Unable to send message (not connected to server process).
[Package Manager] Cannot connect to Unity Package Manager local server
ScheduleIndexationOnStartup MainProcess:False IndexOnStartup:True
Mono: successfully reloaded assembly
[Package Manager] Failed to launch server process. Reason: Unity was launched with the -noUpm command-line argument
[Package Manager] Unable to send message (not connected to server process).
[Package Manager] Cannot connect to Unity Package Manager local server
- Finished resetting the current domain, in  0.939 seconds
Domain Reload Profiling: 2054ms
	BeginReloadAssembly (278ms)
		ExecutionOrderSort (0ms)
		DisableScriptedObjects (13ms)
		BackupInstance (0ms)
		ReleaseScriptingObjects (0ms)
		CreateAndSetChildDomain (74ms)
	RebuildCommonClasses (42ms)
	RebuildNativeTypeToScriptingClass (16ms)
	initialDomainReloadingComplete (39ms)
	LoadAllAssembliesAndSetupDomain (738ms)
		LoadAssemblies (537ms)
		RebuildTransferFunctionScriptingTraits (0ms)
		AnalyzeDomain (312ms)
			TypeCache.Refresh (11ms)
				TypeCache.ScanAssembly (0ms)
			BuildScriptInfoCaches (281ms)
			ResolveRequiredComponents (13ms)
	FinalizeReload (940ms)
		ReleaseScriptCaches (0ms)
		RebuildScriptCaches (0ms)
		SetupLoadedEditorAssemblies (730ms)
			LogAssemblyErrors (0ms)
			InitializePlatformSupportModulesInManaged (18ms)
			SetLoadedEditorAssemblies (4ms)
			BeforeProcessingInitializeOnLoad (236ms)
			ProcessInitializeOnLoadAttributes (361ms)
			ProcessInitializeOnLoadMethodAttributes (99ms)
			AfterProcessingInitializeOnLoad (12ms)
			EditorAssembliesLoaded (0ms)
		ExecutionOrderSort2 (0ms)
		AwakeInstancesAfterBackupRestoration (22ms)
WARNING: Shader Unsupported: 'Hidden/Simulation/URP/Synthetic' - All subshaders removed
WARNING: Shader Did you use #pragma only_renderers and omit this platform?
WARNING: Shader If subshaders removal was intentional, you may have forgotten turning Fallback off?
WARNING: Shader Unsupported: 'Hidden/Simulation/URP/Synthetic' - All subshaders removed
WARNING: Shader Did you use #pragma only_renderers and omit this platform?
WARNING: Shader If subshaders removal was intentional, you may have forgotten turning Fallback off?
WARNING: Shader Unsupported: 'Simulation/Standard Lit' - All subshaders removed
WARNING: Shader Did you use #pragma only_renderers and omit this platform?
WARNING: Shader If subshaders removal was intentional, you may have forgotten turning Fallback off?
WARNING: Shader Unsupported: 'Simulation/Standard Lit' - All subshaders removed
WARNING: Shader Did you use #pragma only_renderers and omit this platform?
WARNING: Shader If subshaders removal was intentional, you may have forgotten turning Fallback off?
WARNING: Shader Unsupported: 'Hidden/Simulation/Synthetic Lit' - All subshaders removed
WARNING: Shader Did you use #pragma only_renderers and omit this platform?
WARNING: Shader If subshaders removal was intentional, you may have forgotten turning Fallback off?
WARNING: Shader Unsupported: 'Hidden/Simulation/Synthetic Lit' - All subshaders removed
WARNING: Shader Did you use #pragma only_renderers and omit this platform?
WARNING: Shader If subshaders removal was intentional, you may have forgotten turning Fallback off?
WARNING: Shader Unsupported: 'Simulation/URP/Room X-Ray' - All subshaders removed
WARNING: Shader Did you use #pragma only_renderers and omit this platform?
WARNING: Shader If subshaders removal was intentional, you may have forgotten turning Fallback off?
WARNING: Shader Unsupported: 'Simulation/URP/Room X-Ray' - All subshaders removed
WARNING: Shader Did you use #pragma only_renderers and omit this platform?
WARNING: Shader If subshaders removal was intentional, you may have forgotten turning Fallback off?
WARNING: Shader Unsupported: 'Simulation/Room X-Ray' - All subshaders removed
WARNING: Shader Did you use #pragma only_renderers and omit this platform?
WARNING: Shader If subshaders removal was intentional, you may have forgotten turning Fallback off?
WARNING: Shader Unsupported: 'Simulation/Room X-Ray' - All subshaders removed
WARNING: Shader Did you use #pragma only_renderers and omit this platform?
WARNING: Shader If subshaders removal was intentional, you may have forgotten turning Fallback off?
WARNING: Shader Unsupported: 'Simulation/URP/Lit' - All subshaders removed
WARNING: Shader Did you use #pragma only_renderers and omit this platform?
WARNING: Shader If subshaders removal was intentional, you may have forgotten turning Fallback off?
WARNING: Shader Unsupported: 'Simulation/URP/Lit' - All subshaders removed
WARNING: Shader Did you use #pragma only_renderers and omit this platform?
WARNING: Shader If subshaders removal was intentional, you may have forgotten turning Fallback off?
Refreshing native plugins compatible for Editor in 3.14 ms, found 4 plugins.
Preloading 0 native plugins for Editor in 0.00 ms.
Unloading 24 Unused Serialized files (Serialized files now loaded: 0)
Unloading 7029 unused Assets / (7.3 MB). Loaded Objects now: 7892.
Memory consumption went from 164.5 MB to 157.2 MB.
Total: 21.442500 ms (FindLiveObjects: 1.001700 ms CreateObjectMapping: 1.888100 ms MarkObjects: 10.171300 ms  DeleteObjects: 8.379600 ms)

Prepare: number of updated asset objects reloaded= 0
========================================================================
Received Prepare
[Licensing::Client] Successfully resolved entitlement details
Begin MonoManager ReloadAssembly
[Licensing::Client] Successfully resolved entitlement details
- Loaded All Assemblies, in  1.146 seconds
Refreshing native plugins compatible for Editor in 2.96 ms, found 4 plugins.
Native extension for iOS target not found
Native extension for Android target not found
Native extension for WindowsStandalone target not found
Native extension for WebGL target not found
[Package Manager] Failed to launch server process. Reason: Unity was launched with the -noUpm command-line argument
[Package Manager] Unable to send message (not connected to server process).
[Package Manager] Cannot connect to Unity Package Manager local server
ScheduleIndexationOnStartup MainProcess:False IndexOnStartup:True
Mono: successfully reloaded assembly
[Package Manager] Failed to launch server process. Reason: Unity was launched with the -noUpm command-line argument
[Package Manager] Unable to send message (not connected to server process).
[Package Manager] Cannot connect to Unity Package Manager local server
- Finished resetting the current domain, in  0.995 seconds
Domain Reload Profiling: 2133ms
	BeginReloadAssembly (306ms)
		ExecutionOrderSort (0ms)
		DisableScriptedObjects (6ms)
		BackupInstance (0ms)
		ReleaseScriptingObjects (0ms)
		CreateAndSetChildDomain (88ms)
	RebuildCommonClasses (60ms)
	RebuildNativeTypeToScriptingClass (16ms)
	initialDomainReloadingComplete (45ms)
	LoadAllAssembliesAndSetupDomain (712ms)
		LoadAssemblies (540ms)
		RebuildTransferFunctionScriptingTraits (0ms)
		AnalyzeDomain (298ms)
			TypeCache.Refresh (13ms)
				TypeCache.ScanAssembly (1ms)
			BuildScriptInfoCaches (261ms)
			ResolveRequiredComponents (17ms)
	FinalizeReload (995ms)
		ReleaseScriptCaches (0ms)
		RebuildScriptCaches (0ms)
		SetupLoadedEditorAssemblies (729ms)
			LogAssemblyErrors (0ms)
			InitializePlatformSupportModulesInManaged (15ms)
			SetLoadedEditorAssemblies (4ms)
			BeforeProcessingInitializeOnLoad (211ms)
			ProcessInitializeOnLoadAttributes (392ms)
			ProcessInitializeOnLoadMethodAttributes (97ms)
			AfterProcessingInitializeOnLoad (9ms)
			EditorAssembliesLoaded (0ms)
		ExecutionOrderSort2 (0ms)
		AwakeInstancesAfterBackupRestoration (22ms)
WARNING: Shader Unsupported: 'Hidden/Simulation/URP/Synthetic' - All subshaders removed
WARNING: Shader Did you use #pragma only_renderers and omit this platform?
WARNING: Shader If subshaders removal was intentional, you may have forgotten turning Fallback off?
WARNING: Shader Unsupported: 'Hidden/Simulation/URP/Synthetic' - All subshaders removed
WARNING: Shader Did you use #pragma only_renderers and omit this platform?
WARNING: Shader If subshaders removal was intentional, you may have forgotten turning Fallback off?
WARNING: Shader Unsupported: 'Simulation/Standard Lit' - All subshaders removed
WARNING: Shader Did you use #pragma only_renderers and omit this platform?
WARNING: Shader If subshaders removal was intentional, you may have forgotten turning Fallback off?
WARNING: Shader Unsupported: 'Simulation/Standard Lit' - All subshaders removed
WARNING: Shader Did you use #pragma only_renderers and omit this platform?
WARNING: Shader If subshaders removal was intentional, you may have forgotten turning Fallback off?
WARNING: Shader Unsupported: 'Hidden/Simulation/Synthetic Lit' - All subshaders removed
WARNING: Shader Did you use #pragma only_renderers and omit this platform?
WARNING: Shader If subshaders removal was intentional, you may have forgotten turning Fallback off?
WARNING: Shader Unsupported: 'Hidden/Simulation/Synthetic Lit' - All subshaders removed
WARNING: Shader Did you use #pragma only_renderers and omit this platform?
WARNING: Shader If subshaders removal was intentional, you may have forgotten turning Fallback off?
WARNING: Shader Unsupported: 'Simulation/URP/Room X-Ray' - All subshaders removed
WARNING: Shader Did you use #pragma only_renderers and omit this platform?
WARNING: Shader If subshaders removal was intentional, you may have forgotten turning Fallback off?
WARNING: Shader Unsupported: 'Simulation/URP/Room X-Ray' - All subshaders removed
WARNING: Shader Did you use #pragma only_renderers and omit this platform?
WARNING: Shader If subshaders removal was intentional, you may have forgotten turning Fallback off?
WARNING: Shader Unsupported: 'Simulation/Room X-Ray' - All subshaders removed
WARNING: Shader Did you use #pragma only_renderers and omit this platform?
WARNING: Shader If subshaders removal was intentional, you may have forgotten turning Fallback off?
WARNING: Shader Unsupported: 'Simulation/Room X-Ray' - All subshaders removed
WARNING: Shader Did you use #pragma only_renderers and omit this platform?
WARNING: Shader If subshaders removal was intentional, you may have forgotten turning Fallback off?
WARNING: Shader Unsupported: 'Simulation/URP/Lit' - All subshaders removed
WARNING: Shader Did you use #pragma only_renderers and omit this platform?
WARNING: Shader If subshaders removal was intentional, you may have forgotten turning Fallback off?
WARNING: Shader Unsupported: 'Simulation/URP/Lit' - All subshaders removed
WARNING: Shader Did you use #pragma only_renderers and omit this platform?
WARNING: Shader If subshaders removal was intentional, you may have forgotten turning Fallback off?
Refreshing native plugins compatible for Editor in 3.02 ms, found 4 plugins.
Preloading 0 native plugins for Editor in 0.00 ms.
Unloading 24 Unused Serialized files (Serialized files now loaded: 0)
Unloading 7029 unused Assets / (7.6 MB). Loaded Objects now: 7895.
Memory consumption went from 164.5 MB to 157.0 MB.
Total: 18.191000 ms (FindLiveObjects: 1.019300 ms CreateObjectMapping: 1.416700 ms MarkObjects: 9.270600 ms  DeleteObjects: 6.483000 ms)

Prepare: number of updated asset objects reloaded= 0
========================================================================
Received Prepare
Begin MonoManager ReloadAssembly
- Loaded All Assemblies, in  1.103 seconds
Refreshing native plugins compatible for Editor in 3.16 ms, found 4 plugins.
Native extension for iOS target not found
Native extension for Android target not found
Native extension for WindowsStandalone target not found
Native extension for WebGL target not found
[Package Manager] Failed to launch server process. Reason: Unity was launched with the -noUpm command-line argument
[Package Manager] Unable to send message (not connected to server process).
[Package Manager] Cannot connect to Unity Package Manager local server
ScheduleIndexationOnStartup MainProcess:False IndexOnStartup:True
Mono: successfully reloaded assembly
[Package Manager] Failed to launch server process. Reason: Unity was launched with the -noUpm command-line argument
[Package Manager] Unable to send message (not connected to server process).
[Package Manager] Cannot connect to Unity Package Manager local server
- Finished resetting the current domain, in  0.971 seconds
Domain Reload Profiling: 2068ms
	BeginReloadAssembly (272ms)
		ExecutionOrderSort (0ms)
		DisableScriptedObjects (6ms)
		BackupInstance (0ms)
		ReleaseScriptingObjects (0ms)
		CreateAndSetChildDomain (81ms)
	RebuildCommonClasses (46ms)
	RebuildNativeTypeToScriptingClass (16ms)
	initialDomainReloadingComplete (34ms)
	LoadAllAssembliesAndSetupDomain (728ms)
		LoadAssemblies (545ms)
		RebuildTransferFunctionScriptingTraits (0ms)
		AnalyzeDomain (298ms)
			TypeCache.Refresh (9ms)
				TypeCache.ScanAssembly (0ms)
			BuildScriptInfoCaches (257ms)
			ResolveRequiredComponents (25ms)
	FinalizeReload (972ms)
		ReleaseScriptCaches (0ms)
		RebuildScriptCaches (0ms)
		SetupLoadedEditorAssemblies (715ms)
			LogAssemblyErrors (0ms)
			InitializePlatformSupportModulesInManaged (18ms)
			SetLoadedEditorAssemblies (4ms)
			BeforeProcessingInitializeOnLoad (201ms)
			ProcessInitializeOnLoadAttributes (381ms)
			ProcessInitializeOnLoadMethodAttributes (102ms)
			AfterProcessingInitializeOnLoad (9ms)
			EditorAssembliesLoaded (0ms)
		ExecutionOrderSort2 (0ms)
		AwakeInstancesAfterBackupRestoration (20ms)
WARNING: Shader Unsupported: 'Hidden/Simulation/URP/Synthetic' - All subshaders removed
WARNING: Shader Did you use #pragma only_renderers and omit this platform?
WARNING: Shader If subshaders removal was intentional, you may have forgotten turning Fallback off?
WARNING: Shader Unsupported: 'Hidden/Simulation/URP/Synthetic' - All subshaders removed
WARNING: Shader Did you use #pragma only_renderers and omit this platform?
WARNING: Shader If subshaders removal was intentional, you may have forgotten turning Fallback off?
WARNING: Shader Unsupported: 'Simulation/Standard Lit' - All subshaders removed
WARNING: Shader Did you use #pragma only_renderers and omit this platform?
WARNING: Shader If subshaders removal was intentional, you may have forgotten turning Fallback off?
WARNING: Shader Unsupported: 'Simulation/Standard Lit' - All subshaders removed
WARNING: Shader Did you use #pragma only_renderers and omit this platform?
WARNING: Shader If subshaders removal was intentional, you may have forgotten turning Fallback off?
WARNING: Shader Unsupported: 'Hidden/Simulation/Synthetic Lit' - All subshaders removed
WARNING: Shader Did you use #pragma only_renderers and omit this platform?
WARNING: Shader If subshaders removal was intentional, you may have forgotten turning Fallback off?
WARNING: Shader Unsupported: 'Hidden/Simulation/Synthetic Lit' - All subshaders removed
WARNING: Shader Did you use #pragma only_renderers and omit this platform?
WARNING: Shader If subshaders removal was intentional, you may have forgotten turning Fallback off?
WARNING: Shader Unsupported: 'Simulation/URP/Room X-Ray' - All subshaders removed
WARNING: Shader Did you use #pragma only_renderers and omit this platform?
WARNING: Shader If subshaders removal was intentional, you may have forgotten turning Fallback off?
WARNING: Shader Unsupported: 'Simulation/URP/Room X-Ray' - All subshaders removed
WARNING: Shader Did you use #pragma only_renderers and omit this platform?
WARNING: Shader If subshaders removal was intentional, you may have forgotten turning Fallback off?
WARNING: Shader Unsupported: 'Simulation/Room X-Ray' - All subshaders removed
WARNING: Shader Did you use #pragma only_renderers and omit this platform?
WARNING: Shader If subshaders removal was intentional, you may have forgotten turning Fallback off?
WARNING: Shader Unsupported: 'Simulation/Room X-Ray' - All subshaders removed
WARNING: Shader Did you use #pragma only_renderers and omit this platform?
WARNING: Shader If subshaders removal was intentional, you may have forgotten turning Fallback off?
WARNING: Shader Unsupported: 'Simulation/URP/Lit' - All subshaders removed
WARNING: Shader Did you use #pragma only_renderers and omit this platform?
WARNING: Shader If subshaders removal was intentional, you may have forgotten turning Fallback off?
WARNING: Shader Unsupported: 'Simulation/URP/Lit' - All subshaders removed
WARNING: Shader Did you use #pragma only_renderers and omit this platform?
WARNING: Shader If subshaders removal was intentional, you may have forgotten turning Fallback off?
Refreshing native plugins compatible for Editor in 3.27 ms, found 4 plugins.
Preloading 0 native plugins for Editor in 0.00 ms.
Unloading 24 Unused Serialized files (Serialized files now loaded: 0)
Unloading 7029 unused Assets / (9.8 MB). Loaded Objects now: 7898.
Memory consumption went from 164.6 MB to 154.8 MB.
Total: 20.661300 ms (FindLiveObjects: 1.296700 ms CreateObjectMapping: 1.590500 ms MarkObjects: 7.074100 ms  DeleteObjects: 10.698600 ms)

Prepare: number of updated asset objects reloaded= 0
========================================================================
Received Prepare
Begin MonoManager ReloadAssembly
- Loaded All Assemblies, in  1.113 seconds
Refreshing native plugins compatible for Editor in 3.21 ms, found 4 plugins.
Native extension for iOS target not found
Native extension for Android target not found
Native extension for WindowsStandalone target not found
Native extension for WebGL target not found
[Package Manager] Failed to launch server process. Reason: Unity was launched with the -noUpm command-line argument
[Package Manager] Unable to send message (not connected to server process).
[Package Manager] Cannot connect to Unity Package Manager local server
ScheduleIndexationOnStartup MainProcess:False IndexOnStartup:True
Mono: successfully reloaded assembly
[Package Manager] Failed to launch server process. Reason: Unity was launched with the -noUpm command-line argument
[Package Manager] Unable to send message (not connected to server process).
[Package Manager] Cannot connect to Unity Package Manager local server
- Finished resetting the current domain, in  0.992 seconds
Domain Reload Profiling: 2099ms
	BeginReloadAssembly (302ms)
		ExecutionOrderSort (0ms)
		DisableScriptedObjects (6ms)
		BackupInstance (0ms)
		ReleaseScriptingObjects (0ms)
		CreateAndSetChildDomain (84ms)
	RebuildCommonClasses (42ms)
	RebuildNativeTypeToScriptingClass (16ms)
	initialDomainReloadingComplete (47ms)
	LoadAllAssembliesAndSetupDomain (699ms)
		LoadAssemblies (545ms)
		RebuildTransferFunctionScriptingTraits (0ms)
		AnalyzeDomain (280ms)
			TypeCache.Refresh (15ms)
				TypeCache.ScanAssembly (1ms)
			BuildScriptInfoCaches (244ms)
			ResolveRequiredComponents (13ms)
	FinalizeReload (992ms)
		ReleaseScriptCaches (0ms)
		RebuildScriptCaches (0ms)
		SetupLoadedEditorAssemblies (722ms)
			LogAssemblyErrors (0ms)
			InitializePlatformSupportModulesInManaged (17ms)
			SetLoadedEditorAssemblies (4ms)
			BeforeProcessingInitializeOnLoad (219ms)
			ProcessInitializeOnLoadAttributes (378ms)
			ProcessInitializeOnLoadMethodAttributes (93ms)
			AfterProcessingInitializeOnLoad (11ms)
			EditorAssembliesLoaded (1ms)
		ExecutionOrderSort2 (0ms)
		AwakeInstancesAfterBackupRestoration (22ms)
WARNING: Shader Unsupported: 'Hidden/Simulation/URP/Synthetic' - All subshaders removed
WARNING: Shader Did you use #pragma only_renderers and omit this platform?
WARNING: Shader If subshaders removal was intentional, you may have forgotten turning Fallback off?
WARNING: Shader Unsupported: 'Hidden/Simulation/URP/Synthetic' - All subshaders removed
WARNING: Shader Did you use #pragma only_renderers and omit this platform?
WARNING: Shader If subshaders removal was intentional, you may have forgotten turning Fallback off?
WARNING: Shader Unsupported: 'Simulation/Standard Lit' - All subshaders removed
WARNING: Shader Did you use #pragma only_renderers and omit this platform?
WARNING: Shader If subshaders removal was intentional, you may have forgotten turning Fallback off?
WARNING: Shader Unsupported: 'Simulation/Standard Lit' - All subshaders removed
WARNING: Shader Did you use #pragma only_renderers and omit this platform?
WARNING: Shader If subshaders removal was intentional, you may have forgotten turning Fallback off?
WARNING: Shader Unsupported: 'Hidden/Simulation/Synthetic Lit' - All subshaders removed
WARNING: Shader Did you use #pragma only_renderers and omit this platform?
WARNING: Shader If subshaders removal was intentional, you may have forgotten turning Fallback off?
WARNING: Shader Unsupported: 'Hidden/Simulation/Synthetic Lit' - All subshaders removed
WARNING: Shader Did you use #pragma only_renderers and omit this platform?
WARNING: Shader If subshaders removal was intentional, you may have forgotten turning Fallback off?
WARNING: Shader Unsupported: 'Simulation/URP/Room X-Ray' - All subshaders removed
WARNING: Shader Did you use #pragma only_renderers and omit this platform?
WARNING: Shader If subshaders removal was intentional, you may have forgotten turning Fallback off?
WARNING: Shader Unsupported: 'Simulation/URP/Room X-Ray' - All subshaders removed
WARNING: Shader Did you use #pragma only_renderers and omit this platform?
WARNING: Shader If subshaders removal was intentional, you may have forgotten turning Fallback off?
WARNING: Shader Unsupported: 'Simulation/Room X-Ray' - All subshaders removed
WARNING: Shader Did you use #pragma only_renderers and omit this platform?
WARNING: Shader If subshaders removal was intentional, you may have forgotten turning Fallback off?
WARNING: Shader Unsupported: 'Simulation/Room X-Ray' - All subshaders removed
WARNING: Shader Did you use #pragma only_renderers and omit this platform?
WARNING: Shader If subshaders removal was intentional, you may have forgotten turning Fallback off?
WARNING: Shader Unsupported: 'Simulation/URP/Lit' - All subshaders removed
WARNING: Shader Did you use #pragma only_renderers and omit this platform?
WARNING: Shader If subshaders removal was intentional, you may have forgotten turning Fallback off?
WARNING: Shader Unsupported: 'Simulation/URP/Lit' - All subshaders removed
WARNING: Shader Did you use #pragma only_renderers and omit this platform?
WARNING: Shader If subshaders removal was intentional, you may have forgotten turning Fallback off?
Refreshing native plugins compatible for Editor in 3.04 ms, found 4 plugins.
Preloading 0 native plugins for Editor in 0.00 ms.
Unloading 24 Unused Serialized files (Serialized files now loaded: 0)
Unloading 7029 unused Assets / (7.8 MB). Loaded Objects now: 7901.
Memory consumption went from 164.6 MB to 156.8 MB.
Total: 20.782200 ms (FindLiveObjects: 1.054600 ms CreateObjectMapping: 1.968500 ms MarkObjects: 11.279700 ms  DeleteObjects: 6.478500 ms)

Prepare: number of updated asset objects reloaded= 0
========================================================================
Received Prepare
Begin MonoManager ReloadAssembly
- Loaded All Assemblies, in  1.105 seconds
Refreshing native plugins compatible for Editor in 3.00 ms, found 4 plugins.
Native extension for iOS target not found
Native extension for Android target not found
Native extension for WindowsStandalone target not found
Native extension for WebGL target not found
[Package Manager] Failed to launch server process. Reason: Unity was launched with the -noUpm command-line argument
[Package Manager] Unable to send message (not connected to server process).
[Package Manager] Cannot connect to Unity Package Manager local server
ScheduleIndexationOnStartup MainProcess:False IndexOnStartup:True
Mono: successfully reloaded assembly
[Package Manager] Failed to launch server process. Reason: Unity was launched with the -noUpm command-line argument
[Package Manager] Unable to send message (not connected to server process).
[Package Manager] Cannot connect to Unity Package Manager local server
- Finished resetting the current domain, in  0.938 seconds
Domain Reload Profiling: 2040ms
	BeginReloadAssembly (277ms)
		ExecutionOrderSort (0ms)
		DisableScriptedObjects (6ms)
		BackupInstance (0ms)
		ReleaseScriptingObjects (0ms)
		CreateAndSetChildDomain (84ms)
	RebuildCommonClasses (44ms)
	RebuildNativeTypeToScriptingClass (17ms)
	initialDomainReloadingComplete (38ms)
	LoadAllAssembliesAndSetupDomain (726ms)
		LoadAssemblies (556ms)
		RebuildTransferFunctionScriptingTraits (0ms)
		AnalyzeDomain (285ms)
			TypeCache.Refresh (9ms)
				TypeCache.ScanAssembly (0ms)
			BuildScriptInfoCaches (253ms)
			ResolveRequiredComponents (15ms)
	FinalizeReload (939ms)
		ReleaseScriptCaches (0ms)
		RebuildScriptCaches (0ms)
		SetupLoadedEditorAssemblies (728ms)
			LogAssemblyErrors (0ms)
			InitializePlatformSupportModulesInManaged (14ms)
			SetLoadedEditorAssemblies (4ms)
			BeforeProcessingInitializeOnLoad (228ms)
			ProcessInitializeOnLoadAttributes (385ms)
			ProcessInitializeOnLoadMethodAttributes (88ms)
			AfterProcessingInitializeOnLoad (9ms)
			EditorAssembliesLoaded (0ms)
		ExecutionOrderSort2 (0ms)
		AwakeInstancesAfterBackupRestoration (20ms)
WARNING: Shader Unsupported: 'Hidden/Simulation/URP/Synthetic' - All subshaders removed
WARNING: Shader Did you use #pragma only_renderers and omit this platform?
WARNING: Shader If subshaders removal was intentional, you may have forgotten turning Fallback off?
WARNING: Shader Unsupported: 'Hidden/Simulation/URP/Synthetic' - All subshaders removed
WARNING: Shader Did you use #pragma only_renderers and omit this platform?
WARNING: Shader If subshaders removal was intentional, you may have forgotten turning Fallback off?
WARNING: Shader Unsupported: 'Simulation/Standard Lit' - All subshaders removed
WARNING: Shader Did you use #pragma only_renderers and omit this platform?
WARNING: Shader If subshaders removal was intentional, you may have forgotten turning Fallback off?
WARNING: Shader Unsupported: 'Simulation/Standard Lit' - All subshaders removed
WARNING: Shader Did you use #pragma only_renderers and omit this platform?
WARNING: Shader If subshaders removal was intentional, you may have forgotten turning Fallback off?
WARNING: Shader Unsupported: 'Hidden/Simulation/Synthetic Lit' - All subshaders removed
WARNING: Shader Did you use #pragma only_renderers and omit this platform?
WARNING: Shader If subshaders removal was intentional, you may have forgotten turning Fallback off?
WARNING: Shader Unsupported: 'Hidden/Simulation/Synthetic Lit' - All subshaders removed
WARNING: Shader Did you use #pragma only_renderers and omit this platform?
WARNING: Shader If subshaders removal was intentional, you may have forgotten turning Fallback off?
WARNING: Shader Unsupported: 'Simulation/URP/Room X-Ray' - All subshaders removed
WARNING: Shader Did you use #pragma only_renderers and omit this platform?
WARNING: Shader If subshaders removal was intentional, you may have forgotten turning Fallback off?
WARNING: Shader Unsupported: 'Simulation/URP/Room X-Ray' - All subshaders removed
WARNING: Shader Did you use #pragma only_renderers and omit this platform?
WARNING: Shader If subshaders removal was intentional, you may have forgotten turning Fallback off?
WARNING: Shader Unsupported: 'Simulation/Room X-Ray' - All subshaders removed
WARNING: Shader Did you use #pragma only_renderers and omit this platform?
WARNING: Shader If subshaders removal was intentional, you may have forgotten turning Fallback off?
WARNING: Shader Unsupported: 'Simulation/Room X-Ray' - All subshaders removed
WARNING: Shader Did you use #pragma only_renderers and omit this platform?
WARNING: Shader If subshaders removal was intentional, you may have forgotten turning Fallback off?
WARNING: Shader Unsupported: 'Simulation/URP/Lit' - All subshaders removed
WARNING: Shader Did you use #pragma only_renderers and omit this platform?
WARNING: Shader If subshaders removal was intentional, you may have forgotten turning Fallback off?
WARNING: Shader Unsupported: 'Simulation/URP/Lit' - All subshaders removed
WARNING: Shader Did you use #pragma only_renderers and omit this platform?
WARNING: Shader If subshaders removal was intentional, you may have forgotten turning Fallback off?
Refreshing native plugins compatible for Editor in 3.25 ms, found 4 plugins.
Preloading 0 native plugins for Editor in 0.00 ms.
Unloading 24 Unused Serialized files (Serialized files now loaded: 0)
Unloading 7029 unused Assets / (10.3 MB). Loaded Objects now: 7904.
Memory consumption went from 164.6 MB to 154.4 MB.
Total: 18.144000 ms (FindLiveObjects: 0.992700 ms CreateObjectMapping: 1.634000 ms MarkObjects: 6.758900 ms  DeleteObjects: 8.757500 ms)

Prepare: number of updated asset objects reloaded= 0
========================================================================
Received Prepare
WARNING: Shader Unsupported: 'Hidden/Simulation/URP/Synthetic' - All subshaders removed
WARNING: Shader Did you use #pragma only_renderers and omit this platform?
WARNING: Shader If subshaders removal was intentional, you may have forgotten turning Fallback off?
WARNING: Shader Unsupported: 'Hidden/Simulation/URP/Synthetic' - All subshaders removed
WARNING: Shader Did you use #pragma only_renderers and omit this platform?
WARNING: Shader If subshaders removal was intentional, you may have forgotten turning Fallback off?
WARNING: Shader Unsupported: 'Simulation/Standard Lit' - All subshaders removed
WARNING: Shader Did you use #pragma only_renderers and omit this platform?
WARNING: Shader If subshaders removal was intentional, you may have forgotten turning Fallback off?
WARNING: Shader Unsupported: 'Simulation/Standard Lit' - All subshaders removed
WARNING: Shader Did you use #pragma only_renderers and omit this platform?
WARNING: Shader If subshaders removal was intentional, you may have forgotten turning Fallback off?
WARNING: Shader Unsupported: 'Hidden/Simulation/Synthetic Lit' - All subshaders removed
WARNING: Shader Did you use #pragma only_renderers and omit this platform?
WARNING: Shader If subshaders removal was intentional, you may have forgotten turning Fallback off?
WARNING: Shader Unsupported: 'Hidden/Simulation/Synthetic Lit' - All subshaders removed
WARNING: Shader Did you use #pragma only_renderers and omit this platform?
WARNING: Shader If subshaders removal was intentional, you may have forgotten turning Fallback off?
WARNING: Shader Unsupported: 'Simulation/URP/Room X-Ray' - All subshaders removed
WARNING: Shader Did you use #pragma only_renderers and omit this platform?
WARNING: Shader If subshaders removal was intentional, you may have forgotten turning Fallback off?
WARNING: Shader Unsupported: 'Simulation/URP/Room X-Ray' - All subshaders removed
WARNING: Shader Did you use #pragma only_renderers and omit this platform?
WARNING: Shader If subshaders removal was intentional, you may have forgotten turning Fallback off?
WARNING: Shader Unsupported: 'Simulation/Room X-Ray' - All subshaders removed
WARNING: Shader Did you use #pragma only_renderers and omit this platform?
WARNING: Shader If subshaders removal was intentional, you may have forgotten turning Fallback off?
WARNING: Shader Unsupported: 'Simulation/Room X-Ray' - All subshaders removed
WARNING: Shader Did you use #pragma only_renderers and omit this platform?
WARNING: Shader If subshaders removal was intentional, you may have forgotten turning Fallback off?
WARNING: Shader Unsupported: 'Simulation/URP/Lit' - All subshaders removed
WARNING: Shader Did you use #pragma only_renderers and omit this platform?
WARNING: Shader If subshaders removal was intentional, you may have forgotten turning Fallback off?
WARNING: Shader Unsupported: 'Simulation/URP/Lit' - All subshaders removed
WARNING: Shader Did you use #pragma only_renderers and omit this platform?
WARNING: Shader If subshaders removal was intentional, you may have forgotten turning Fallback off?
Refreshing native plugins compatible for Editor in 3.16 ms, found 4 plugins.
Preloading 0 native plugins for Editor in 0.00 ms.
Unloading 24 Unused Serialized files (Serialized files now loaded: 0)
Unloading 24 unused Assets / (3.8 MB). Loaded Objects now: 7904.
Memory consumption went from 159.6 MB to 155.9 MB.
Total: 12.193800 ms (FindLiveObjects: 0.574400 ms CreateObjectMapping: 0.426500 ms MarkObjects: 8.123200 ms  DeleteObjects: 3.068200 ms)

Prepare: number of updated asset objects reloaded= 0
========================================================================
Received Prepare
[Licensing::Client] Successfully resolved entitlement details
Begin MonoManager ReloadAssembly
[Licensing::Client] Successfully resolved entitlement details
- Loaded All Assemblies, in  1.062 seconds
Refreshing native plugins compatible for Editor in 7.82 ms, found 4 plugins.
Native extension for iOS target not found
Native extension for Android target not found
Native extension for WindowsStandalone target not found
Native extension for WebGL target not found
[Package Manager] Failed to launch server process. Reason: Unity was launched with the -noUpm command-line argument
[Package Manager] Unable to send message (not connected to server process).
[Package Manager] Cannot connect to Unity Package Manager local server
ScheduleIndexationOnStartup MainProcess:False IndexOnStartup:True
Mono: successfully reloaded assembly
[Package Manager] Failed to launch server process. Reason: Unity was launched with the -noUpm command-line argument
[Package Manager] Unable to send message (not connected to server process).
[Package Manager] Cannot connect to Unity Package Manager local server
- Finished resetting the current domain, in  0.952 seconds
Domain Reload Profiling: 2008ms
	BeginReloadAssembly (271ms)
		ExecutionOrderSort (0ms)
		DisableScriptedObjects (6ms)
		BackupInstance (0ms)
		ReleaseScriptingObjects (0ms)
		CreateAndSetChildDomain (77ms)
	RebuildCommonClasses (42ms)
	RebuildNativeTypeToScriptingClass (16ms)
	initialDomainReloadingComplete (39ms)
	LoadAllAssembliesAndSetupDomain (687ms)
		LoadAssemblies (507ms)
		RebuildTransferFunctionScriptingTraits (0ms)
		AnalyzeDomain (291ms)
			TypeCache.Refresh (9ms)
				TypeCache.ScanAssembly (0ms)
			BuildScriptInfoCaches (259ms)
			ResolveRequiredComponents (16ms)
	FinalizeReload (952ms)
		ReleaseScriptCaches (0ms)
		RebuildScriptCaches (0ms)
		SetupLoadedEditorAssemblies (728ms)
			LogAssemblyErrors (0ms)
			InitializePlatformSupportModulesInManaged (14ms)
			SetLoadedEditorAssemblies (4ms)
			BeforeProcessingInitializeOnLoad (233ms)
			ProcessInitializeOnLoadAttributes (373ms)
			ProcessInitializeOnLoadMethodAttributes (93ms)
			AfterProcessingInitializeOnLoad (10ms)
			EditorAssembliesLoaded (0ms)
		ExecutionOrderSort2 (0ms)
		AwakeInstancesAfterBackupRestoration (24ms)
WARNING: Shader Unsupported: 'Hidden/Simulation/URP/Synthetic' - All subshaders removed
WARNING: Shader Did you use #pragma only_renderers and omit this platform?
WARNING: Shader If subshaders removal was intentional, you may have forgotten turning Fallback off?
WARNING: Shader Unsupported: 'Hidden/Simulation/URP/Synthetic' - All subshaders removed
WARNING: Shader Did you use #pragma only_renderers and omit this platform?
WARNING: Shader If subshaders removal was intentional, you may have forgotten turning Fallback off?
WARNING: Shader Unsupported: 'Simulation/Standard Lit' - All subshaders removed
WARNING: Shader Did you use #pragma only_renderers and omit this platform?
WARNING: Shader If subshaders removal was intentional, you may have forgotten turning Fallback off?
WARNING: Shader Unsupported: 'Simulation/Standard Lit' - All subshaders removed
WARNING: Shader Did you use #pragma only_renderers and omit this platform?
WARNING: Shader If subshaders removal was intentional, you may have forgotten turning Fallback off?
WARNING: Shader Unsupported: 'Hidden/Simulation/Synthetic Lit' - All subshaders removed
WARNING: Shader Did you use #pragma only_renderers and omit this platform?
WARNING: Shader If subshaders removal was intentional, you may have forgotten turning Fallback off?
WARNING: Shader Unsupported: 'Hidden/Simulation/Synthetic Lit' - All subshaders removed
WARNING: Shader Did you use #pragma only_renderers and omit this platform?
WARNING: Shader If subshaders removal was intentional, you may have forgotten turning Fallback off?
WARNING: Shader Unsupported: 'Simulation/URP/Room X-Ray' - All subshaders removed
WARNING: Shader Did you use #pragma only_renderers and omit this platform?
WARNING: Shader If subshaders removal was intentional, you may have forgotten turning Fallback off?
WARNING: Shader Unsupported: 'Simulation/URP/Room X-Ray' - All subshaders removed
WARNING: Shader Did you use #pragma only_renderers and omit this platform?
WARNING: Shader If subshaders removal was intentional, you may have forgotten turning Fallback off?
WARNING: Shader Unsupported: 'Simulation/Room X-Ray' - All subshaders removed
WARNING: Shader Did you use #pragma only_renderers and omit this platform?
WARNING: Shader If subshaders removal was intentional, you may have forgotten turning Fallback off?
WARNING: Shader Unsupported: 'Simulation/Room X-Ray' - All subshaders removed
WARNING: Shader Did you use #pragma only_renderers and omit this platform?
WARNING: Shader If subshaders removal was intentional, you may have forgotten turning Fallback off?
WARNING: Shader Unsupported: 'Simulation/URP/Lit' - All subshaders removed
WARNING: Shader Did you use #pragma only_renderers and omit this platform?
WARNING: Shader If subshaders removal was intentional, you may have forgotten turning Fallback off?
WARNING: Shader Unsupported: 'Simulation/URP/Lit' - All subshaders removed
WARNING: Shader Did you use #pragma only_renderers and omit this platform?
WARNING: Shader If subshaders removal was intentional, you may have forgotten turning Fallback off?
Refreshing native plugins compatible for Editor in 3.24 ms, found 4 plugins.
Preloading 0 native plugins for Editor in 0.00 ms.
Unloading 24 Unused Serialized files (Serialized files now loaded: 0)
Unloading 7029 unused Assets / (6.3 MB). Loaded Objects now: 7907.
Memory consumption went from 164.6 MB to 158.3 MB.
Total: 21.603200 ms (FindLiveObjects: 1.019100 ms CreateObjectMapping: 1.438100 ms MarkObjects: 13.086700 ms  DeleteObjects: 6.058100 ms)

Prepare: number of updated asset objects reloaded= 0
========================================================================
Received Prepare
WARNING: Shader Unsupported: 'Hidden/Simulation/URP/Synthetic' - All subshaders removed
WARNING: Shader Did you use #pragma only_renderers and omit this platform?
WARNING: Shader If subshaders removal was intentional, you may have forgotten turning Fallback off?
WARNING: Shader Unsupported: 'Hidden/Simulation/URP/Synthetic' - All subshaders removed
WARNING: Shader Did you use #pragma only_renderers and omit this platform?
WARNING: Shader If subshaders removal was intentional, you may have forgotten turning Fallback off?
WARNING: Shader Unsupported: 'Simulation/Standard Lit' - All subshaders removed
WARNING: Shader Did you use #pragma only_renderers and omit this platform?
WARNING: Shader If subshaders removal was intentional, you may have forgotten turning Fallback off?
WARNING: Shader Unsupported: 'Simulation/Standard Lit' - All subshaders removed
WARNING: Shader Did you use #pragma only_renderers and omit this platform?
WARNING: Shader If subshaders removal was intentional, you may have forgotten turning Fallback off?
WARNING: Shader Unsupported: 'Hidden/Simulation/Synthetic Lit' - All subshaders removed
WARNING: Shader Did you use #pragma only_renderers and omit this platform?
WARNING: Shader If subshaders removal was intentional, you may have forgotten turning Fallback off?
WARNING: Shader Unsupported: 'Hidden/Simulation/Synthetic Lit' - All subshaders removed
WARNING: Shader Did you use #pragma only_renderers and omit this platform?
WARNING: Shader If subshaders removal was intentional, you may have forgotten turning Fallback off?
WARNING: Shader Unsupported: 'Simulation/URP/Room X-Ray' - All subshaders removed
WARNING: Shader Did you use #pragma only_renderers and omit this platform?
WARNING: Shader If subshaders removal was intentional, you may have forgotten turning Fallback off?
WARNING: Shader Unsupported: 'Simulation/URP/Room X-Ray' - All subshaders removed
WARNING: Shader Did you use #pragma only_renderers and omit this platform?
WARNING: Shader If subshaders removal was intentional, you may have forgotten turning Fallback off?
WARNING: Shader Unsupported: 'Simulation/Room X-Ray' - All subshaders removed
WARNING: Shader Did you use #pragma only_renderers and omit this platform?
WARNING: Shader If subshaders removal was intentional, you may have forgotten turning Fallback off?
WARNING: Shader Unsupported: 'Simulation/Room X-Ray' - All subshaders removed
WARNING: Shader Did you use #pragma only_renderers and omit this platform?
WARNING: Shader If subshaders removal was intentional, you may have forgotten turning Fallback off?
WARNING: Shader Unsupported: 'Simulation/URP/Lit' - All subshaders removed
WARNING: Shader Did you use #pragma only_renderers and omit this platform?
WARNING: Shader If subshaders removal was intentional, you may have forgotten turning Fallback off?
WARNING: Shader Unsupported: 'Simulation/URP/Lit' - All subshaders removed
WARNING: Shader Did you use #pragma only_renderers and omit this platform?
WARNING: Shader If subshaders removal was intentional, you may have forgotten turning Fallback off?
Refreshing native plugins compatible for Editor in 3.23 ms, found 4 plugins.
Preloading 0 native plugins for Editor in 0.00 ms.
Unloading 26 Unused Serialized files (Serialized files now loaded: 0)
Unloading 7018 unused Assets / (8.5 MB). Loaded Objects now: 7906.
Memory consumption went from 164.8 MB to 156.3 MB.
Total: 17.233800 ms (FindLiveObjects: 1.084700 ms CreateObjectMapping: 1.410900 ms MarkObjects: 7.833300 ms  DeleteObjects: 6.903000 ms)

Prepare: number of updated asset objects reloaded= 0
========================================================================
Received Prepare
[Licensing::Client] Successfully resolved entitlement details
Begin MonoManager ReloadAssembly
[Licensing::Client] Successfully resolved entitlement details
- Loaded All Assemblies, in  1.135 seconds
Refreshing native plugins compatible for Editor in 4.54 ms, found 4 plugins.
Native extension for iOS target not found
Native extension for Android target not found
Native extension for WindowsStandalone target not found
Native extension for WebGL target not found
[Package Manager] Failed to launch server process. Reason: Unity was launched with the -noUpm command-line argument
[Package Manager] Unable to send message (not connected to server process).
[Package Manager] Cannot connect to Unity Package Manager local server
ScheduleIndexationOnStartup MainProcess:False IndexOnStartup:True
Mono: successfully reloaded assembly
[Package Manager] Failed to launch server process. Reason: Unity was launched with the -noUpm command-line argument
[Package Manager] Unable to send message (not connected to server process).
[Package Manager] Cannot connect to Unity Package Manager local server
- Finished resetting the current domain, in  0.949 seconds
Domain Reload Profiling: 2078ms
	BeginReloadAssembly (309ms)
		ExecutionOrderSort (0ms)
		DisableScriptedObjects (14ms)
		BackupInstance (0ms)
		ReleaseScriptingObjects (0ms)
		CreateAndSetChildDomain (94ms)
	RebuildCommonClasses (43ms)
	RebuildNativeTypeToScriptingClass (16ms)
	initialDomainReloadingComplete (35ms)
	LoadAllAssembliesAndSetupDomain (726ms)
		LoadAssemblies (523ms)
		RebuildTransferFunctionScriptingTraits (0ms)
		AnalyzeDomain (321ms)
			TypeCache.Refresh (17ms)
				TypeCache.ScanAssembly (1ms)
			BuildScriptInfoCaches (282ms)
			ResolveRequiredComponents (14ms)
	FinalizeReload (950ms)
		ReleaseScriptCaches (0ms)
		RebuildScriptCaches (0ms)
		SetupLoadedEditorAssemblies (710ms)
			LogAssemblyErrors (0ms)
			InitializePlatformSupportModulesInManaged (14ms)
			SetLoadedEditorAssemblies (14ms)
			BeforeProcessingInitializeOnLoad (219ms)
			ProcessInitializeOnLoadAttributes (368ms)
			ProcessInitializeOnLoadMethodAttributes (86ms)
			AfterProcessingInitializeOnLoad (9ms)
			EditorAssembliesLoaded (0ms)
		ExecutionOrderSort2 (0ms)
		AwakeInstancesAfterBackupRestoration (20ms)
WARNING: Shader Unsupported: 'Hidden/Simulation/URP/Synthetic' - All subshaders removed
WARNING: Shader Did you use #pragma only_renderers and omit this platform?
WARNING: Shader If subshaders removal was intentional, you may have forgotten turning Fallback off?
WARNING: Shader Unsupported: 'Hidden/Simulation/URP/Synthetic' - All subshaders removed
WARNING: Shader Did you use #pragma only_renderers and omit this platform?
WARNING: Shader If subshaders removal was intentional, you may have forgotten turning Fallback off?
WARNING: Shader Unsupported: 'Simulation/Standard Lit' - All subshaders removed
WARNING: Shader Did you use #pragma only_renderers and omit this platform?
WARNING: Shader If subshaders removal was intentional, you may have forgotten turning Fallback off?
WARNING: Shader Unsupported: 'Simulation/Standard Lit' - All subshaders removed
WARNING: Shader Did you use #pragma only_renderers and omit this platform?
WARNING: Shader If subshaders removal was intentional, you may have forgotten turning Fallback off?
WARNING: Shader Unsupported: 'Hidden/Simulation/Synthetic Lit' - All subshaders removed
WARNING: Shader Did you use #pragma only_renderers and omit this platform?
WARNING: Shader If subshaders removal was intentional, you may have forgotten turning Fallback off?
WARNING: Shader Unsupported: 'Hidden/Simulation/Synthetic Lit' - All subshaders removed
WARNING: Shader Did you use #pragma only_renderers and omit this platform?
WARNING: Shader If subshaders removal was intentional, you may have forgotten turning Fallback off?
WARNING: Shader Unsupported: 'Simulation/URP/Room X-Ray' - All subshaders removed
WARNING: Shader Did you use #pragma only_renderers and omit this platform?
WARNING: Shader If subshaders removal was intentional, you may have forgotten turning Fallback off?
WARNING: Shader Unsupported: 'Simulation/URP/Room X-Ray' - All subshaders removed
WARNING: Shader Did you use #pragma only_renderers and omit this platform?
WARNING: Shader If subshaders removal was intentional, you may have forgotten turning Fallback off?
WARNING: Shader Unsupported: 'Simulation/Room X-Ray' - All subshaders removed
WARNING: Shader Did you use #pragma only_renderers and omit this platform?
WARNING: Shader If subshaders removal was intentional, you may have forgotten turning Fallback off?
WARNING: Shader Unsupported: 'Simulation/Room X-Ray' - All subshaders removed
WARNING: Shader Did you use #pragma only_renderers and omit this platform?
WARNING: Shader If subshaders removal was intentional, you may have forgotten turning Fallback off?
WARNING: Shader Unsupported: 'Simulation/URP/Lit' - All subshaders removed
WARNING: Shader Did you use #pragma only_renderers and omit this platform?
WARNING: Shader If subshaders removal was intentional, you may have forgotten turning Fallback off?
WARNING: Shader Unsupported: 'Simulation/URP/Lit' - All subshaders removed
WARNING: Shader Did you use #pragma only_renderers and omit this platform?
WARNING: Shader If subshaders removal was intentional, you may have forgotten turning Fallback off?
Refreshing native plugins compatible for Editor in 3.05 ms, found 4 plugins.
Preloading 0 native plugins for Editor in 0.00 ms.
Unloading 24 Unused Serialized files (Serialized files now loaded: 0)
Unloading 7029 unused Assets / (8.0 MB). Loaded Objects now: 7913.
Memory consumption went from 164.8 MB to 156.8 MB.
Total: 20.336700 ms (FindLiveObjects: 1.168300 ms CreateObjectMapping: 1.641900 ms MarkObjects: 9.832300 ms  DeleteObjects: 7.692700 ms)

Prepare: number of updated asset objects reloaded= 0
========================================================================
Received Prepare
Begin MonoManager ReloadAssembly
- Loaded All Assemblies, in  1.148 seconds
Refreshing native plugins compatible for Editor in 2.98 ms, found 4 plugins.
Native extension for iOS target not found
Native extension for Android target not found
Native extension for WindowsStandalone target not found
Native extension for WebGL target not found
[Package Manager] Failed to launch server process. Reason: Unity was launched with the -noUpm command-line argument
[Package Manager] Unable to send message (not connected to server process).
[Package Manager] Cannot connect to Unity Package Manager local server
ScheduleIndexationOnStartup MainProcess:False IndexOnStartup:True
Mono: successfully reloaded assembly
[Package Manager] Failed to launch server process. Reason: Unity was launched with the -noUpm command-line argument
[Package Manager] Unable to send message (not connected to server process).
[Package Manager] Cannot connect to Unity Package Manager local server
- Finished resetting the current domain, in  1.014 seconds
Domain Reload Profiling: 2148ms
	BeginReloadAssembly (287ms)
		ExecutionOrderSort (0ms)
		DisableScriptedObjects (8ms)
		BackupInstance (0ms)
		ReleaseScriptingObjects (0ms)
		CreateAndSetChildDomain (94ms)
	RebuildCommonClasses (50ms)
	RebuildNativeTypeToScriptingClass (16ms)
	initialDomainReloadingComplete (46ms)
	LoadAllAssembliesAndSetupDomain (734ms)
		LoadAssemblies (552ms)
		RebuildTransferFunctionScriptingTraits (0ms)
		AnalyzeDomain (291ms)
			TypeCache.Refresh (10ms)
				TypeCache.ScanAssembly (0ms)
			BuildScriptInfoCaches (260ms)
			ResolveRequiredComponents (14ms)
	FinalizeReload (1015ms)
		ReleaseScriptCaches (0ms)
		RebuildScriptCaches (0ms)
		SetupLoadedEditorAssemblies (795ms)
			LogAssemblyErrors (0ms)
			InitializePlatformSupportModulesInManaged (15ms)
			SetLoadedEditorAssemblies (6ms)
			BeforeProcessingInitializeOnLoad (227ms)
			ProcessInitializeOnLoadAttributes (412ms)
			ProcessInitializeOnLoadMethodAttributes (124ms)
			AfterProcessingInitializeOnLoad (10ms)
			EditorAssembliesLoaded (0ms)
		ExecutionOrderSort2 (0ms)
		AwakeInstancesAfterBackupRestoration (23ms)
WARNING: Shader Unsupported: 'Hidden/Simulation/URP/Synthetic' - All subshaders removed
WARNING: Shader Did you use #pragma only_renderers and omit this platform?
WARNING: Shader If subshaders removal was intentional, you may have forgotten turning Fallback off?
WARNING: Shader Unsupported: 'Hidden/Simulation/URP/Synthetic' - All subshaders removed
WARNING: Shader Did you use #pragma only_renderers and omit this platform?
WARNING: Shader If subshaders removal was intentional, you may have forgotten turning Fallback off?
WARNING: Shader Unsupported: 'Simulation/Standard Lit' - All subshaders removed
WARNING: Shader Did you use #pragma only_renderers and omit this platform?
WARNING: Shader If subshaders removal was intentional, you may have forgotten turning Fallback off?
WARNING: Shader Unsupported: 'Simulation/Standard Lit' - All subshaders removed
WARNING: Shader Did you use #pragma only_renderers and omit this platform?
WARNING: Shader If subshaders removal was intentional, you may have forgotten turning Fallback off?
WARNING: Shader Unsupported: 'Hidden/Simulation/Synthetic Lit' - All subshaders removed
WARNING: Shader Did you use #pragma only_renderers and omit this platform?
WARNING: Shader If subshaders removal was intentional, you may have forgotten turning Fallback off?
WARNING: Shader Unsupported: 'Hidden/Simulation/Synthetic Lit' - All subshaders removed
WARNING: Shader Did you use #pragma only_renderers and omit this platform?
WARNING: Shader If subshaders removal was intentional, you may have forgotten turning Fallback off?
WARNING: Shader Unsupported: 'Simulation/URP/Room X-Ray' - All subshaders removed
WARNING: Shader Did you use #pragma only_renderers and omit this platform?
WARNING: Shader If subshaders removal was intentional, you may have forgotten turning Fallback off?
WARNING: Shader Unsupported: 'Simulation/URP/Room X-Ray' - All subshaders removed
WARNING: Shader Did you use #pragma only_renderers and omit this platform?
WARNING: Shader If subshaders removal was intentional, you may have forgotten turning Fallback off?
WARNING: Shader Unsupported: 'Simulation/Room X-Ray' - All subshaders removed
WARNING: Shader Did you use #pragma only_renderers and omit this platform?
WARNING: Shader If subshaders removal was intentional, you may have forgotten turning Fallback off?
WARNING: Shader Unsupported: 'Simulation/Room X-Ray' - All subshaders removed
WARNING: Shader Did you use #pragma only_renderers and omit this platform?
WARNING: Shader If subshaders removal was intentional, you may have forgotten turning Fallback off?
WARNING: Shader Unsupported: 'Simulation/URP/Lit' - All subshaders removed
WARNING: Shader Did you use #pragma only_renderers and omit this platform?
WARNING: Shader If subshaders removal was intentional, you may have forgotten turning Fallback off?
WARNING: Shader Unsupported: 'Simulation/URP/Lit' - All subshaders removed
WARNING: Shader Did you use #pragma only_renderers and omit this platform?
WARNING: Shader If subshaders removal was intentional, you may have forgotten turning Fallback off?
Refreshing native plugins compatible for Editor in 3.17 ms, found 4 plugins.
Preloading 0 native plugins for Editor in 0.00 ms.
Unloading 24 Unused Serialized files (Serialized files now loaded: 0)
Unloading 7029 unused Assets / (8.9 MB). Loaded Objects now: 7916.
Memory consumption went from 164.7 MB to 155.8 MB.
Total: 16.377700 ms (FindLiveObjects: 1.035100 ms CreateObjectMapping: 1.581100 ms MarkObjects: 7.007700 ms  DeleteObjects: 6.752700 ms)

Prepare: number of updated asset objects reloaded= 0
========================================================================
Received Prepare
Begin MonoManager ReloadAssembly
- Loaded All Assemblies, in  1.191 seconds
Refreshing native plugins compatible for Editor in 4.57 ms, found 4 plugins.
Native extension for iOS target not found
Native extension for Android target not found
Native extension for WindowsStandalone target not found
Native extension for WebGL target not found
[Package Manager] Failed to launch server process. Reason: Unity was launched with the -noUpm command-line argument
[Package Manager] Unable to send message (not connected to server process).
[Package Manager] Cannot connect to Unity Package Manager local server
ScheduleIndexationOnStartup MainProcess:False IndexOnStartup:True
Mono: successfully reloaded assembly
[Package Manager] Failed to launch server process. Reason: Unity was launched with the -noUpm command-line argument
[Package Manager] Unable to send message (not connected to server process).
[Package Manager] Cannot connect to Unity Package Manager local server
- Finished resetting the current domain, in  0.929 seconds
Domain Reload Profiling: 2114ms
	BeginReloadAssembly (333ms)
		ExecutionOrderSort (0ms)
		DisableScriptedObjects (15ms)
		BackupInstance (0ms)
		ReleaseScriptingObjects (0ms)
		CreateAndSetChildDomain (90ms)
	RebuildCommonClasses (42ms)
	RebuildNativeTypeToScriptingClass (16ms)
	initialDomainReloadingComplete (52ms)
	LoadAllAssembliesAndSetupDomain (741ms)
		LoadAssemblies (587ms)
		RebuildTransferFunctionScriptingTraits (0ms)
		AnalyzeDomain (292ms)
			TypeCache.Refresh (10ms)
				TypeCache.ScanAssembly (0ms)
			BuildScriptInfoCaches (260ms)
			ResolveRequiredComponents (13ms)
	FinalizeReload (930ms)
		ReleaseScriptCaches (0ms)
		RebuildScriptCaches (0ms)
		SetupLoadedEditorAssemblies (706ms)
			LogAssemblyErrors (0ms)
			InitializePlatformSupportModulesInManaged (14ms)
			SetLoadedEditorAssemblies (4ms)
			BeforeProcessingInitializeOnLoad (221ms)
			ProcessInitializeOnLoadAttributes (366ms)
			ProcessInitializeOnLoadMethodAttributes (91ms)
			AfterProcessingInitializeOnLoad (9ms)
			EditorAssembliesLoaded (0ms)
		ExecutionOrderSort2 (0ms)
		AwakeInstancesAfterBackupRestoration (20ms)
WARNING: Shader Unsupported: 'Hidden/Simulation/URP/Synthetic' - All subshaders removed
WARNING: Shader Did you use #pragma only_renderers and omit this platform?
WARNING: Shader If subshaders removal was intentional, you may have forgotten turning Fallback off?
WARNING: Shader Unsupported: 'Hidden/Simulation/URP/Synthetic' - All subshaders removed
WARNING: Shader Did you use #pragma only_renderers and omit this platform?
WARNING: Shader If subshaders removal was intentional, you may have forgotten turning Fallback off?
WARNING: Shader Unsupported: 'Simulation/Standard Lit' - All subshaders removed
WARNING: Shader Did you use #pragma only_renderers and omit this platform?
WARNING: Shader If subshaders removal was intentional, you may have forgotten turning Fallback off?
WARNING: Shader Unsupported: 'Simulation/Standard Lit' - All subshaders removed
WARNING: Shader Did you use #pragma only_renderers and omit this platform?
WARNING: Shader If subshaders removal was intentional, you may have forgotten turning Fallback off?
WARNING: Shader Unsupported: 'Hidden/Simulation/Synthetic Lit' - All subshaders removed
WARNING: Shader Did you use #pragma only_renderers and omit this platform?
WARNING: Shader If subshaders removal was intentional, you may have forgotten turning Fallback off?
WARNING: Shader Unsupported: 'Hidden/Simulation/Synthetic Lit' - All subshaders removed
WARNING: Shader Did you use #pragma only_renderers and omit this platform?
WARNING: Shader If subshaders removal was intentional, you may have forgotten turning Fallback off?
WARNING: Shader Unsupported: 'Simulation/URP/Room X-Ray' - All subshaders removed
WARNING: Shader Did you use #pragma only_renderers and omit this platform?
WARNING: Shader If subshaders removal was intentional, you may have forgotten turning Fallback off?
WARNING: Shader Unsupported: 'Simulation/URP/Room X-Ray' - All subshaders removed
WARNING: Shader Did you use #pragma only_renderers and omit this platform?
WARNING: Shader If subshaders removal was intentional, you may have forgotten turning Fallback off?
WARNING: Shader Unsupported: 'Simulation/Room X-Ray' - All subshaders removed
WARNING: Shader Did you use #pragma only_renderers and omit this platform?
WARNING: Shader If subshaders removal was intentional, you may have forgotten turning Fallback off?
WARNING: Shader Unsupported: 'Simulation/Room X-Ray' - All subshaders removed
WARNING: Shader Did you use #pragma only_renderers and omit this platform?
WARNING: Shader If subshaders removal was intentional, you may have forgotten turning Fallback off?
WARNING: Shader Unsupported: 'Simulation/URP/Lit' - All subshaders removed
WARNING: Shader Did you use #pragma only_renderers and omit this platform?
WARNING: Shader If subshaders removal was intentional, you may have forgotten turning Fallback off?
WARNING: Shader Unsupported: 'Simulation/URP/Lit' - All subshaders removed
WARNING: Shader Did you use #pragma only_renderers and omit this platform?
WARNING: Shader If subshaders removal was intentional, you may have forgotten turning Fallback off?
Refreshing native plugins compatible for Editor in 3.39 ms, found 4 plugins.
Preloading 0 native plugins for Editor in 0.00 ms.
Unloading 24 Unused Serialized files (Serialized files now loaded: 0)
Unloading 7029 unused Assets / (7.7 MB). Loaded Objects now: 7919.
Memory consumption went from 164.7 MB to 156.9 MB.
Total: 21.404200 ms (FindLiveObjects: 1.043300 ms CreateObjectMapping: 1.420700 ms MarkObjects: 10.393900 ms  DeleteObjects: 8.545000 ms)

Prepare: number of updated asset objects reloaded= 0
========================================================================
Received Prepare
WARNING: Shader Unsupported: 'Hidden/Simulation/URP/Synthetic' - All subshaders removed
WARNING: Shader Did you use #pragma only_renderers and omit this platform?
WARNING: Shader If subshaders removal was intentional, you may have forgotten turning Fallback off?
WARNING: Shader Unsupported: 'Hidden/Simulation/URP/Synthetic' - All subshaders removed
WARNING: Shader Did you use #pragma only_renderers and omit this platform?
WARNING: Shader If subshaders removal was intentional, you may have forgotten turning Fallback off?
WARNING: Shader Unsupported: 'Simulation/Standard Lit' - All subshaders removed
WARNING: Shader Did you use #pragma only_renderers and omit this platform?
WARNING: Shader If subshaders removal was intentional, you may have forgotten turning Fallback off?
WARNING: Shader Unsupported: 'Simulation/Standard Lit' - All subshaders removed
WARNING: Shader Did you use #pragma only_renderers and omit this platform?
WARNING: Shader If subshaders removal was intentional, you may have forgotten turning Fallback off?
WARNING: Shader Unsupported: 'Hidden/Simulation/Synthetic Lit' - All subshaders removed
WARNING: Shader Did you use #pragma only_renderers and omit this platform?
WARNING: Shader If subshaders removal was intentional, you may have forgotten turning Fallback off?
WARNING: Shader Unsupported: 'Hidden/Simulation/Synthetic Lit' - All subshaders removed
WARNING: Shader Did you use #pragma only_renderers and omit this platform?
WARNING: Shader If subshaders removal was intentional, you may have forgotten turning Fallback off?
WARNING: Shader Unsupported: 'Simulation/URP/Room X-Ray' - All subshaders removed
WARNING: Shader Did you use #pragma only_renderers and omit this platform?
WARNING: Shader If subshaders removal was intentional, you may have forgotten turning Fallback off?
WARNING: Shader Unsupported: 'Simulation/URP/Room X-Ray' - All subshaders removed
WARNING: Shader Did you use #pragma only_renderers and omit this platform?
WARNING: Shader If subshaders removal was intentional, you may have forgotten turning Fallback off?
WARNING: Shader Unsupported: 'Simulation/Room X-Ray' - All subshaders removed
WARNING: Shader Did you use #pragma only_renderers and omit this platform?
WARNING: Shader If subshaders removal was intentional, you may have forgotten turning Fallback off?
WARNING: Shader Unsupported: 'Simulation/Room X-Ray' - All subshaders removed
WARNING: Shader Did you use #pragma only_renderers and omit this platform?
WARNING: Shader If subshaders removal was intentional, you may have forgotten turning Fallback off?
WARNING: Shader Unsupported: 'Simulation/URP/Lit' - All subshaders removed
WARNING: Shader Did you use #pragma only_renderers and omit this platform?
WARNING: Shader If subshaders removal was intentional, you may have forgotten turning Fallback off?
WARNING: Shader Unsupported: 'Simulation/URP/Lit' - All subshaders removed
WARNING: Shader Did you use #pragma only_renderers and omit this platform?
WARNING: Shader If subshaders removal was intentional, you may have forgotten turning Fallback off?
Refreshing native plugins compatible for Editor in 3.52 ms, found 4 plugins.
Preloading 0 native plugins for Editor in 0.00 ms.
Unloading 24 Unused Serialized files (Serialized files now loaded: 0)
Unloading 24 unused Assets / (3.8 MB). Loaded Objects now: 7919.
Memory consumption went from 159.8 MB to 156.0 MB.
Total: 11.597200 ms (FindLiveObjects: 0.580300 ms CreateObjectMapping: 0.406400 ms MarkObjects: 8.217900 ms  DeleteObjects: 2.391400 ms)

Prepare: number of updated asset objects reloaded= 0
========================================================================
Received Prepare
[Licensing::Client] Successfully resolved entitlement details
Begin MonoManager ReloadAssembly
[Licensing::Client] Successfully resolved entitlement details
- Loaded All Assemblies, in  1.149 seconds
Refreshing native plugins compatible for Editor in 4.33 ms, found 4 plugins.
Native extension for iOS target not found
Native extension for Android target not found
Native extension for WindowsStandalone target not found
Native extension for WebGL target not found
[Package Manager] Failed to launch server process. Reason: Unity was launched with the -noUpm command-line argument
[Package Manager] Unable to send message (not connected to server process).
[Package Manager] Cannot connect to Unity Package Manager local server
ScheduleIndexationOnStartup MainProcess:False IndexOnStartup:True
Mono: successfully reloaded assembly
[Package Manager] Failed to launch server process. Reason: Unity was launched with the -noUpm command-line argument
[Package Manager] Unable to send message (not connected to server process).
[Package Manager] Cannot connect to Unity Package Manager local server
- Finished resetting the current domain, in  0.942 seconds
Domain Reload Profiling: 2074ms
	BeginReloadAssembly (299ms)
		ExecutionOrderSort (0ms)
		DisableScriptedObjects (6ms)
		BackupInstance (0ms)
		ReleaseScriptingObjects (0ms)
		CreateAndSetChildDomain (97ms)
	RebuildCommonClasses (53ms)
	RebuildNativeTypeToScriptingClass (21ms)
	initialDomainReloadingComplete (38ms)
	LoadAllAssembliesAndSetupDomain (718ms)
		LoadAssemblies (538ms)
		RebuildTransferFunctionScriptingTraits (0ms)
		AnalyzeDomain (299ms)
			TypeCache.Refresh (9ms)
				TypeCache.ScanAssembly (0ms)
			BuildScriptInfoCaches (269ms)
			ResolveRequiredComponents (14ms)
	FinalizeReload (945ms)
		ReleaseScriptCaches (0ms)
		RebuildScriptCaches (0ms)
		SetupLoadedEditorAssemblies (689ms)
			LogAssemblyErrors (0ms)
			InitializePlatformSupportModulesInManaged (16ms)
			SetLoadedEditorAssemblies (4ms)
			BeforeProcessingInitializeOnLoad (189ms)
			ProcessInitializeOnLoadAttributes (365ms)
			ProcessInitializeOnLoadMethodAttributes (105ms)
			AfterProcessingInitializeOnLoad (9ms)
			EditorAssembliesLoaded (1ms)
		ExecutionOrderSort2 (0ms)
		AwakeInstancesAfterBackupRestoration (23ms)
WARNING: Shader Unsupported: 'Hidden/Simulation/URP/Synthetic' - All subshaders removed
WARNING: Shader Did you use #pragma only_renderers and omit this platform?
WARNING: Shader If subshaders removal was intentional, you may have forgotten turning Fallback off?
WARNING: Shader Unsupported: 'Hidden/Simulation/URP/Synthetic' - All subshaders removed
WARNING: Shader Did you use #pragma only_renderers and omit this platform?
WARNING: Shader If subshaders removal was intentional, you may have forgotten turning Fallback off?
WARNING: Shader Unsupported: 'Simulation/Standard Lit' - All subshaders removed
WARNING: Shader Did you use #pragma only_renderers and omit this platform?
WARNING: Shader If subshaders removal was intentional, you may have forgotten turning Fallback off?
WARNING: Shader Unsupported: 'Simulation/Standard Lit' - All subshaders removed
WARNING: Shader Did you use #pragma only_renderers and omit this platform?
WARNING: Shader If subshaders removal was intentional, you may have forgotten turning Fallback off?
WARNING: Shader Unsupported: 'Hidden/Simulation/Synthetic Lit' - All subshaders removed
WARNING: Shader Did you use #pragma only_renderers and omit this platform?
WARNING: Shader If subshaders removal was intentional, you may have forgotten turning Fallback off?
WARNING: Shader Unsupported: 'Hidden/Simulation/Synthetic Lit' - All subshaders removed
WARNING: Shader Did you use #pragma only_renderers and omit this platform?
WARNING: Shader If subshaders removal was intentional, you may have forgotten turning Fallback off?
WARNING: Shader Unsupported: 'Simulation/URP/Room X-Ray' - All subshaders removed
WARNING: Shader Did you use #pragma only_renderers and omit this platform?
WARNING: Shader If subshaders removal was intentional, you may have forgotten turning Fallback off?
WARNING: Shader Unsupported: 'Simulation/URP/Room X-Ray' - All subshaders removed
WARNING: Shader Did you use #pragma only_renderers and omit this platform?
WARNING: Shader If subshaders removal was intentional, you may have forgotten turning Fallback off?
WARNING: Shader Unsupported: 'Simulation/Room X-Ray' - All subshaders removed
WARNING: Shader Did you use #pragma only_renderers and omit this platform?
WARNING: Shader If subshaders removal was intentional, you may have forgotten turning Fallback off?
WARNING: Shader Unsupported: 'Simulation/Room X-Ray' - All subshaders removed
WARNING: Shader Did you use #pragma only_renderers and omit this platform?
WARNING: Shader If subshaders removal was intentional, you may have forgotten turning Fallback off?
WARNING: Shader Unsupported: 'Simulation/URP/Lit' - All subshaders removed
WARNING: Shader Did you use #pragma only_renderers and omit this platform?
WARNING: Shader If subshaders removal was intentional, you may have forgotten turning Fallback off?
WARNING: Shader Unsupported: 'Simulation/URP/Lit' - All subshaders removed
WARNING: Shader Did you use #pragma only_renderers and omit this platform?
WARNING: Shader If subshaders removal was intentional, you may have forgotten turning Fallback off?
Refreshing native plugins compatible for Editor in 4.25 ms, found 4 plugins.
Preloading 0 native plugins for Editor in 0.00 ms.
Unloading 24 Unused Serialized files (Serialized files now loaded: 0)
Unloading 7029 unused Assets / (6.6 MB). Loaded Objects now: 7922.
Memory consumption went from 169.1 MB to 162.5 MB.
Total: 20.520300 ms (FindLiveObjects: 1.305100 ms CreateObjectMapping: 1.724700 ms MarkObjects: 11.465800 ms  DeleteObjects: 6.023000 ms)

Prepare: number of updated asset objects reloaded= 0
========================================================================
Received Import Request.
  Time since last request: 7469.972643 seconds.
  path: Assets/Scripts/PlacedObjects.cs
  artifactKey: Guid(715f8ef10ff59904790ddb0f463c7bbf) Importer(2089858483,b0f066a214c2f5e87bad3c948f4d605d)
Start importing Assets/Scripts/PlacedObjects.cs using Guid(715f8ef10ff59904790ddb0f463c7bbf) Importer(2089858483,b0f066a214c2f5e87bad3c948f4d605d) (ScriptedImporter) -> (artifact id: '834963443c4c5e52138e7dcf7830ded8') in 0.1220974 seconds
Number of updated asset objects reloaded before import = 0Number of asset objects unloaded after import = 0

========================================================================
Received Import Request.
  Time since last request: 0.000030 seconds.
  path: Assets/UnityXRContent/ARFoundation/SimulationEnvironments/Office/Prefab/Laptop_15in_OF001.prefab
  artifactKey: Guid(1eb56c0a2ff952346a0bdfbc6c7510ea) Importer(2089858483,b0f066a214c2f5e87bad3c948f4d605d)
Start importing Assets/UnityXRContent/ARFoundation/SimulationEnvironments/Office/Prefab/Laptop_15in_OF001.prefab using Guid(1eb56c0a2ff952346a0bdfbc6c7510ea) Importer(2089858483,b0f066a214c2f5e87bad3c948f4d605d) (ScriptedImporter) -> (artifact id: 'be991b03bb6aed51516b835d020bf1fd') in 0.0696647 seconds
Number of updated asset objects reloaded before import = 0Number of asset objects unloaded after import = 16

========================================================================
Received Import Request.
  Time since last request: 0.000035 seconds.
  path: Assets/UnityXRContent/ARFoundation/SimulationEnvironments/Museum/Models/DisplayStand_46in_MM001.fbx
  artifactKey: Guid(d792015995f0ab5488324bfb21c66821) Importer(2089858483,b0f066a214c2f5e87bad3c948f4d605d)
Start importing Assets/UnityXRContent/ARFoundation/SimulationEnvironments/Museum/Models/DisplayStand_46in_MM001.fbx using Guid(d792015995f0ab5488324bfb21c66821) Importer(2089858483,b0f066a214c2f5e87bad3c948f4d605d) (ScriptedImporter) -> (artifact id: 'a58c360e677e27658ad066dba5798e16') in 0.0354487 seconds
Number of updated asset objects reloaded before import = 0Number of asset objects unloaded after import = 7

========================================================================
Received Import Request.
  Time since last request: 0.000021 seconds.
  path: Assets/UnityXRContent/ARFoundation/SimulationEnvironments/LivingRoom/Models/Bowl_24in_LR001.fbx
  artifactKey: Guid(fbddce449abacd0409f501f200ea1214) Importer(2089858483,b0f066a214c2f5e87bad3c948f4d605d)
Start importing Assets/UnityXRContent/ARFoundation/SimulationEnvironments/LivingRoom/Models/Bowl_24in_LR001.fbx using Guid(fbddce449abacd0409f501f200ea1214) Importer(2089858483,b0f066a214c2f5e87bad3c948f4d605d) (ScriptedImporter) -> (artifact id: '004b0cd130abd37f5a110529cb49d812') in 0.0143495 seconds
Number of updated asset objects reloaded before import = 0Number of asset objects unloaded after import = 7

========================================================================
Received Import Request.
  Time since last request: 0.000025 seconds.
  path: Assets/UnityXRContent/Common/ReferenceShapes/Materials/DebugBlue.mat
  artifactKey: Guid(289ca1a38ef0cfe41a1cd96feef1e8d3) Importer(2089858483,b0f066a214c2f5e87bad3c948f4d605d)
Start importing Assets/UnityXRContent/Common/ReferenceShapes/Materials/DebugBlue.mat using Guid(289ca1a38ef0cfe41a1cd96feef1e8d3) Importer(2089858483,b0f066a214c2f5e87bad3c948f4d605d) (ScriptedImporter) -> (artifact id: '29b436d21665d2831e20d1e32c1c20b1') in 0.0153862 seconds
Number of updated asset objects reloaded before import = 0Number of asset objects unloaded after import = 1

========================================================================
Received Import Request.
  Time since last request: 0.000027 seconds.
  path: Assets/UnityXRContent/ARFoundation/SimulationEnvironments/Office/Prefab/PC_OF002.prefab
  artifactKey: Guid(90b179d7c8b6f0040b57ce160d2cb3b1) Importer(2089858483,b0f066a214c2f5e87bad3c948f4d605d)
Start importing Assets/UnityXRContent/ARFoundation/SimulationEnvironments/Office/Prefab/PC_OF002.prefab using Guid(90b179d7c8b6f0040b57ce160d2cb3b1) Importer(2089858483,b0f066a214c2f5e87bad3c948f4d605d) (ScriptedImporter) -> (artifact id: 'ed6cc5322770d7460ca5d78416b829d7') in 0.0080747 seconds
Number of updated asset objects reloaded before import = 0Number of asset objects unloaded after import = 36

========================================================================
Received Import Request.
  Time since last request: 0.000033 seconds.
  path: Assets/UnityXRContent/ARFoundation/SimulationEnvironments/LivingRoom/Prefab/Rug_9x12ft_LR001.prefab
  artifactKey: Guid(c7d753667bb00b24a8f1a57aa305f4e6) Importer(2089858483,b0f066a214c2f5e87bad3c948f4d605d)
Start importing Assets/UnityXRContent/ARFoundation/SimulationEnvironments/LivingRoom/Prefab/Rug_9x12ft_LR001.prefab using Guid(c7d753667bb00b24a8f1a57aa305f4e6) Importer(2089858483,b0f066a214c2f5e87bad3c948f4d605d) (ScriptedImporter) -> (artifact id: 'fc1577fb2fa8c2b26550145efa640a27') in 0.010477 seconds
Number of updated asset objects reloaded before import = 0Number of asset objects unloaded after import = 15

========================================================================
Received Import Request.
  Time since last request: 0.000020 seconds.
  path: Assets/UnityXRContent/ARFoundation/SimulationEnvironments/Park/Models/Fountain_20ft_PK001.fbx
  artifactKey: Guid(38c7cbbe01c938247b4d166560e1cdb1) Importer(2089858483,b0f066a214c2f5e87bad3c948f4d605d)
Start importing Assets/UnityXRContent/ARFoundation/SimulationEnvironments/Park/Models/Fountain_20ft_PK001.fbx using Guid(38c7cbbe01c938247b4d166560e1cdb1) Importer(2089858483,b0f066a214c2f5e87bad3c948f4d605d) (ScriptedImporter) -> (artifact id: '734bc9ea9e40a7ea3b1af102a69c0b8e') in 0.0102456 seconds
Number of updated asset objects reloaded before import = 0Number of asset objects unloaded after import = 14

========================================================================
Received Import Request.
  Time since last request: 0.000025 seconds.
  path: Assets/UnityXRContent/ARFoundation/SimulationEnvironments/LivingRoom/Models/Bookcase_30in_LR001.fbx
  artifactKey: Guid(dc6d759709dbf5340aaf309818807ba4) Importer(2089858483,b0f066a214c2f5e87bad3c948f4d605d)
Start importing Assets/UnityXRContent/ARFoundation/SimulationEnvironments/LivingRoom/Models/Bookcase_30in_LR001.fbx using Guid(dc6d759709dbf5340aaf309818807ba4) Importer(2089858483,b0f066a214c2f5e87bad3c948f4d605d) (ScriptedImporter) -> (artifact id: '08986cb36f1853ece442744b0b2ce349') in 0.013601 seconds
Number of updated asset objects reloaded before import = 0Number of asset objects unloaded after import = 7

========================================================================
Received Import Request.
  Time since last request: 0.000025 seconds.
  path: Assets/UnityXRContent/ARFoundation/SimulationEnvironments/LivingRoom/Prefab/PictureFrame_24x36in_LR001.prefab
  artifactKey: Guid(82ee5b6ebf91e4940b7b2a17b3d9ef2f) Importer(2089858483,b0f066a214c2f5e87bad3c948f4d605d)
Start importing Assets/UnityXRContent/ARFoundation/SimulationEnvironments/LivingRoom/Prefab/PictureFrame_24x36in_LR001.prefab using Guid(82ee5b6ebf91e4940b7b2a17b3d9ef2f) Importer(2089858483,b0f066a214c2f5e87bad3c948f4d605d) (ScriptedImporter) -> (artifact id: '4959024c254d736e2d95238620039d0d') in 0.0111621 seconds
Number of updated asset objects reloaded before import = 0Number of asset objects unloaded after import = 15

========================================================================
Received Import Request.
  Time since last request: 0.000034 seconds.
  path: Assets/UnityXRContent/ARFoundation/SimulationEnvironments/Bedroom/Prefab/Bed_Twin_BR002.prefab
  artifactKey: Guid(25b17801b95faee4abb80680c9086b89) Importer(2089858483,b0f066a214c2f5e87bad3c948f4d605d)
Start importing Assets/UnityXRContent/ARFoundation/SimulationEnvironments/Bedroom/Prefab/Bed_Twin_BR002.prefab using Guid(25b17801b95faee4abb80680c9086b89) Importer(2089858483,b0f066a214c2f5e87bad3c948f4d605d) (ScriptedImporter) -> (artifact id: 'd52815d4bcc872c37edf36131b7584de') in 0.006854 seconds
Number of updated asset objects reloaded before import = 0Number of asset objects unloaded after import = 27

========================================================================
Received Import Request.
  Time since last request: 0.000019 seconds.
  path: Assets/UnityXRContent/ARFoundation/SimulationEnvironments/Office/Prefab/Couch_101in_OF001.prefab
  artifactKey: Guid(e377816fe3103d541996b614971009d6) Importer(2089858483,b0f066a214c2f5e87bad3c948f4d605d)
Start importing Assets/UnityXRContent/ARFoundation/SimulationEnvironments/Office/Prefab/Couch_101in_OF001.prefab using Guid(e377816fe3103d541996b614971009d6) Importer(2089858483,b0f066a214c2f5e87bad3c948f4d605d) (ScriptedImporter) -> (artifact id: '21c98691d9b90632536161d9089b5788') in 0.0176866 seconds
Number of updated asset objects reloaded before import = 0Number of asset objects unloaded after import = 17

========================================================================
Received Import Request.
  Time since last request: 0.000020 seconds.
  path: Assets/UnityXRContent/ARFoundation/SimulationEnvironments/DiningRoom/Models/Mug_4in_DR002.fbx
  artifactKey: Guid(1184a97b58b4d664682c479c5bd739a3) Importer(2089858483,b0f066a214c2f5e87bad3c948f4d605d)
Start importing Assets/UnityXRContent/ARFoundation/SimulationEnvironments/DiningRoom/Models/Mug_4in_DR002.fbx using Guid(1184a97b58b4d664682c479c5bd739a3) Importer(2089858483,b0f066a214c2f5e87bad3c948f4d605d) (ScriptedImporter) -> (artifact id: '7c5e2edc005cb48e405385115839b4a1') in 0.0097641 seconds
Number of updated asset objects reloaded before import = 0Number of asset objects unloaded after import = 7

========================================================================
Received Import Request.
  Time since last request: 0.000019 seconds.
  path: Assets/UnityXRContent/ARFoundation/SimulationEnvironments/Kitchen/Models/CabinetUpper_30Wx12Dx18H_KN001a.fbx
  artifactKey: Guid(c7ceaa5a6c31c904cb153fa5e2efbece) Importer(2089858483,b0f066a214c2f5e87bad3c948f4d605d)
Start importing Assets/UnityXRContent/ARFoundation/SimulationEnvironments/Kitchen/Models/CabinetUpper_30Wx12Dx18H_KN001a.fbx using Guid(c7ceaa5a6c31c904cb153fa5e2efbece) Importer(2089858483,b0f066a214c2f5e87bad3c948f4d605d) (ScriptedImporter) -> (artifact id: '9228ccdeca3b4c3a53c15fc30ce1a447') in 0.015269 seconds
Number of updated asset objects reloaded before import = 0Number of asset objects unloaded after import = 36

========================================================================
Received Import Request.
  Time since last request: 0.000024 seconds.
  path: Assets/UnityXRContent/ARFoundation/SimulationEnvironments/Bedroom/Models/Bed_Full_BR003.fbx
  artifactKey: Guid(3a654152bc1dec746a442dbb77b11571) Importer(2089858483,b0f066a214c2f5e87bad3c948f4d605d)
Start importing Assets/UnityXRContent/ARFoundation/SimulationEnvironments/Bedroom/Models/Bed_Full_BR003.fbx using Guid(3a654152bc1dec746a442dbb77b11571) Importer(2089858483,b0f066a214c2f5e87bad3c948f4d605d) (ScriptedImporter) -> (artifact id: '6f1dd1c392059f2a8b8698a7a2090403') in 0.014199 seconds
Number of updated asset objects reloaded before import = 0Number of asset objects unloaded after import = 19

========================================================================
Received Import Request.
  Time since last request: 0.000034 seconds.
  path: Assets/UnityXRContent/ARFoundation/SimulationEnvironments/Museum/Models/CubeSat_MM001.fbx
  artifactKey: Guid(69428ccc4cc675a40b633bb198680bd4) Importer(2089858483,b0f066a214c2f5e87bad3c948f4d605d)
Start importing Assets/UnityXRContent/ARFoundation/SimulationEnvironments/Museum/Models/CubeSat_MM001.fbx using Guid(69428ccc4cc675a40b633bb198680bd4) Importer(2089858483,b0f066a214c2f5e87bad3c948f4d605d) (ScriptedImporter) -> (artifact id: 'c815526f31ecc64436e61289e7e5df93') in 0.0130784 seconds
Number of updated asset objects reloaded before import = 0Number of asset objects unloaded after import = 7

========================================================================
Received Import Request.
  Time since last request: 0.000019 seconds.
  path: Assets/UnityXRContent/ARFoundation/SimulationEnvironments/Backyard/Models/Flagstone_4in_BY002.fbx
  artifactKey: Guid(f4c479a2992a4d34fa31030a668a5976) Importer(2089858483,b0f066a214c2f5e87bad3c948f4d605d)
Start importing Assets/UnityXRContent/ARFoundation/SimulationEnvironments/Backyard/Models/Flagstone_4in_BY002.fbx using Guid(f4c479a2992a4d34fa31030a668a5976) Importer(2089858483,b0f066a214c2f5e87bad3c948f4d605d) (ScriptedImporter) -> (artifact id: '9461c932c2cad17b524faa920291eea3') in 0.0115609 seconds
Number of updated asset objects reloaded before import = 0Number of asset objects unloaded after import = 7

========================================================================
Received Import Request.
  Time since last request: 0.000019 seconds.
  path: Assets/UnityXRContent/ARFoundation/SimulationEnvironments/Bedroom/Models/Bed_Twin_BR002.fbx
  artifactKey: Guid(04462afbe9aea0b48a9c50b0428ff45f) Importer(2089858483,b0f066a214c2f5e87bad3c948f4d605d)
Start importing Assets/UnityXRContent/ARFoundation/SimulationEnvironments/Bedroom/Models/Bed_Twin_BR002.fbx using Guid(04462afbe9aea0b48a9c50b0428ff45f) Importer(2089858483,b0f066a214c2f5e87bad3c948f4d605d) (ScriptedImporter) -> (artifact id: '4a2ad67a6bdc8d333ca36ac281295823') in 0.0111639 seconds
Number of updated asset objects reloaded before import = 0Number of asset objects unloaded after import = 14

========================================================================
Received Import Request.
  Time since last request: 0.000023 seconds.
  path: Assets/UnityXRContent/ARFoundation/SimulationEnvironments/Office/Prefab/Chair_30in_OF001.prefab
  artifactKey: Guid(583295e151ec9494c87b815b88fcd7cb) Importer(2089858483,b0f066a214c2f5e87bad3c948f4d605d)
Start importing Assets/UnityXRContent/ARFoundation/SimulationEnvironments/Office/Prefab/Chair_30in_OF001.prefab using Guid(583295e151ec9494c87b815b88fcd7cb) Importer(2089858483,b0f066a214c2f5e87bad3c948f4d605d) (ScriptedImporter) -> (artifact id: '64c1fe11f3f795618b4a9ffecca91f96') in 0.0151336 seconds
Number of updated asset objects reloaded before import = 0Number of asset objects unloaded after import = 17

========================================================================
Received Import Request.
  Time since last request: 0.000033 seconds.
  path: Assets/UnityXRContent/ARFoundation/SimulationEnvironments/Backyard/Models/CoffeeTable_48in_BY001.fbx
  artifactKey: Guid(27951f062805422409edb0e05718e7c0) Importer(2089858483,b0f066a214c2f5e87bad3c948f4d605d)
Start importing Assets/UnityXRContent/ARFoundation/SimulationEnvironments/Backyard/Models/CoffeeTable_48in_BY001.fbx using Guid(27951f062805422409edb0e05718e7c0) Importer(2089858483,b0f066a214c2f5e87bad3c948f4d605d) (ScriptedImporter) -> (artifact id: '3313fa93633fdfd1910e978e97b02614') in 0.0137237 seconds
Number of updated asset objects reloaded before import = 0Number of asset objects unloaded after import = 7

========================================================================
Received Import Request.
  Time since last request: 0.000019 seconds.
  path: Assets/UnityXRContent/ARFoundation/SimulationEnvironments/LivingRoom/Prefab/Houseplant_5ft_LR001.prefab
  artifactKey: Guid(c9520d76eedbd764087952d30dda1d30) Importer(2089858483,b0f066a214c2f5e87bad3c948f4d605d)
Start importing Assets/UnityXRContent/ARFoundation/SimulationEnvironments/LivingRoom/Prefab/Houseplant_5ft_LR001.prefab using Guid(c9520d76eedbd764087952d30dda1d30) Importer(2089858483,b0f066a214c2f5e87bad3c948f4d605d) (ScriptedImporter) -> (artifact id: 'e14261f62ae5c1039c13b43c25a510a7') in 0.0124491 seconds
Number of updated asset objects reloaded before import = 0Number of asset objects unloaded after import = 16

========================================================================
Received Import Request.
  Time since last request: 0.000025 seconds.
  path: Assets/UnityXRContent/ARFoundation/SimulationEnvironments/LivingRoom/Prefab/BeanBagChair_52in_LR001.prefab
  artifactKey: Guid(2e129ac0868408e44a8eb27c5931a087) Importer(2089858483,b0f066a214c2f5e87bad3c948f4d605d)
Start importing Assets/UnityXRContent/ARFoundation/SimulationEnvironments/LivingRoom/Prefab/BeanBagChair_52in_LR001.prefab using Guid(2e129ac0868408e44a8eb27c5931a087) Importer(2089858483,b0f066a214c2f5e87bad3c948f4d605d) (ScriptedImporter) -> (artifact id: 'd4fef9fea62cec6101be0f4ca4fc48f8') in 0.0135087 seconds
Number of updated asset objects reloaded before import = 0Number of asset objects unloaded after import = 17

========================================================================
Received Import Request.
  Time since last request: 0.000026 seconds.
  path: Assets/UnityXRContent/ARFoundation/SimulationEnvironments/Kitchen/Models/Island_63Wx36Dx36H_KN001a.fbx
  artifactKey: Guid(add41bc6f3b30884b89e899781e76d9f) Importer(2089858483,b0f066a214c2f5e87bad3c948f4d605d)
Start importing Assets/UnityXRContent/ARFoundation/SimulationEnvironments/Kitchen/Models/Island_63Wx36Dx36H_KN001a.fbx using Guid(add41bc6f3b30884b89e899781e76d9f) Importer(2089858483,b0f066a214c2f5e87bad3c948f4d605d) (ScriptedImporter) -> (artifact id: '78af88017cc211c04d061f717bc01e4c') in 0.0172153 seconds
Number of updated asset objects reloaded before import = 0Number of asset objects unloaded after import = 91

========================================================================
Received Import Request.
  Time since last request: 0.000041 seconds.
  path: Assets/UnityXRContent/Common/ReferenceShapes/Materials
  artifactKey: Guid(02af8187ec8eafe44922b75ec9895c40) Importer(2089858483,b0f066a214c2f5e87bad3c948f4d605d)
Start importing Assets/UnityXRContent/Common/ReferenceShapes/Materials using Guid(02af8187ec8eafe44922b75ec9895c40) Importer(2089858483,b0f066a214c2f5e87bad3c948f4d605d) (ScriptedImporter) -> (artifact id: '9a28c5eef896418903723ce3215867a0') in 0.0060054 seconds
Number of updated asset objects reloaded before import = 0Number of asset objects unloaded after import = 1

========================================================================
Received Import Request.
  Time since last request: 0.000026 seconds.
  path: Assets/UnityXRContent/ARFoundation/SimulationEnvironments/Common/Models/Book_Hardcover_CN001.fbx
  artifactKey: Guid(fc3ab44c37131154d8dba7b85fc47640) Importer(2089858483,b0f066a214c2f5e87bad3c948f4d605d)
Start importing Assets/UnityXRContent/ARFoundation/SimulationEnvironments/Common/Models/Book_Hardcover_CN001.fbx using Guid(fc3ab44c37131154d8dba7b85fc47640) Importer(2089858483,b0f066a214c2f5e87bad3c948f4d605d) (ScriptedImporter) -> (artifact id: 'a56037b50138cbd122936a612596217a') in 0.0109915 seconds
Number of updated asset objects reloaded before import = 0Number of asset objects unloaded after import = 7

========================================================================
Received Import Request.
  Time since last request: 0.000019 seconds.
  path: Assets/UnityXRContent/ARFoundation/SimulationEnvironments/Park/Prefab/LightPost_10ft_PK001.prefab
  artifactKey: Guid(1782d4524c7e9484fae31368a1ff3bc2) Importer(2089858483,b0f066a214c2f5e87bad3c948f4d605d)
Start importing Assets/UnityXRContent/ARFoundation/SimulationEnvironments/Park/Prefab/LightPost_10ft_PK001.prefab using Guid(1782d4524c7e9484fae31368a1ff3bc2) Importer(2089858483,b0f066a214c2f5e87bad3c948f4d605d) (ScriptedImporter) -> (artifact id: '1e42dabb3f5c5f0a3fa44fa5af126bd2') in 0.0118809 seconds
Number of updated asset objects reloaded before import = 0Number of asset objects unloaded after import = 16

========================================================================
Received Import Request.
  Time since last request: 0.000024 seconds.
  path: Assets/UnityXRContent/ARFoundation/SimulationEnvironments/Billboard/Prefab/Sidewalk_Circular_BB001.prefab
  artifactKey: Guid(e4173b878ccfc0242855cd8aa181b505) Importer(2089858483,b0f066a214c2f5e87bad3c948f4d605d)
Start importing Assets/UnityXRContent/ARFoundation/SimulationEnvironments/Billboard/Prefab/Sidewalk_Circular_BB001.prefab using Guid(e4173b878ccfc0242855cd8aa181b505) Importer(2089858483,b0f066a214c2f5e87bad3c948f4d605d) (ScriptedImporter) -> (artifact id: '80eba6ef8e7de1254bb1fc2f5095b6cd') in 0.0111453 seconds
Number of updated asset objects reloaded before import = 0Number of asset objects unloaded after import = 16

========================================================================
Received Import Request.
  Time since last request: 0.000034 seconds.
  path: Assets/UnityXRContent/ARFoundation/SimulationEnvironments/Kitchen/Prefab/Island_63Wx36Dx36H_KN001a.prefab
  artifactKey: Guid(4b9e7e73e847e9e48b4594816e7addd8) Importer(2089858483,b0f066a214c2f5e87bad3c948f4d605d)
Start importing Assets/UnityXRContent/ARFoundation/SimulationEnvironments/Kitchen/Prefab/Island_63Wx36Dx36H_KN001a.prefab using Guid(4b9e7e73e847e9e48b4594816e7addd8) Importer(2089858483,b0f066a214c2f5e87bad3c948f4d605d) (ScriptedImporter) -> (artifact id: '80b78e3ded65298b8f91b93453e66f3a') in 0.014478 seconds
Number of updated asset objects reloaded before import = 0Number of asset objects unloaded after import = 168

========================================================================
Received Import Request.
  Time since last request: 0.000036 seconds.
  path: Assets/UnityXRContent/ARFoundation/SimulationEnvironments/Kitchen/Models/CabinetUpper_Refrigerator_30Wx24Dx18H_KN001a.fbx
  artifactKey: Guid(a2fb3570a547b9c4ea14907fabfb368e) Importer(2089858483,b0f066a214c2f5e87bad3c948f4d605d)
Start importing Assets/UnityXRContent/ARFoundation/SimulationEnvironments/Kitchen/Models/CabinetUpper_Refrigerator_30Wx24Dx18H_KN001a.fbx using Guid(a2fb3570a547b9c4ea14907fabfb368e) Importer(2089858483,b0f066a214c2f5e87bad3c948f4d605d) (ScriptedImporter) -> (artifact id: '8bbdf9cc59a3b85549202c3aeb661beb') in 0.0143338 seconds
Number of updated asset objects reloaded before import = 0Number of asset objects unloaded after import = 36

========================================================================
Received Import Request.
  Time since last request: 0.000023 seconds.
  path: Assets/UnityXRContent/ARFoundation/SimulationEnvironments/Factory/Prefab/SodaCup_FY001.prefab
  artifactKey: Guid(0e75e9fb96ba5d244b0f351dcd41e7ce) Importer(2089858483,b0f066a214c2f5e87bad3c948f4d605d)
Start importing Assets/UnityXRContent/ARFoundation/SimulationEnvironments/Factory/Prefab/SodaCup_FY001.prefab using Guid(0e75e9fb96ba5d244b0f351dcd41e7ce) Importer(2089858483,b0f066a214c2f5e87bad3c948f4d605d) (ScriptedImporter) -> (artifact id: '45a8e2c88b9cba36ba94c72b1263adfd') in 0.0118985 seconds
Number of updated asset objects reloaded before import = 0Number of asset objects unloaded after import = 15

========================================================================
Received Import Request.
  Time since last request: 0.000020 seconds.
  path: Assets/UnityXRContent/ARFoundation/SimulationEnvironments/Kitchen/Prefab/Island_64.5Wx36Dx36H_KN001a.prefab
  artifactKey: Guid(aa42645b6d9a75a4b89977287461bd99) Importer(2089858483,b0f066a214c2f5e87bad3c948f4d605d)
Start importing Assets/UnityXRContent/ARFoundation/SimulationEnvironments/Kitchen/Prefab/Island_64.5Wx36Dx36H_KN001a.prefab using Guid(aa42645b6d9a75a4b89977287461bd99) Importer(2089858483,b0f066a214c2f5e87bad3c948f4d605d) (ScriptedImporter) -> (artifact id: 'bc6de0a28d838a7fe08436bac925d97c') in 0.0131034 seconds
Number of updated asset objects reloaded before import = 0Number of asset objects unloaded after import = 168

========================================================================
Received Import Request.
  Time since last request: 0.000024 seconds.
  path: Assets/UnityXRContent/ARFoundation/SimulationEnvironments/Kitchen/Models/CabinetUpper_TopTrim_12D_LeftCap_KN001.fbx
  artifactKey: Guid(c7e9339074c28924ebda009100706173) Importer(2089858483,b0f066a214c2f5e87bad3c948f4d605d)
Start importing Assets/UnityXRContent/ARFoundation/SimulationEnvironments/Kitchen/Models/CabinetUpper_TopTrim_12D_LeftCap_KN001.fbx using Guid(c7e9339074c28924ebda009100706173) Importer(2089858483,b0f066a214c2f5e87bad3c948f4d605d) (ScriptedImporter) -> (artifact id: '73a7d4199146b23735c2b20bfa0a024b') in 0.0102346 seconds
Number of updated asset objects reloaded before import = 0Number of asset objects unloaded after import = 7

========================================================================
Received Import Request.
  Time since last request: 0.000041 seconds.
  path: Assets/UnityXRContent/ARFoundation/SimulationEnvironments/LivingRoom/Models/Chair_32in_LR002.fbx
  artifactKey: Guid(6ce0bea40d73d0740937e1171894b926) Importer(2089858483,b0f066a214c2f5e87bad3c948f4d605d)
Start importing Assets/UnityXRContent/ARFoundation/SimulationEnvironments/LivingRoom/Models/Chair_32in_LR002.fbx using Guid(6ce0bea40d73d0740937e1171894b926) Importer(2089858483,b0f066a214c2f5e87bad3c948f4d605d) (ScriptedImporter) -> (artifact id: '3af2ffe1e94acea355742d5187504bcd') in 0.0120707 seconds
Number of updated asset objects reloaded before import = 0Number of asset objects unloaded after import = 7

========================================================================
Received Import Request.
  Time since last request: 0.000026 seconds.
  path: Assets/UnityXRContent/ARFoundation/SimulationEnvironments/Factory/Models/Boombox_FY001.fbx
  artifactKey: Guid(f09a20f7b3a50f74cae220379815b0e7) Importer(2089858483,b0f066a214c2f5e87bad3c948f4d605d)
Start importing Assets/UnityXRContent/ARFoundation/SimulationEnvironments/Factory/Models/Boombox_FY001.fbx using Guid(f09a20f7b3a50f74cae220379815b0e7) Importer(2089858483,b0f066a214c2f5e87bad3c948f4d605d) (ScriptedImporter) -> (artifact id: '583da374bfa5dabb8afed4729d103414') in 0.0104353 seconds
Number of updated asset objects reloaded before import = 0Number of asset objects unloaded after import = 7

========================================================================
Received Import Request.
  Time since last request: 0.000018 seconds.
  path: Assets/UnityXRContent/ARFoundation
  artifactKey: Guid(aa5a0af627310824eb3f1fb4a1b4f620) Importer(2089858483,b0f066a214c2f5e87bad3c948f4d605d)
Start importing Assets/UnityXRContent/ARFoundation using Guid(aa5a0af627310824eb3f1fb4a1b4f620) Importer(2089858483,b0f066a214c2f5e87bad3c948f4d605d) (ScriptedImporter) -> (artifact id: '1d4ef88f06aef76dc08598cb17269763') in 0.004524 seconds
Number of updated asset objects reloaded before import = 0Number of asset objects unloaded after import = 1

========================================================================
Received Import Request.
  Time since last request: 0.000019 seconds.
  path: Assets/UnityXRContent/ARFoundation/SimulationEnvironments/Common/Models/CoatRack_69in_CN001.fbx
  artifactKey: Guid(a3366df01a75c5e4aa3445f83c05f7f6) Importer(2089858483,b0f066a214c2f5e87bad3c948f4d605d)
Start importing Assets/UnityXRContent/ARFoundation/SimulationEnvironments/Common/Models/CoatRack_69in_CN001.fbx using Guid(a3366df01a75c5e4aa3445f83c05f7f6) Importer(2089858483,b0f066a214c2f5e87bad3c948f4d605d) (ScriptedImporter) -> (artifact id: '792d9dc43c06707a88cbb5740d3198a3') in 0.0101999 seconds
Number of updated asset objects reloaded before import = 0Number of asset objects unloaded after import = 7

========================================================================
Received Import Request.
  Time since last request: 0.000033 seconds.
  path: Assets/UnityXRContent/ARFoundation/SimulationEnvironments/LivingRoom/Models/EndTable_24in_LR002.fbx
  artifactKey: Guid(b77c6dc80e6b636468b3cc3045694c6c) Importer(2089858483,b0f066a214c2f5e87bad3c948f4d605d)
Start importing Assets/UnityXRContent/ARFoundation/SimulationEnvironments/LivingRoom/Models/EndTable_24in_LR002.fbx using Guid(b77c6dc80e6b636468b3cc3045694c6c) Importer(2089858483,b0f066a214c2f5e87bad3c948f4d605d) (ScriptedImporter) -> (artifact id: '62ca273c2dc00df0457e2838a65cd264') in 0.0124224 seconds
Number of updated asset objects reloaded before import = 0Number of asset objects unloaded after import = 7

========================================================================
Received Import Request.
  Time since last request: 0.000033 seconds.
  path: Assets/UnityXRContent/ARFoundation/SimulationEnvironments/Kitchen/Prefab/CabinetUpper_Refrigerator_30Wx24Dx18H_KN001a.prefab
  artifactKey: Guid(3de65900aa3ebfe46b4018fd5e3138b8) Importer(2089858483,b0f066a214c2f5e87bad3c948f4d605d)
Start importing Assets/UnityXRContent/ARFoundation/SimulationEnvironments/Kitchen/Prefab/CabinetUpper_Refrigerator_30Wx24Dx18H_KN001a.prefab using Guid(3de65900aa3ebfe46b4018fd5e3138b8) Importer(2089858483,b0f066a214c2f5e87bad3c948f4d605d) (ScriptedImporter) -> (artifact id: '5bd13d1589b6763ce090abf1872491cb') in 0.0128817 seconds
Number of updated asset objects reloaded before import = 0Number of asset objects unloaded after import = 69

========================================================================
Received Import Request.
  Time since last request: 0.000019 seconds.
  path: Assets/UnityXRContent/ARFoundation/SimulationEnvironments/Factory/Models/Tote_10in_FY001.fbx
  artifactKey: Guid(83fc6dbac3f49444d820f9b62b14ff81) Importer(2089858483,b0f066a214c2f5e87bad3c948f4d605d)
Start importing Assets/UnityXRContent/ARFoundation/SimulationEnvironments/Factory/Models/Tote_10in_FY001.fbx using Guid(83fc6dbac3f49444d820f9b62b14ff81) Importer(2089858483,b0f066a214c2f5e87bad3c948f4d605d) (ScriptedImporter) -> (artifact id: '881c0f69af80a4a008ee6f5eface24de') in 0.013514 seconds
Number of updated asset objects reloaded before import = 0Number of asset objects unloaded after import = 7

========================================================================
Received Import Request.
  Time since last request: 0.000024 seconds.
  path: Assets/UnityXRContent/ARFoundation/SimulationEnvironments/Factory/Prefab/GarbageContainer_FY001.prefab
  artifactKey: Guid(537f6b40a490e3146936966446817b60) Importer(2089858483,b0f066a214c2f5e87bad3c948f4d605d)
Start importing Assets/UnityXRContent/ARFoundation/SimulationEnvironments/Factory/Prefab/GarbageContainer_FY001.prefab using Guid(537f6b40a490e3146936966446817b60) Importer(2089858483,b0f066a214c2f5e87bad3c948f4d605d) (ScriptedImporter) -> (artifact id: 'a20f5f79329445de593e6e7a949d0e4b') in 0.0126816 seconds
Number of updated asset objects reloaded before import = 0Number of asset objects unloaded after import = 16

========================================================================
Received Import Request.
  Time since last request: 0.000021 seconds.
  path: Assets/UnityXRContent/ARFoundation/SimulationEnvironments/DiningRoom/Prefab/Chair_32in_DR004.prefab
  artifactKey: Guid(7fc1323d2d6be314fa75f7048199bee5) Importer(2089858483,b0f066a214c2f5e87bad3c948f4d605d)
Start importing Assets/UnityXRContent/ARFoundation/SimulationEnvironments/DiningRoom/Prefab/Chair_32in_DR004.prefab using Guid(7fc1323d2d6be314fa75f7048199bee5) Importer(2089858483,b0f066a214c2f5e87bad3c948f4d605d) (ScriptedImporter) -> (artifact id: '0645118425189051f3689769bddbead3') in 0.0119734 seconds
Number of updated asset objects reloaded before import = 0Number of asset objects unloaded after import = 17

========================================================================
Received Import Request.
  Time since last request: 0.000028 seconds.
  path: Assets/UnityXRContent/ARFoundation/SimulationEnvironments/DiningRoom/Models/Server_36in_DR001.fbx
  artifactKey: Guid(3524de2a4c89bac468ac364ddf67e2b1) Importer(2089858483,b0f066a214c2f5e87bad3c948f4d605d)
Start importing Assets/UnityXRContent/ARFoundation/SimulationEnvironments/DiningRoom/Models/Server_36in_DR001.fbx using Guid(3524de2a4c89bac468ac364ddf67e2b1) Importer(2089858483,b0f066a214c2f5e87bad3c948f4d605d) (ScriptedImporter) -> (artifact id: '9d49b5600d892064e8b94c0151fad73e') in 0.0120477 seconds
Number of updated asset objects reloaded before import = 0Number of asset objects unloaded after import = 7

========================================================================
Received Import Request.
  Time since last request: 0.000033 seconds.
  path: Assets/UnityXRContent/ARFoundation/SimulationEnvironments/DiningRoom/Prefab/Custom
  artifactKey: Guid(f910733507e2d374481a9bfa7fe0faee) Importer(2089858483,b0f066a214c2f5e87bad3c948f4d605d)
Start importing Assets/UnityXRContent/ARFoundation/SimulationEnvironments/DiningRoom/Prefab/Custom using Guid(f910733507e2d374481a9bfa7fe0faee) Importer(2089858483,b0f066a214c2f5e87bad3c948f4d605d) (ScriptedImporter) -> (artifact id: 'bad948044732be9753497f447ba9f2f4') in 0.0043818 seconds
Number of updated asset objects reloaded before import = 0Number of asset objects unloaded after import = 1

========================================================================
Received Import Request.
  Time since last request: 0.000024 seconds.
  path: Assets/UnityXRContent/ARFoundation/SimulationEnvironments/LivingRoom/Models/EndTable_24in_LR004.fbx
  artifactKey: Guid(a7860d42411107c41b5c2ee121d2856e) Importer(2089858483,b0f066a214c2f5e87bad3c948f4d605d)
Start importing Assets/UnityXRContent/ARFoundation/SimulationEnvironments/LivingRoom/Models/EndTable_24in_LR004.fbx using Guid(a7860d42411107c41b5c2ee121d2856e) Importer(2089858483,b0f066a214c2f5e87bad3c948f4d605d) (ScriptedImporter) -> (artifact id: '4a9b635a8dcc8f4db99f47f34a3becf3') in 0.009606 seconds
Number of updated asset objects reloaded before import = 0Number of asset objects unloaded after import = 7

========================================================================
Received Import Request.
  Time since last request: 0.000025 seconds.
  path: Assets/UnityXRContent/ARFoundation/SimulationEnvironments/Office
  artifactKey: Guid(8b98cbc4c437ccc45aa127300b14f04b) Importer(2089858483,b0f066a214c2f5e87bad3c948f4d605d)
Start importing Assets/UnityXRContent/ARFoundation/SimulationEnvironments/Office using Guid(8b98cbc4c437ccc45aa127300b14f04b) Importer(2089858483,b0f066a214c2f5e87bad3c948f4d605d) (ScriptedImporter) -> (artifact id: '7bd188d36916eeb155bfab49b4bc3d8e') in 0.0042586 seconds
Number of updated asset objects reloaded before import = 0Number of asset objects unloaded after import = 1

========================================================================
Received Import Request.
  Time since last request: 0.000020 seconds.
  path: Assets/UnityXRContent/ARFoundation/SimulationEnvironments/Bedroom/Models/Bed_King_BR001.fbx
  artifactKey: Guid(93998bd0d31a79742ab63df3d5f9790c) Importer(2089858483,b0f066a214c2f5e87bad3c948f4d605d)
Start importing Assets/UnityXRContent/ARFoundation/SimulationEnvironments/Bedroom/Models/Bed_King_BR001.fbx using Guid(93998bd0d31a79742ab63df3d5f9790c) Importer(2089858483,b0f066a214c2f5e87bad3c948f4d605d) (ScriptedImporter) -> (artifact id: '460c6325f5570ea316601e5180ffe989') in 0.0107843 seconds
Number of updated asset objects reloaded before import = 0Number of asset objects unloaded after import = 19

========================================================================
Received Import Request.
  Time since last request: 0.000025 seconds.
  path: Assets/UnityXRContent/ARFoundation/SimulationEnvironments/Factory/Models/Portable_Fan_FY001.fbx
  artifactKey: Guid(04918d6cc5db89048b6b47a70105e044) Importer(2089858483,b0f066a214c2f5e87bad3c948f4d605d)
Start importing Assets/UnityXRContent/ARFoundation/SimulationEnvironments/Factory/Models/Portable_Fan_FY001.fbx using Guid(04918d6cc5db89048b6b47a70105e044) Importer(2089858483,b0f066a214c2f5e87bad3c948f4d605d) (ScriptedImporter) -> (artifact id: '92f9d60cbd22c8a5993f48c76bba198a') in 0.01104 seconds
Number of updated asset objects reloaded before import = 0Number of asset objects unloaded after import = 7

========================================================================
Received Import Request.
  Time since last request: 0.000032 seconds.
  path: Assets/UnityXRContent/ARFoundation/SimulationEnvironments/Common/Materials/SimImage_One.mat
  artifactKey: Guid(8fe876495fa51d947bc86bd4f79922bd) Importer(2089858483,b0f066a214c2f5e87bad3c948f4d605d)
Start importing Assets/UnityXRContent/ARFoundation/SimulationEnvironments/Common/Materials/SimImage_One.mat using Guid(8fe876495fa51d947bc86bd4f79922bd) Importer(2089858483,b0f066a214c2f5e87bad3c948f4d605d) (ScriptedImporter) -> (artifact id: '661c697f752e85ef4a576d9712a635be') in 0.0622175 seconds
Number of updated asset objects reloaded before import = 0Number of asset objects unloaded after import = 4

========================================================================
Received Import Request.
  Time since last request: 0.000018 seconds.
  path: Assets/UnityXRContent/ARFoundation/SimulationEnvironments/Office/Models
  artifactKey: Guid(fb5fc2f6dbf64484dbf61fb7ba11931c) Importer(2089858483,b0f066a214c2f5e87bad3c948f4d605d)
Start importing Assets/UnityXRContent/ARFoundation/SimulationEnvironments/Office/Models using Guid(fb5fc2f6dbf64484dbf61fb7ba11931c) Importer(2089858483,b0f066a214c2f5e87bad3c948f4d605d) (ScriptedImporter) -> (artifact id: 'dac07c6cfca1a334c314994481b1040c') in 0.0073843 seconds
Number of updated asset objects reloaded before import = 0Number of asset objects unloaded after import = 1

========================================================================
Received Import Request.
  Time since last request: 0.000018 seconds.
  path: Assets/UnityXRContent/ARFoundation/SimulationEnvironments/LivingRoom/Models/Houseplant_5ft_LR001.fbx
  artifactKey: Guid(9b026ce3ed035224cb4a700b71d29a04) Importer(2089858483,b0f066a214c2f5e87bad3c948f4d605d)
Start importing Assets/UnityXRContent/ARFoundation/SimulationEnvironments/LivingRoom/Models/Houseplant_5ft_LR001.fbx using Guid(9b026ce3ed035224cb4a700b71d29a04) Importer(2089858483,b0f066a214c2f5e87bad3c948f4d605d) (ScriptedImporter) -> (artifact id: '154094794ae18a01bc56909bedcc7082') in 0.0113407 seconds
Number of updated asset objects reloaded before import = 0Number of asset objects unloaded after import = 7

========================================================================
Received Import Request.
  Time since last request: 0.000024 seconds.
  path: Assets/UnityXRContent/ARFoundation/SimulationEnvironments/Bedroom/Prefab/Dresser_55in_BR001.prefab
  artifactKey: Guid(7d53e09db83b3ed41821f71a98e9f525) Importer(2089858483,b0f066a214c2f5e87bad3c948f4d605d)
Start importing Assets/UnityXRContent/ARFoundation/SimulationEnvironments/Bedroom/Prefab/Dresser_55in_BR001.prefab using Guid(7d53e09db83b3ed41821f71a98e9f525) Importer(2089858483,b0f066a214c2f5e87bad3c948f4d605d) (ScriptedImporter) -> (artifact id: '90a28896a6a6d29d8a69533424d2e407') in 0.0130563 seconds
Number of updated asset objects reloaded before import = 0Number of asset objects unloaded after import = 16

========================================================================
Received Import Request.
  Time since last request: 0.000034 seconds.
  path: Assets/UnityXRContent/ARFoundation/SimulationEnvironments/Common/Materials/SimImage_UnityLogo.mat
  artifactKey: Guid(167cbb6cbf4daaa4fad9e1d7d63b7585) Importer(2089858483,b0f066a214c2f5e87bad3c948f4d605d)
Start importing Assets/UnityXRContent/ARFoundation/SimulationEnvironments/Common/Materials/SimImage_UnityLogo.mat using Guid(167cbb6cbf4daaa4fad9e1d7d63b7585) Importer(2089858483,b0f066a214c2f5e87bad3c948f4d605d) (ScriptedImporter) -> (artifact id: 'eaa6900448ced28c7ed5671f27906eeb') in 0.0135305 seconds
Number of updated asset objects reloaded before import = 0Number of asset objects unloaded after import = 4

========================================================================
Received Import Request.
  Time since last request: 0.000022 seconds.
  path: Assets/UnityXRContent/ARFoundation/SimulationEnvironments/Factory/Prefab/Tote_10in_FY001.prefab
  artifactKey: Guid(7459664b47b17db43947054c18a86b91) Importer(2089858483,b0f066a214c2f5e87bad3c948f4d605d)
Start importing Assets/UnityXRContent/ARFoundation/SimulationEnvironments/Factory/Prefab/Tote_10in_FY001.prefab using Guid(7459664b47b17db43947054c18a86b91) Importer(2089858483,b0f066a214c2f5e87bad3c948f4d605d) (ScriptedImporter) -> (artifact id: '29620fff090dfb3866bc87c0fa7e2f78') in 0.011187 seconds
Number of updated asset objects reloaded before import = 0Number of asset objects unloaded after import = 15

========================================================================
Received Import Request.
  Time since last request: 0.000020 seconds.
  path: Assets/UnityXRContent/ARFoundation/SimulationEnvironments/Kitchen/Prefab/CabinetSurround_Refrigerator_32Wx24Dx90H_KN001a.prefab
  artifactKey: Guid(9676d1a4643c4d1448771a6aab426207) Importer(2089858483,b0f066a214c2f5e87bad3c948f4d605d)
Start importing Assets/UnityXRContent/ARFoundation/SimulationEnvironments/Kitchen/Prefab/CabinetSurround_Refrigerator_32Wx24Dx90H_KN001a.prefab using Guid(9676d1a4643c4d1448771a6aab426207) Importer(2089858483,b0f066a214c2f5e87bad3c948f4d605d) (ScriptedImporter) -> (artifact id: 'fd83e52b58a33bc0711db88f80929d5a') in 0.0119945 seconds
Number of updated asset objects reloaded before import = 0Number of asset objects unloaded after import = 69

========================================================================
Received Import Request.
  Time since last request: 0.000026 seconds.
  path: Assets/UnityXRContent/ARFoundation/SimulationEnvironments/Billboard/Prefab/Building_Window_BB003.prefab
  artifactKey: Guid(a18843bceaae76d449d1f9513a393bc1) Importer(2089858483,b0f066a214c2f5e87bad3c948f4d605d)
Start importing Assets/UnityXRContent/ARFoundation/SimulationEnvironments/Billboard/Prefab/Building_Window_BB003.prefab using Guid(a18843bceaae76d449d1f9513a393bc1) Importer(2089858483,b0f066a214c2f5e87bad3c948f4d605d) (ScriptedImporter) -> (artifact id: '2c55ae8f5f096c82e04971fcc218ddc4') in 0.014263 seconds
Number of updated asset objects reloaded before import = 0Number of asset objects unloaded after import = 17

========================================================================
Received Import Request.
  Time since last request: 0.000044 seconds.
  path: Assets/UnityXRContent/ARFoundation/SimulationEnvironments/Common/Prefab/Book_Hardcover_CN001.prefab
  artifactKey: Guid(9b561251ee2e80747bad228d51fafa8f) Importer(2089858483,b0f066a214c2f5e87bad3c948f4d605d)
Start importing Assets/UnityXRContent/ARFoundation/SimulationEnvironments/Common/Prefab/Book_Hardcover_CN001.prefab using Guid(9b561251ee2e80747bad228d51fafa8f) Importer(2089858483,b0f066a214c2f5e87bad3c948f4d605d) (ScriptedImporter) -> (artifact id: '8086175d13b31f72ab44f692fd2d9987') in 0.0151554 seconds
Number of updated asset objects reloaded before import = 0Number of asset objects unloaded after import = 15

========================================================================
Received Import Request.
  Time since last request: 0.000020 seconds.
  path: Assets/UnityXRContent/ARFoundation/SimulationEnvironments/Kitchen/Prefab/CabinetUpper_45Wx12Dx36H_Corner_KN001a.prefab
  artifactKey: Guid(e5d341a5e772eed4ba53e1fce9df9cba) Importer(2089858483,b0f066a214c2f5e87bad3c948f4d605d)
Start importing Assets/UnityXRContent/ARFoundation/SimulationEnvironments/Kitchen/Prefab/CabinetUpper_45Wx12Dx36H_Corner_KN001a.prefab using Guid(e5d341a5e772eed4ba53e1fce9df9cba) Importer(2089858483,b0f066a214c2f5e87bad3c948f4d605d) (ScriptedImporter) -> (artifact id: '0846d178169cc300fb8cb6ef788cc4bf') in 0.0147487 seconds
Number of updated asset objects reloaded before import = 0Number of asset objects unloaded after import = 108

========================================================================
Received Import Request.
  Time since last request: 0.000021 seconds.
  path: Assets/UnityXRContent/ARFoundation/SimulationEnvironments/LivingRoom/Prefab/Bowl_8in_LR001.prefab
  artifactKey: Guid(8e138983481268140bd6c139c97ffdc0) Importer(2089858483,b0f066a214c2f5e87bad3c948f4d605d)
Start importing Assets/UnityXRContent/ARFoundation/SimulationEnvironments/LivingRoom/Prefab/Bowl_8in_LR001.prefab using Guid(8e138983481268140bd6c139c97ffdc0) Importer(2089858483,b0f066a214c2f5e87bad3c948f4d605d) (ScriptedImporter) -> (artifact id: '42b184e27d5339c7ad7b733f40bd6402') in 0.011847 seconds
Number of updated asset objects reloaded before import = 0Number of asset objects unloaded after import = 15

========================================================================
Received Import Request.
  Time since last request: 0.000075 seconds.
  path: Assets/UnityXRContent/ARFoundation/SimulationEnvironments/Backyard/Models/Fence_DogEar_2ft_BY001.fbx
  artifactKey: Guid(86912ec05db87a64b952d4d863bcaf0a) Importer(2089858483,b0f066a214c2f5e87bad3c948f4d605d)
Start importing Assets/UnityXRContent/ARFoundation/SimulationEnvironments/Backyard/Models/Fence_DogEar_2ft_BY001.fbx using Guid(86912ec05db87a64b952d4d863bcaf0a) Importer(2089858483,b0f066a214c2f5e87bad3c948f4d605d) (ScriptedImporter) -> (artifact id: '38e607e4da48bd9dd57daec4cc033c82') in 0.0096151 seconds
Number of updated asset objects reloaded before import = 0Number of asset objects unloaded after import = 7

========================================================================
Received Import Request.
  Time since last request: 0.000033 seconds.
  path: Assets/UnityXRContent/ARFoundation/SimulationEnvironments/DiningRoom/Prefab/Mug_4in_DR002.prefab
  artifactKey: Guid(4088fe1352122e348a9d019dd39bf68c) Importer(2089858483,b0f066a214c2f5e87bad3c948f4d605d)
Start importing Assets/UnityXRContent/ARFoundation/SimulationEnvironments/DiningRoom/Prefab/Mug_4in_DR002.prefab using Guid(4088fe1352122e348a9d019dd39bf68c) Importer(2089858483,b0f066a214c2f5e87bad3c948f4d605d) (ScriptedImporter) -> (artifact id: '0bb3ea6b5e26c1ad342e09f054ef94ca') in 0.0121723 seconds
Number of updated asset objects reloaded before import = 0Number of asset objects unloaded after import = 15

========================================================================
Received Prepare
WARNING: Shader Unsupported: 'Hidden/Simulation/URP/Synthetic' - All subshaders removed
WARNING: Shader Did you use #pragma only_renderers and omit this platform?
WARNING: Shader If subshaders removal was intentional, you may have forgotten turning Fallback off?
WARNING: Shader Unsupported: 'Hidden/Simulation/URP/Synthetic' - All subshaders removed
WARNING: Shader Did you use #pragma only_renderers and omit this platform?
WARNING: Shader If subshaders removal was intentional, you may have forgotten turning Fallback off?
WARNING: Shader Unsupported: 'Simulation/Standard Lit' - All subshaders removed
WARNING: Shader Did you use #pragma only_renderers and omit this platform?
WARNING: Shader If subshaders removal was intentional, you may have forgotten turning Fallback off?
WARNING: Shader Unsupported: 'Simulation/Standard Lit' - All subshaders removed
WARNING: Shader Did you use #pragma only_renderers and omit this platform?
WARNING: Shader If subshaders removal was intentional, you may have forgotten turning Fallback off?
WARNING: Shader Unsupported: 'Hidden/Simulation/Synthetic Lit' - All subshaders removed
WARNING: Shader Did you use #pragma only_renderers and omit this platform?
WARNING: Shader If subshaders removal was intentional, you may have forgotten turning Fallback off?
WARNING: Shader Unsupported: 'Hidden/Simulation/Synthetic Lit' - All subshaders removed
WARNING: Shader Did you use #pragma only_renderers and omit this platform?
WARNING: Shader If subshaders removal was intentional, you may have forgotten turning Fallback off?
WARNING: Shader Unsupported: 'Simulation/URP/Room X-Ray' - All subshaders removed
WARNING: Shader Did you use #pragma only_renderers and omit this platform?
WARNING: Shader If subshaders removal was intentional, you may have forgotten turning Fallback off?
WARNING: Shader Unsupported: 'Simulation/URP/Room X-Ray' - All subshaders removed
WARNING: Shader Did you use #pragma only_renderers and omit this platform?
WARNING: Shader If subshaders removal was intentional, you may have forgotten turning Fallback off?
WARNING: Shader Unsupported: 'Simulation/Room X-Ray' - All subshaders removed
WARNING: Shader Did you use #pragma only_renderers and omit this platform?
WARNING: Shader If subshaders removal was intentional, you may have forgotten turning Fallback off?
WARNING: Shader Unsupported: 'Simulation/Room X-Ray' - All subshaders removed
WARNING: Shader Did you use #pragma only_renderers and omit this platform?
WARNING: Shader If subshaders removal was intentional, you may have forgotten turning Fallback off?
WARNING: Shader Unsupported: 'Simulation/URP/Lit' - All subshaders removed
WARNING: Shader Did you use #pragma only_renderers and omit this platform?
WARNING: Shader If subshaders removal was intentional, you may have forgotten turning Fallback off?
WARNING: Shader Unsupported: 'Simulation/URP/Lit' - All subshaders removed
WARNING: Shader Did you use #pragma only_renderers and omit this platform?
WARNING: Shader If subshaders removal was intentional, you may have forgotten turning Fallback off?
Refreshing native plugins compatible for Editor in 3.37 ms, found 4 plugins.
Preloading 0 native plugins for Editor in 0.00 ms.
Unloading 24 Unused Serialized files (Serialized files now loaded: 0)
Unloading 26 unused Assets / (3.8 MB). Loaded Objects now: 7922.
Memory consumption went from 164.7 MB to 160.8 MB.
Total: 10.880900 ms (FindLiveObjects: 0.577100 ms CreateObjectMapping: 0.436800 ms MarkObjects: 7.457000 ms  DeleteObjects: 2.408900 ms)

Prepare: number of updated asset objects reloaded= 0
========================================================================
Received Import Request.
  Time since last request: 0.300060 seconds.
  path: Assets/UnityXRContent/ARFoundation/SimulationEnvironments/Backyard/Models/Fence_DogEar_6ft_BY001.fbx
  artifactKey: Guid(8770d1f0de7905f48bd41aa1769d85ca) Importer(2089858483,b0f066a214c2f5e87bad3c948f4d605d)
Start importing Assets/UnityXRContent/ARFoundation/SimulationEnvironments/Backyard/Models/Fence_DogEar_6ft_BY001.fbx using Guid(8770d1f0de7905f48bd41aa1769d85ca) Importer(2089858483,b0f066a214c2f5e87bad3c948f4d605d) (ScriptedImporter) -> (artifact id: '58179b9720fe444f9e0953e2dede59ac') in 0.0132958 seconds
Number of updated asset objects reloaded before import = 0Number of asset objects unloaded after import = 7

========================================================================
Received Import Request.
  Time since last request: 0.000020 seconds.
  path: Assets/UnityXRContent/ARFoundation/SimulationEnvironments/Museum/Prefab/ApolloCommand_Display_MM001.prefab
  artifactKey: Guid(71e7626ecf52d0247a57c722f1bc22c5) Importer(2089858483,b0f066a214c2f5e87bad3c948f4d605d)
Start importing Assets/UnityXRContent/ARFoundation/SimulationEnvironments/Museum/Prefab/ApolloCommand_Display_MM001.prefab using Guid(71e7626ecf52d0247a57c722f1bc22c5) Importer(2089858483,b0f066a214c2f5e87bad3c948f4d605d) (ScriptedImporter) -> (artifact id: '6c188e5d8b9798ecf54a0d46cb9252d5') in 0.0135079 seconds
Number of updated asset objects reloaded before import = 0Number of asset objects unloaded after import = 16

========================================================================
Received Import Request.
  Time since last request: 0.000028 seconds.
  path: Assets/UnityXRContent/ARFoundation/SimulationEnvironments/Factory/Models/Crate_w_Boxes_FY001.fbx
  artifactKey: Guid(a9a6e2454fdad5e40ae458e991f34167) Importer(2089858483,b0f066a214c2f5e87bad3c948f4d605d)
Start importing Assets/UnityXRContent/ARFoundation/SimulationEnvironments/Factory/Models/Crate_w_Boxes_FY001.fbx using Guid(a9a6e2454fdad5e40ae458e991f34167) Importer(2089858483,b0f066a214c2f5e87bad3c948f4d605d) (ScriptedImporter) -> (artifact id: '81c58c015cc0e8e0a9225ce3644f4a7c') in 0.0097804 seconds
Number of updated asset objects reloaded before import = 0Number of asset objects unloaded after import = 7

========================================================================
Received Import Request.
  Time since last request: 0.000019 seconds.
  path: Assets/UnityXRContent/ARFoundation/SimulationEnvironments/Bedroom/Prefab/Bed_Twin_BR005.prefab
  artifactKey: Guid(af2363392578a844093db6a9834ecc46) Importer(2089858483,b0f066a214c2f5e87bad3c948f4d605d)
Start importing Assets/UnityXRContent/ARFoundation/SimulationEnvironments/Bedroom/Prefab/Bed_Twin_BR005.prefab using Guid(af2363392578a844093db6a9834ecc46) Importer(2089858483,b0f066a214c2f5e87bad3c948f4d605d) (ScriptedImporter) -> (artifact id: 'cc60ac7b7c8a7fc58273bdffa83d7291') in 0.00628 seconds
Number of updated asset objects reloaded before import = 0Number of asset objects unloaded after import = 27

========================================================================
Received Import Request.
  Time since last request: 0.000025 seconds.
  path: Assets/UnityXRContent/ARFoundation/SimulationEnvironments/LivingRoom/Models/Fireplace_72in_LR002.fbx
  artifactKey: Guid(d8d6a5c72992905489a6fd03d126f280) Importer(2089858483,b0f066a214c2f5e87bad3c948f4d605d)
Start importing Assets/UnityXRContent/ARFoundation/SimulationEnvironments/LivingRoom/Models/Fireplace_72in_LR002.fbx using Guid(d8d6a5c72992905489a6fd03d126f280) Importer(2089858483,b0f066a214c2f5e87bad3c948f4d605d) (ScriptedImporter) -> (artifact id: '70581dbbeae797b891fb77abc938dd3e') in 0.0092589 seconds
Number of updated asset objects reloaded before import = 0Number of asset objects unloaded after import = 14

========================================================================
Received Import Request.
  Time since last request: 0.000034 seconds.
  path: Assets/UnityXRContent/ARFoundation/SimulationEnvironments/Bedroom/Prefab/Bed_Twin_BR003.prefab
  artifactKey: Guid(78cb0d3795c8b8047894f1934eb99a38) Importer(2089858483,b0f066a214c2f5e87bad3c948f4d605d)
Start importing Assets/UnityXRContent/ARFoundation/SimulationEnvironments/Bedroom/Prefab/Bed_Twin_BR003.prefab using Guid(78cb0d3795c8b8047894f1934eb99a38) Importer(2089858483,b0f066a214c2f5e87bad3c948f4d605d) (ScriptedImporter) -> (artifact id: '2081edd6640468e5b2466fe808fd2cd2') in 0.0061178 seconds
Number of updated asset objects reloaded before import = 0Number of asset objects unloaded after import = 27

========================================================================
Received Import Request.
  Time since last request: 0.000024 seconds.
  path: Assets/UnityXRContent/ARFoundation/SimulationEnvironments/Common/Materials/SimEnvironment_Rug.mat
  artifactKey: Guid(d678dd20fa2404b42987d1cc8107c422) Importer(2089858483,b0f066a214c2f5e87bad3c948f4d605d)
Start importing Assets/UnityXRContent/ARFoundation/SimulationEnvironments/Common/Materials/SimEnvironment_Rug.mat using Guid(d678dd20fa2404b42987d1cc8107c422) Importer(2089858483,b0f066a214c2f5e87bad3c948f4d605d) (ScriptedImporter) -> (artifact id: '7977d90a620c666d107c5ec292fad3ec') in 0.0087276 seconds
Number of updated asset objects reloaded before import = 0Number of asset objects unloaded after import = 3

========================================================================
Received Import Request.
  Time since last request: 0.000022 seconds.
  path: Assets/UnityXRContent/ARFoundation/SimulationEnvironments/Museum/Models/DisplayBoard_9ft_MM001.fbx
  artifactKey: Guid(e07f513616be77a438b5d3db922e66f1) Importer(2089858483,b0f066a214c2f5e87bad3c948f4d605d)
Start importing Assets/UnityXRContent/ARFoundation/SimulationEnvironments/Museum/Models/DisplayBoard_9ft_MM001.fbx using Guid(e07f513616be77a438b5d3db922e66f1) Importer(2089858483,b0f066a214c2f5e87bad3c948f4d605d) (ScriptedImporter) -> (artifact id: 'f893c5bdcb4f2466fe6ea3e25f14f52e') in 0.0164383 seconds
Number of updated asset objects reloaded before import = 0Number of asset objects unloaded after import = 7

========================================================================
Received Import Request.
  Time since last request: 0.000021 seconds.
  path: Assets/UnityXRContent/ARFoundation/SimulationEnvironments/Billboard/Prefab/Sidewalk_Large_Corner_BB001.prefab
  artifactKey: Guid(274455369f1f8054c8f49277dfab4253) Importer(2089858483,b0f066a214c2f5e87bad3c948f4d605d)
Start importing Assets/UnityXRContent/ARFoundation/SimulationEnvironments/Billboard/Prefab/Sidewalk_Large_Corner_BB001.prefab using Guid(274455369f1f8054c8f49277dfab4253) Importer(2089858483,b0f066a214c2f5e87bad3c948f4d605d) (ScriptedImporter) -> (artifact id: '5f88d85a2708f8e327614e76b655c4d9') in 0.0134199 seconds
Number of updated asset objects reloaded before import = 0Number of asset objects unloaded after import = 16

========================================================================
Received Import Request.
  Time since last request: 0.000027 seconds.
  path: Assets/UnityXRContent/ARFoundation/SimulationEnvironments/Common/Prefab/Custom/Container_12in_CN001.prefab
  artifactKey: Guid(f77baf7c3fe0fee47bd4583f40118ed6) Importer(2089858483,b0f066a214c2f5e87bad3c948f4d605d)
Start importing Assets/UnityXRContent/ARFoundation/SimulationEnvironments/Common/Prefab/Custom/Container_12in_CN001.prefab using Guid(f77baf7c3fe0fee47bd4583f40118ed6) Importer(2089858483,b0f066a214c2f5e87bad3c948f4d605d) (ScriptedImporter) -> (artifact id: '5bfb0ff95861b5acdc838d8ffdf623de') in 0.0116554 seconds
Number of updated asset objects reloaded before import = 0Number of asset objects unloaded after import = 22

========================================================================
Received Import Request.
  Time since last request: 0.000034 seconds.
  path: Assets/UnityXRContent/ARFoundation/SimulationEnvironments/DiningRoom/Prefab/Server_36in_DR001.prefab
  artifactKey: Guid(1c2933f1a98f6b54a8130290e675f592) Importer(2089858483,b0f066a214c2f5e87bad3c948f4d605d)
Start importing Assets/UnityXRContent/ARFoundation/SimulationEnvironments/DiningRoom/Prefab/Server_36in_DR001.prefab using Guid(1c2933f1a98f6b54a8130290e675f592) Importer(2089858483,b0f066a214c2f5e87bad3c948f4d605d) (ScriptedImporter) -> (artifact id: 'af3df1a6d2f6dcb21555000a8d098a65') in 0.011397 seconds
Number of updated asset objects reloaded before import = 0Number of asset objects unloaded after import = 16

========================================================================
Received Import Request.
  Time since last request: 0.000020 seconds.
  path: Assets/UnityXRContent/ARFoundation/SimulationEnvironments/Park/Prefab/Bench_72in_PK001.prefab
  artifactKey: Guid(a81941c5aae2dd24eb5708b6cf6a93a1) Importer(2089858483,b0f066a214c2f5e87bad3c948f4d605d)
Start importing Assets/UnityXRContent/ARFoundation/SimulationEnvironments/Park/Prefab/Bench_72in_PK001.prefab using Guid(a81941c5aae2dd24eb5708b6cf6a93a1) Importer(2089858483,b0f066a214c2f5e87bad3c948f4d605d) (ScriptedImporter) -> (artifact id: 'fe432aa032669b747eab118d2c9db3a2') in 0.012631 seconds
Number of updated asset objects reloaded before import = 0Number of asset objects unloaded after import = 17

========================================================================
Received Import Request.
  Time since last request: 0.000022 seconds.
  path: Assets/UnityXRContent/ARFoundation/SimulationEnvironments/LivingRoom/Prefab/CoffeeTable_43in_LR001.prefab
  artifactKey: Guid(28ee2b594ec478e4ebf6aeadc1028d93) Importer(2089858483,b0f066a214c2f5e87bad3c948f4d605d)
Start importing Assets/UnityXRContent/ARFoundation/SimulationEnvironments/LivingRoom/Prefab/CoffeeTable_43in_LR001.prefab using Guid(28ee2b594ec478e4ebf6aeadc1028d93) Importer(2089858483,b0f066a214c2f5e87bad3c948f4d605d) (ScriptedImporter) -> (artifact id: 'f7935ff6be1e71d95f3a00a24d087e4c') in 0.0175979 seconds
Number of updated asset objects reloaded before import = 0Number of asset objects unloaded after import = 17

========================================================================
Received Import Request.
  Time since last request: 1.416667 seconds.
  path: Assets/UnityXRContent/ARFoundation/SimulationEnvironments/Factory/Models/SafetyRailing_8ft_FY001.fbx
  artifactKey: Guid(8c5caf1dfa525a241a08f27a1cf552fd) Importer(2089858483,b0f066a214c2f5e87bad3c948f4d605d)
Start importing Assets/UnityXRContent/ARFoundation/SimulationEnvironments/Factory/Models/SafetyRailing_8ft_FY001.fbx using Guid(8c5caf1dfa525a241a08f27a1cf552fd) Importer(2089858483,b0f066a214c2f5e87bad3c948f4d605d) (ScriptedImporter) -> (artifact id: 'f2dc7ab323e9cf1fb70c5c44973ef2b0') in 0.0115388 seconds
Number of updated asset objects reloaded before import = 0Number of asset objects unloaded after import = 7

========================================================================
Received Import Request.
  Time since last request: 0.000026 seconds.
  path: Assets/UnityXRContent/ARFoundation/SimulationEnvironments/LivingRoom/Prefab/Bookcase_55in_LR001.prefab
  artifactKey: Guid(ab2055f39afafb043af556d4f791e0e6) Importer(2089858483,b0f066a214c2f5e87bad3c948f4d605d)
Start importing Assets/UnityXRContent/ARFoundation/SimulationEnvironments/LivingRoom/Prefab/Bookcase_55in_LR001.prefab using Guid(ab2055f39afafb043af556d4f791e0e6) Importer(2089858483,b0f066a214c2f5e87bad3c948f4d605d) (ScriptedImporter) -> (artifact id: '890f4d853b703d145eed5220980d41b6') in 0.012303 seconds
Number of updated asset objects reloaded before import = 0Number of asset objects unloaded after import = 16

========================================================================
Received Import Request.
  Time since last request: 0.000032 seconds.
  path: Assets/UnityXRContent/ARFoundation/SimulationEnvironments/Common/Prefab/CoatRack_69in_CN001.prefab
  artifactKey: Guid(cf27d2021c5872c42b4219c8aecd1dc5) Importer(2089858483,b0f066a214c2f5e87bad3c948f4d605d)
Start importing Assets/UnityXRContent/ARFoundation/SimulationEnvironments/Common/Prefab/CoatRack_69in_CN001.prefab using Guid(cf27d2021c5872c42b4219c8aecd1dc5) Importer(2089858483,b0f066a214c2f5e87bad3c948f4d605d) (ScriptedImporter) -> (artifact id: '8fab1fd3f9379cb29db7f89bc5e93dca') in 0.0109854 seconds
Number of updated asset objects reloaded before import = 0Number of asset objects unloaded after import = 15

========================================================================
Received Import Request.
  Time since last request: 0.000019 seconds.
  path: Assets/UnityXRContent/ARFoundation/SimulationEnvironments/Museum/Models/Sputnik_MM001.fbx
  artifactKey: Guid(bc124cf84c7067540847f477933d1fc5) Importer(2089858483,b0f066a214c2f5e87bad3c948f4d605d)
Start importing Assets/UnityXRContent/ARFoundation/SimulationEnvironments/Museum/Models/Sputnik_MM001.fbx using Guid(bc124cf84c7067540847f477933d1fc5) Importer(2089858483,b0f066a214c2f5e87bad3c948f4d605d) (ScriptedImporter) -> (artifact id: '7e843698bd13f573570988ada7630faa') in 0.0115957 seconds
Number of updated asset objects reloaded before import = 0Number of asset objects unloaded after import = 7

========================================================================
Received Import Request.
  Time since last request: 0.000019 seconds.
  path: Assets/UnityXRContent/ARFoundation/SimulationEnvironments/Billboard/Models/Sidewalk_Circular_BB001.fbx
  artifactKey: Guid(f151714698b1dc349a079c6873f27f31) Importer(2089858483,b0f066a214c2f5e87bad3c948f4d605d)
Start importing Assets/UnityXRContent/ARFoundation/SimulationEnvironments/Billboard/Models/Sidewalk_Circular_BB001.fbx using Guid(f151714698b1dc349a079c6873f27f31) Importer(2089858483,b0f066a214c2f5e87bad3c948f4d605d) (ScriptedImporter) -> (artifact id: 'd78b07e6ad7af4678562da929457518b') in 0.0174018 seconds
Number of updated asset objects reloaded before import = 0Number of asset objects unloaded after import = 8

========================================================================
Received Import Request.
  Time since last request: 0.000020 seconds.
  path: Assets/UnityXRContent/ARFoundation/SimulationEnvironments/LivingRoom/Models/PictureFrame_24x36in_LR001.fbx
  artifactKey: Guid(8f29bd7713999f64bb83a5a8fdd1bd3c) Importer(2089858483,b0f066a214c2f5e87bad3c948f4d605d)
Start importing Assets/UnityXRContent/ARFoundation/SimulationEnvironments/LivingRoom/Models/PictureFrame_24x36in_LR001.fbx using Guid(8f29bd7713999f64bb83a5a8fdd1bd3c) Importer(2089858483,b0f066a214c2f5e87bad3c948f4d605d) (ScriptedImporter) -> (artifact id: '33c3a77b454148e8ec4119b3f73d1768') in 0.0143885 seconds
Number of updated asset objects reloaded before import = 0Number of asset objects unloaded after import = 7

========================================================================
Received Import Request.
  Time since last request: 0.000023 seconds.
  path: Assets/UnityXRContent/ARFoundation/SimulationEnvironments/Office/Models/Chair_39in_OF001.fbx
  artifactKey: Guid(7cb75009a8ae6ae43a141d3f065f8534) Importer(2089858483,b0f066a214c2f5e87bad3c948f4d605d)
Start importing Assets/UnityXRContent/ARFoundation/SimulationEnvironments/Office/Models/Chair_39in_OF001.fbx using Guid(7cb75009a8ae6ae43a141d3f065f8534) Importer(2089858483,b0f066a214c2f5e87bad3c948f4d605d) (ScriptedImporter) -> (artifact id: '66eccf1315027bad297812e36893b5f2') in 0.0100202 seconds
Number of updated asset objects reloaded before import = 0Number of asset objects unloaded after import = 7

========================================================================
Received Import Request.
  Time since last request: 0.000032 seconds.
  path: Assets/UnityXRContent/ARFoundation/SimulationEnvironments/LivingRoom/Models/Chair_43in_LR001.fbx
  artifactKey: Guid(09e38b27095eb364c9d0259234ce6610) Importer(2089858483,b0f066a214c2f5e87bad3c948f4d605d)
Start importing Assets/UnityXRContent/ARFoundation/SimulationEnvironments/LivingRoom/Models/Chair_43in_LR001.fbx using Guid(09e38b27095eb364c9d0259234ce6610) Importer(2089858483,b0f066a214c2f5e87bad3c948f4d605d) (ScriptedImporter) -> (artifact id: 'c3dff440b95e134c507deb902d592406') in 0.0112843 seconds
Number of updated asset objects reloaded before import = 0Number of asset objects unloaded after import = 7

========================================================================
Received Import Request.
  Time since last request: 0.000018 seconds.
  path: Assets/UnityXRContent/ARFoundation/SimulationEnvironments/Kitchen/Models/CabinetUpper_30Wx12Dx36H_KN001a.fbx
  artifactKey: Guid(ad8a3fb746cb34947a406a976f318e14) Importer(2089858483,b0f066a214c2f5e87bad3c948f4d605d)
Start importing Assets/UnityXRContent/ARFoundation/SimulationEnvironments/Kitchen/Models/CabinetUpper_30Wx12Dx36H_KN001a.fbx using Guid(ad8a3fb746cb34947a406a976f318e14) Importer(2089858483,b0f066a214c2f5e87bad3c948f4d605d) (ScriptedImporter) -> (artifact id: '58ffa90c1fb65a5f00306f9c867cf75b') in 0.0163892 seconds
Number of updated asset objects reloaded before import = 0Number of asset objects unloaded after import = 36

========================================================================
Received Import Request.
  Time since last request: 0.000019 seconds.
  path: Assets/UnityXRContent/Common/ReferenceObjects/Models/SmartPhone_SD001.fbx
  artifactKey: Guid(85343a2b8928ca84da064cd59a3d7fd7) Importer(2089858483,b0f066a214c2f5e87bad3c948f4d605d)
Start importing Assets/UnityXRContent/Common/ReferenceObjects/Models/SmartPhone_SD001.fbx using Guid(85343a2b8928ca84da064cd59a3d7fd7) Importer(2089858483,b0f066a214c2f5e87bad3c948f4d605d) (ScriptedImporter) -> (artifact id: '2ada5ddefa4496c6afd5d252dbdda676') in 0.0109234 seconds
Number of updated asset objects reloaded before import = 0Number of asset objects unloaded after import = 7

========================================================================
Received Import Request.
  Time since last request: 0.000023 seconds.
  path: Assets/UnityXRContent/ARFoundation/SimulationEnvironments/LivingRoom/Models/CoffeeTable_50in_LR001.fbx
  artifactKey: Guid(d1cc49c4ad7a83148a74d6104f2ecc72) Importer(2089858483,b0f066a214c2f5e87bad3c948f4d605d)
Start importing Assets/UnityXRContent/ARFoundation/SimulationEnvironments/LivingRoom/Models/CoffeeTable_50in_LR001.fbx using Guid(d1cc49c4ad7a83148a74d6104f2ecc72) Importer(2089858483,b0f066a214c2f5e87bad3c948f4d605d) (ScriptedImporter) -> (artifact id: '9662fed6ae36e7197ae995fb9ac88311') in 0.0126449 seconds
Number of updated asset objects reloaded before import = 0Number of asset objects unloaded after import = 7

========================================================================
Received Import Request.
  Time since last request: 0.000021 seconds.
  path: Assets/UnityXRContent/ARFoundation/SimulationEnvironments/Kitchen/Prefab/Toaster_11in_KN001.prefab
  artifactKey: Guid(c4570e79b0e5aa64f913642650a7863c) Importer(2089858483,b0f066a214c2f5e87bad3c948f4d605d)
Start importing Assets/UnityXRContent/ARFoundation/SimulationEnvironments/Kitchen/Prefab/Toaster_11in_KN001.prefab using Guid(c4570e79b0e5aa64f913642650a7863c) Importer(2089858483,b0f066a214c2f5e87bad3c948f4d605d) (ScriptedImporter) -> (artifact id: '07ea7ba60c9b4d69a2e80fbf2a06b4d7') in 0.0106757 seconds
Number of updated asset objects reloaded before import = 0Number of asset objects unloaded after import = 15

========================================================================
Received Import Request.
  Time since last request: 0.000030 seconds.
  path: Assets/UnityXRContent/ARFoundation/SimulationEnvironments/LivingRoom/LivingRoom_17.5ftx16.5ft.prefab
  artifactKey: Guid(25cd8f7a26f441d42abf46816e501e65) Importer(2089858483,b0f066a214c2f5e87bad3c948f4d605d)
Start importing Assets/UnityXRContent/ARFoundation/SimulationEnvironments/LivingRoom/LivingRoom_17.5ftx16.5ft.prefab using Guid(25cd8f7a26f441d42abf46816e501e65) Importer(2089858483,b0f066a214c2f5e87bad3c948f4d605d) (ScriptedImporter) -> (artifact id: '76763307a5a50aba587abe1d07e86976') in 0.0494818 seconds
Number of updated asset objects reloaded before import = 0Number of asset objects unloaded after import = 504

========================================================================
Received Import Request.
  Time since last request: 0.000031 seconds.
  path: Assets/UnityXRContent/ARFoundation/SimulationEnvironments/Bedroom/Prefab/Bed_King_BR002.prefab
  artifactKey: Guid(4e500d68f40e05e46b84576af3dab28a) Importer(2089858483,b0f066a214c2f5e87bad3c948f4d605d)
Start importing Assets/UnityXRContent/ARFoundation/SimulationEnvironments/Bedroom/Prefab/Bed_King_BR002.prefab using Guid(4e500d68f40e05e46b84576af3dab28a) Importer(2089858483,b0f066a214c2f5e87bad3c948f4d605d) (ScriptedImporter) -> (artifact id: 'b9462b2a00d8a4a8316beff96d03e711') in 0.011255 seconds
Number of updated asset objects reloaded before import = 0Number of asset objects unloaded after import = 36

========================================================================
Received Import Request.
  Time since last request: 0.000027 seconds.
  path: Assets/UnityXRContent/ARFoundation/SimulationEnvironments/Office/Models/Storage_27in_OF002.fbx
  artifactKey: Guid(4f712cfdfbf715e4fbd42bc064858ffe) Importer(2089858483,b0f066a214c2f5e87bad3c948f4d605d)
Start importing Assets/UnityXRContent/ARFoundation/SimulationEnvironments/Office/Models/Storage_27in_OF002.fbx using Guid(4f712cfdfbf715e4fbd42bc064858ffe) Importer(2089858483,b0f066a214c2f5e87bad3c948f4d605d) (ScriptedImporter) -> (artifact id: 'fcee2c75c7a18a9fe8e22022306db769') in 0.0105236 seconds
Number of updated asset objects reloaded before import = 0Number of asset objects unloaded after import = 7

========================================================================
Received Import Request.
  Time since last request: 0.000026 seconds.
  path: Assets/UnityXRContent/ARFoundation/SimulationEnvironments/LivingRoom/Prefab/Chair_29in_LR001.prefab
  artifactKey: Guid(97fb8f12365826d4db178ae2da93dfe8) Importer(2089858483,b0f066a214c2f5e87bad3c948f4d605d)
Start importing Assets/UnityXRContent/ARFoundation/SimulationEnvironments/LivingRoom/Prefab/Chair_29in_LR001.prefab using Guid(97fb8f12365826d4db178ae2da93dfe8) Importer(2089858483,b0f066a214c2f5e87bad3c948f4d605d) (ScriptedImporter) -> (artifact id: '8ea2ff477c219a75f300cead3ea2c651') in 0.0099986 seconds
Number of updated asset objects reloaded before import = 0Number of asset objects unloaded after import = 28

========================================================================
Received Import Request.
  Time since last request: 0.000034 seconds.
  path: Assets/UnityXRContent/ARFoundation/SimulationEnvironments/DiningRoom/Prefab/Custom/Houseplant_7.5ft_LR001.prefab
  artifactKey: Guid(d8e878036ba1cea4991a1b6fcbd0cea1) Importer(2089858483,b0f066a214c2f5e87bad3c948f4d605d)
Start importing Assets/UnityXRContent/ARFoundation/SimulationEnvironments/DiningRoom/Prefab/Custom/Houseplant_7.5ft_LR001.prefab using Guid(d8e878036ba1cea4991a1b6fcbd0cea1) Importer(2089858483,b0f066a214c2f5e87bad3c948f4d605d) (ScriptedImporter) -> (artifact id: '7c68be8e2d4ef23f2f735d363b5f068b') in 0.0115702 seconds
Number of updated asset objects reloaded before import = 0Number of asset objects unloaded after import = 22

========================================================================
Received Import Request.
  Time since last request: 0.000021 seconds.
  path: Assets/UnityXRContent/ARFoundation/SimulationEnvironments/Museum/Museum_69ftx48ft.prefab
  artifactKey: Guid(72b373b61fe7eba41b5a3ba25e3db9be) Importer(2089858483,b0f066a214c2f5e87bad3c948f4d605d)
Start importing Assets/UnityXRContent/ARFoundation/SimulationEnvironments/Museum/Museum_69ftx48ft.prefab using Guid(72b373b61fe7eba41b5a3ba25e3db9be) Importer(2089858483,b0f066a214c2f5e87bad3c948f4d605d) (ScriptedImporter) -> (artifact id: '47adfd44a1404d64c1626a1dafd7671c') in 0.0353288 seconds
Number of updated asset objects reloaded before import = 0Number of asset objects unloaded after import = 489

========================================================================
Received Import Request.
  Time since last request: 0.000022 seconds.
  path: Assets/UnityXRContent/ARFoundation/SimulationEnvironments/LivingRoom/Prefab/Chair_32in_LR002.prefab
  artifactKey: Guid(f12096d18c512af4f96c08543530a3bf) Importer(2089858483,b0f066a214c2f5e87bad3c948f4d605d)
Start importing Assets/UnityXRContent/ARFoundation/SimulationEnvironments/LivingRoom/Prefab/Chair_32in_LR002.prefab using Guid(f12096d18c512af4f96c08543530a3bf) Importer(2089858483,b0f066a214c2f5e87bad3c948f4d605d) (ScriptedImporter) -> (artifact id: 'b544a010cce4d24d30e8253e867194fc') in 0.0129348 seconds
Number of updated asset objects reloaded before import = 0Number of asset objects unloaded after import = 17

========================================================================
Received Import Request.
  Time since last request: 0.000029 seconds.
  path: Assets/UnityXRContent/ARFoundation/SimulationEnvironments/LivingRoom/Prefab/Environment_17.5ftx16.5ft_LR001.prefab
  artifactKey: Guid(8cbb36f7dc0d6bb4081f5c39fd5a27f0) Importer(2089858483,b0f066a214c2f5e87bad3c948f4d605d)
Start importing Assets/UnityXRContent/ARFoundation/SimulationEnvironments/LivingRoom/Prefab/Environment_17.5ftx16.5ft_LR001.prefab using Guid(8cbb36f7dc0d6bb4081f5c39fd5a27f0) Importer(2089858483,b0f066a214c2f5e87bad3c948f4d605d) (ScriptedImporter) -> (artifact id: 'c2f5f5a710d5574db30f61629841b3c1') in 0.0083284 seconds
Number of updated asset objects reloaded before import = 0Number of asset objects unloaded after import = 77

========================================================================
Received Import Request.
  Time since last request: 0.000036 seconds.
  path: Assets/UnityXRContent/ARFoundation/SimulationEnvironments/Park/Prefab/Custom
  artifactKey: Guid(e3c898effe833434fbb90fc8bf7760c7) Importer(2089858483,b0f066a214c2f5e87bad3c948f4d605d)
Start importing Assets/UnityXRContent/ARFoundation/SimulationEnvironments/Park/Prefab/Custom using Guid(e3c898effe833434fbb90fc8bf7760c7) Importer(2089858483,b0f066a214c2f5e87bad3c948f4d605d) (ScriptedImporter) -> (artifact id: 'd89751853b89a25c65b01fe3811f1b69') in 0.0065332 seconds
Number of updated asset objects reloaded before import = 0Number of asset objects unloaded after import = 1

========================================================================
Received Import Request.
  Time since last request: 0.000018 seconds.
  path: Assets/UnityXRContent/ARFoundation/SimulationEnvironments/Factory/Models/Cardboard_B_FY001.fbx
  artifactKey: Guid(b88ae2a8164de784b8066301421edce3) Importer(2089858483,b0f066a214c2f5e87bad3c948f4d605d)
Start importing Assets/UnityXRContent/ARFoundation/SimulationEnvironments/Factory/Models/Cardboard_B_FY001.fbx using Guid(b88ae2a8164de784b8066301421edce3) Importer(2089858483,b0f066a214c2f5e87bad3c948f4d605d) (ScriptedImporter) -> (artifact id: '91b3a1fab1553007a43830af6438240e') in 0.0102627 seconds
Number of updated asset objects reloaded before import = 0Number of asset objects unloaded after import = 7

========================================================================
Received Import Request.
  Time since last request: 0.000019 seconds.
  path: Assets/UnityXRContent/ARFoundation/SimulationEnvironments/Bedroom/Models/Bed_King_BR003.fbx
  artifactKey: Guid(3dd8478c94695ed41a2e602b9e2612d6) Importer(2089858483,b0f066a214c2f5e87bad3c948f4d605d)
Start importing Assets/UnityXRContent/ARFoundation/SimulationEnvironments/Bedroom/Models/Bed_King_BR003.fbx using Guid(3dd8478c94695ed41a2e602b9e2612d6) Importer(2089858483,b0f066a214c2f5e87bad3c948f4d605d) (ScriptedImporter) -> (artifact id: '9d42519b6420f5465b8de384a7361d6c') in 0.0136532 seconds
Number of updated asset objects reloaded before import = 0Number of asset objects unloaded after import = 19

========================================================================
Received Import Request.
  Time since last request: 0.000021 seconds.
  path: Assets/UnityXRContent/ARFoundation/SimulationEnvironments/Museum/Models/ApolloCommand_MM001.fbx
  artifactKey: Guid(5109e1990cb985f45a88b94b966b835d) Importer(2089858483,b0f066a214c2f5e87bad3c948f4d605d)
Start importing Assets/UnityXRContent/ARFoundation/SimulationEnvironments/Museum/Models/ApolloCommand_MM001.fbx using Guid(5109e1990cb985f45a88b94b966b835d) Importer(2089858483,b0f066a214c2f5e87bad3c948f4d605d) (ScriptedImporter) -> (artifact id: '2b6d0244108b04870254d68f8468e8de') in 0.0116026 seconds
Number of updated asset objects reloaded before import = 0Number of asset objects unloaded after import = 7

========================================================================
Received Import Request.
  Time since last request: 0.000023 seconds.
  path: Assets/UnityXRContent/ARFoundation/SimulationEnvironments/Billboard/Models/Building_5s_BB001.fbx
  artifactKey: Guid(fda4aaf839f022f4b8b5085fc07b93ae) Importer(2089858483,b0f066a214c2f5e87bad3c948f4d605d)
Start importing Assets/UnityXRContent/ARFoundation/SimulationEnvironments/Billboard/Models/Building_5s_BB001.fbx using Guid(fda4aaf839f022f4b8b5085fc07b93ae) Importer(2089858483,b0f066a214c2f5e87bad3c948f4d605d) (ScriptedImporter) -> (artifact id: 'a5aaf4dc068398a9640865e413bb340b') in 0.0152771 seconds
Number of updated asset objects reloaded before import = 0Number of asset objects unloaded after import = 49

========================================================================
Received Import Request.
  Time since last request: 0.000031 seconds.
  path: Assets/UnityXRContent/ARFoundation/SimulationEnvironments/Bedroom/Prefab/Mirror_76in_BR001.prefab
  artifactKey: Guid(8402f7fea98fbf940888644c4a7cba21) Importer(2089858483,b0f066a214c2f5e87bad3c948f4d605d)
Start importing Assets/UnityXRContent/ARFoundation/SimulationEnvironments/Bedroom/Prefab/Mirror_76in_BR001.prefab using Guid(8402f7fea98fbf940888644c4a7cba21) Importer(2089858483,b0f066a214c2f5e87bad3c948f4d605d) (ScriptedImporter) -> (artifact id: 'aabc5e1e77ff1cddbb68225d420746ee') in 0.0147886 seconds
Number of updated asset objects reloaded before import = 0Number of asset objects unloaded after import = 15

========================================================================
Received Import Request.
  Time since last request: 0.000018 seconds.
  path: Assets/UnityXRContent/ARFoundation/SimulationEnvironments/Factory/Models/Cardboard_A_FY001.fbx
  artifactKey: Guid(ad7b483ad8f1d314e994a71ba877c5e1) Importer(2089858483,b0f066a214c2f5e87bad3c948f4d605d)
Start importing Assets/UnityXRContent/ARFoundation/SimulationEnvironments/Factory/Models/Cardboard_A_FY001.fbx using Guid(ad7b483ad8f1d314e994a71ba877c5e1) Importer(2089858483,b0f066a214c2f5e87bad3c948f4d605d) (ScriptedImporter) -> (artifact id: 'b326ad367d627181f6023fbf6b60bac0') in 0.0105529 seconds
Number of updated asset objects reloaded before import = 0Number of asset objects unloaded after import = 7

========================================================================
Received Import Request.
  Time since last request: 0.000024 seconds.
  path: Assets/UnityXRContent/ARFoundation/SimulationEnvironments/Backyard/Prefab/Flagstone_3in_BY003.prefab
  artifactKey: Guid(d7c9641f1c25f0d48b12bcea9533b258) Importer(2089858483,b0f066a214c2f5e87bad3c948f4d605d)
Start importing Assets/UnityXRContent/ARFoundation/SimulationEnvironments/Backyard/Prefab/Flagstone_3in_BY003.prefab using Guid(d7c9641f1c25f0d48b12bcea9533b258) Importer(2089858483,b0f066a214c2f5e87bad3c948f4d605d) (ScriptedImporter) -> (artifact id: '55722229fa2252976093fc78a74cc028') in 0.0111422 seconds
Number of updated asset objects reloaded before import = 0Number of asset objects unloaded after import = 15

========================================================================
Received Import Request.
  Time since last request: 0.000024 seconds.
  path: Assets/UnityXRContent/ARFoundation/SimulationEnvironments/DiningRoom/Models/Table_72in_DR001.fbx
  artifactKey: Guid(4b078e6cd276ed048bbe4420b81c226e) Importer(2089858483,b0f066a214c2f5e87bad3c948f4d605d)
Start importing Assets/UnityXRContent/ARFoundation/SimulationEnvironments/DiningRoom/Models/Table_72in_DR001.fbx using Guid(4b078e6cd276ed048bbe4420b81c226e) Importer(2089858483,b0f066a214c2f5e87bad3c948f4d605d) (ScriptedImporter) -> (artifact id: '3b5e8d69a00740d69c056a29656fcc2c') in 0.0138041 seconds
Number of updated asset objects reloaded before import = 0Number of asset objects unloaded after import = 7

========================================================================
Received Import Request.
  Time since last request: 0.000032 seconds.
  path: Assets/UnityXRContent/ARFoundation/SimulationEnvironments/Backyard/Prefab/Loveseat_Patio_49in_BY001.prefab
  artifactKey: Guid(ba2495c8b3c105c419f1d357e88a5cf2) Importer(2089858483,b0f066a214c2f5e87bad3c948f4d605d)
Start importing Assets/UnityXRContent/ARFoundation/SimulationEnvironments/Backyard/Prefab/Loveseat_Patio_49in_BY001.prefab using Guid(ba2495c8b3c105c419f1d357e88a5cf2) Importer(2089858483,b0f066a214c2f5e87bad3c948f4d605d) (ScriptedImporter) -> (artifact id: '8aaaf8745e3ee61073d3638cc7ad5619') in 0.0079518 seconds
Number of updated asset objects reloaded before import = 0Number of asset objects unloaded after import = 37

========================================================================
Received Import Request.
  Time since last request: 0.000020 seconds.
  path: Assets/UnityXRContent/Common/ReferenceShapes/Models/Cone.fbx
  artifactKey: Guid(6c4a1029f4b904a46b1a5f66d8bd2397) Importer(2089858483,b0f066a214c2f5e87bad3c948f4d605d)
Start importing Assets/UnityXRContent/Common/ReferenceShapes/Models/Cone.fbx using Guid(6c4a1029f4b904a46b1a5f66d8bd2397) Importer(2089858483,b0f066a214c2f5e87bad3c948f4d605d) (ScriptedImporter) -> (artifact id: '927e4543dc7e5945e0100a8b926c4ccd') in 0.012487 seconds
Number of updated asset objects reloaded before import = 0Number of asset objects unloaded after import = 7

========================================================================
Received Import Request.
  Time since last request: 0.000020 seconds.
  path: Assets/UnityXRContent/ARFoundation/SimulationEnvironments/LivingRoom/Models/Loveseat_66in_LR001.fbx
  artifactKey: Guid(94299a38232ee424a81bbf74248edb8c) Importer(2089858483,b0f066a214c2f5e87bad3c948f4d605d)
Start importing Assets/UnityXRContent/ARFoundation/SimulationEnvironments/LivingRoom/Models/Loveseat_66in_LR001.fbx using Guid(94299a38232ee424a81bbf74248edb8c) Importer(2089858483,b0f066a214c2f5e87bad3c948f4d605d) (ScriptedImporter) -> (artifact id: '7c0603a091457458b6640d99d546f653') in 0.0104425 seconds
Number of updated asset objects reloaded before import = 0Number of asset objects unloaded after import = 19

========================================================================
Received Import Request.
  Time since last request: 0.000022 seconds.
  path: Assets/UnityXRContent/ARFoundation/SimulationEnvironments/Billboard/Billboard_City.prefab
  artifactKey: Guid(8c71a9ffdca5eec49bd5a1a37f2fdaf8) Importer(2089858483,b0f066a214c2f5e87bad3c948f4d605d)
Start importing Assets/UnityXRContent/ARFoundation/SimulationEnvironments/Billboard/Billboard_City.prefab using Guid(8c71a9ffdca5eec49bd5a1a37f2fdaf8) Importer(2089858483,b0f066a214c2f5e87bad3c948f4d605d) (ScriptedImporter) -> (artifact id: '979d9d63a7242ced4bc199680a689a3b') in 0.0599654 seconds
Number of updated asset objects reloaded before import = 0Number of asset objects unloaded after import = 1407

========================================================================
Received Import Request.
  Time since last request: 0.000036 seconds.
  path: Assets/UnityXRContent/ARFoundation/SimulationEnvironments/Common/Models/Container_21in_CN001.fbx
  artifactKey: Guid(6f557811bd88ab141b958becbf869925) Importer(2089858483,b0f066a214c2f5e87bad3c948f4d605d)
Start importing Assets/UnityXRContent/ARFoundation/SimulationEnvironments/Common/Models/Container_21in_CN001.fbx using Guid(6f557811bd88ab141b958becbf869925) Importer(2089858483,b0f066a214c2f5e87bad3c948f4d605d) (ScriptedImporter) -> (artifact id: 'b46995118d09ba4628670b24b345a607') in 0.0095261 seconds
Number of updated asset objects reloaded before import = 0Number of asset objects unloaded after import = 7

========================================================================
Received Import Request.
  Time since last request: 0.000022 seconds.
  path: Assets/UnityXRContent/ARFoundation/SimulationEnvironments/Office/Models/FileCabinet_29in_OF001.fbx
  artifactKey: Guid(856110bde317536498df7d4ef5c5a020) Importer(2089858483,b0f066a214c2f5e87bad3c948f4d605d)
Start importing Assets/UnityXRContent/ARFoundation/SimulationEnvironments/Office/Models/FileCabinet_29in_OF001.fbx using Guid(856110bde317536498df7d4ef5c5a020) Importer(2089858483,b0f066a214c2f5e87bad3c948f4d605d) (ScriptedImporter) -> (artifact id: '73c9de1997bdc8eee4d21341dec57faa') in 0.0142515 seconds
Number of updated asset objects reloaded before import = 0Number of asset objects unloaded after import = 7

========================================================================
Received Import Request.
  Time since last request: 0.000025 seconds.
  path: Assets/UnityXRContent/ARFoundation/SimulationEnvironments/Backyard/Models/Chair_Patio_34in_BY001.fbx
  artifactKey: Guid(ab61084aca18ff942a67494ccb321b30) Importer(2089858483,b0f066a214c2f5e87bad3c948f4d605d)
Start importing Assets/UnityXRContent/ARFoundation/SimulationEnvironments/Backyard/Models/Chair_Patio_34in_BY001.fbx using Guid(ab61084aca18ff942a67494ccb321b30) Importer(2089858483,b0f066a214c2f5e87bad3c948f4d605d) (ScriptedImporter) -> (artifact id: '1ca6ff071db613c3689fc992a004e1be') in 0.0134817 seconds
Number of updated asset objects reloaded before import = 0Number of asset objects unloaded after import = 14

========================================================================
Received Import Request.
  Time since last request: 0.000030 seconds.
  path: Assets/UnityXRContent/Common/ReferenceShapes/Materials/StandardWhite.mat
  artifactKey: Guid(0eb178726a333144f88522a378d77447) Importer(2089858483,b0f066a214c2f5e87bad3c948f4d605d)
Start importing Assets/UnityXRContent/Common/ReferenceShapes/Materials/StandardWhite.mat using Guid(0eb178726a333144f88522a378d77447) Importer(2089858483,b0f066a214c2f5e87bad3c948f4d605d) (ScriptedImporter) -> (artifact id: 'cb545e96cd1b143234d1702a1dde8c31') in 0.0441881 seconds
Number of updated asset objects reloaded before import = 0Number of asset objects unloaded after import = 1

========================================================================
Received Import Request.
  Time since last request: 0.000034 seconds.
  path: Assets/UnityXRContent/ARFoundation/SimulationEnvironments/Factory/Models/Handtruck_FY001.fbx
  artifactKey: Guid(59d160f7884a13444b4fb00edd4b9aa6) Importer(2089858483,b0f066a214c2f5e87bad3c948f4d605d)
Start importing Assets/UnityXRContent/ARFoundation/SimulationEnvironments/Factory/Models/Handtruck_FY001.fbx using Guid(59d160f7884a13444b4fb00edd4b9aa6) Importer(2089858483,b0f066a214c2f5e87bad3c948f4d605d) (ScriptedImporter) -> (artifact id: 'e76e00e5be57a0d1290c064a9a283ecd') in 0.0109379 seconds
Number of updated asset objects reloaded before import = 0Number of asset objects unloaded after import = 7

========================================================================
Received Import Request.
  Time since last request: 0.000020 seconds.
  path: Assets/UnityXRContent/ARFoundation/SimulationEnvironments/Billboard/Models/Building_Door_BB002.fbx
  artifactKey: Guid(dd81fae8688a93b46b5906129a91cb95) Importer(2089858483,b0f066a214c2f5e87bad3c948f4d605d)
Start importing Assets/UnityXRContent/ARFoundation/SimulationEnvironments/Billboard/Models/Building_Door_BB002.fbx using Guid(dd81fae8688a93b46b5906129a91cb95) Importer(2089858483,b0f066a214c2f5e87bad3c948f4d605d) (ScriptedImporter) -> (artifact id: 'f93abb75e07df912cfe12eb27c1a7586') in 0.0119255 seconds
Number of updated asset objects reloaded before import = 0Number of asset objects unloaded after import = 7

========================================================================
Received Import Request.
  Time since last request: 0.000020 seconds.
  path: Assets/UnityXRContent/ARFoundation/SimulationEnvironments/Bedroom/Prefab/Bed_Queen_BR006.prefab
  artifactKey: Guid(276abbf1932d7984f8ea9bad386f568b) Importer(2089858483,b0f066a214c2f5e87bad3c948f4d605d)
Start importing Assets/UnityXRContent/ARFoundation/SimulationEnvironments/Bedroom/Prefab/Bed_Queen_BR006.prefab using Guid(276abbf1932d7984f8ea9bad386f568b) Importer(2089858483,b0f066a214c2f5e87bad3c948f4d605d) (ScriptedImporter) -> (artifact id: 'c1c9a652e2ccf5fa021d6bf931e34d33') in 0.0067498 seconds
Number of updated asset objects reloaded before import = 0Number of asset objects unloaded after import = 35

========================================================================
Received Import Request.
  Time since last request: 2.561152 seconds.
  path: Assets/UnityXRContent/ARFoundation/SimulationEnvironments/Common/Models/Box_Open_12in_CN001.fbx
  artifactKey: Guid(6556a989a90a39648bfab7d77f381f88) Importer(2089858483,b0f066a214c2f5e87bad3c948f4d605d)
Start importing Assets/UnityXRContent/ARFoundation/SimulationEnvironments/Common/Models/Box_Open_12in_CN001.fbx using Guid(6556a989a90a39648bfab7d77f381f88) Importer(2089858483,b0f066a214c2f5e87bad3c948f4d605d) (ScriptedImporter) -> (artifact id: '552e6bd66d0d78e35306965b27938822') in 0.0333356 seconds
Number of updated asset objects reloaded before import = 0Number of asset objects unloaded after import = 7

========================================================================
Received Import Request.
  Time since last request: 0.000018 seconds.
  path: Assets/UnityXRContent/ARFoundation/SimulationEnvironments/Bedroom/Models/CeilingFan_52in_BR001.fbx
  artifactKey: Guid(dc6a6c08066ebdf4a848547b5d9203dd) Importer(2089858483,b0f066a214c2f5e87bad3c948f4d605d)
Start importing Assets/UnityXRContent/ARFoundation/SimulationEnvironments/Bedroom/Models/CeilingFan_52in_BR001.fbx using Guid(dc6a6c08066ebdf4a848547b5d9203dd) Importer(2089858483,b0f066a214c2f5e87bad3c948f4d605d) (ScriptedImporter) -> (artifact id: '8d8b300799bf72df8bc56a8f71a3d891') in 0.0123788 seconds
Number of updated asset objects reloaded before import = 0Number of asset objects unloaded after import = 22

========================================================================
Received Import Request.
  Time since last request: 0.000023 seconds.
  path: Assets/UnityXRContent/ARFoundation/SimulationEnvironments/DiningRoom/Models/Table_95in_DR001.fbx
  artifactKey: Guid(aafb5b8d51c204d46897a2b71081174c) Importer(2089858483,b0f066a214c2f5e87bad3c948f4d605d)
Start importing Assets/UnityXRContent/ARFoundation/SimulationEnvironments/DiningRoom/Models/Table_95in_DR001.fbx using Guid(aafb5b8d51c204d46897a2b71081174c) Importer(2089858483,b0f066a214c2f5e87bad3c948f4d605d) (ScriptedImporter) -> (artifact id: '8fe7d0594cab3376905ceee854389502') in 0.0110694 seconds
Number of updated asset objects reloaded before import = 0Number of asset objects unloaded after import = 7

========================================================================
Received Import Request.
  Time since last request: 0.000034 seconds.
  path: Assets/UnityXRContent/Common/ReferenceObjects/Models/XRController_RT_SD001.fbx
  artifactKey: Guid(f9d05060be655764582dbbcfdc9a2dc1) Importer(2089858483,b0f066a214c2f5e87bad3c948f4d605d)
Start importing Assets/UnityXRContent/Common/ReferenceObjects/Models/XRController_RT_SD001.fbx using Guid(f9d05060be655764582dbbcfdc9a2dc1) Importer(2089858483,b0f066a214c2f5e87bad3c948f4d605d) (ScriptedImporter) -> (artifact id: '1df763d0678238bdc5c44b24ae8597d0') in 0.0155335 seconds
Number of updated asset objects reloaded before import = 0Number of asset objects unloaded after import = 51

========================================================================
Received Import Request.
  Time since last request: 0.000022 seconds.
  path: Assets/UnityXRContent/ARFoundation/SimulationEnvironments/LivingRoom/Models/Mirror_48in_LR001.fbx
  artifactKey: Guid(799d9d6f3173ae24aaafab9b0becd8e2) Importer(2089858483,b0f066a214c2f5e87bad3c948f4d605d)
Start importing Assets/UnityXRContent/ARFoundation/SimulationEnvironments/LivingRoom/Models/Mirror_48in_LR001.fbx using Guid(799d9d6f3173ae24aaafab9b0becd8e2) Importer(2089858483,b0f066a214c2f5e87bad3c948f4d605d) (ScriptedImporter) -> (artifact id: '0054b37ddcab50e520e0ce02ef2fa87f') in 0.0100024 seconds
Number of updated asset objects reloaded before import = 0Number of asset objects unloaded after import = 7

========================================================================
Received Import Request.
  Time since last request: 0.000018 seconds.
  path: Assets/UnityXRContent/ARFoundation/SimulationEnvironments/Kitchen/Prefab/ShotGlass_KN001.prefab
  artifactKey: Guid(a1432c2ad4c170d4282ad8421ff4e6c8) Importer(2089858483,b0f066a214c2f5e87bad3c948f4d605d)
Start importing Assets/UnityXRContent/ARFoundation/SimulationEnvironments/Kitchen/Prefab/ShotGlass_KN001.prefab using Guid(a1432c2ad4c170d4282ad8421ff4e6c8) Importer(2089858483,b0f066a214c2f5e87bad3c948f4d605d) (ScriptedImporter) -> (artifact id: '0ca479ab26e15c8a945a19e08efcaa84') in 0.0116595 seconds
Number of updated asset objects reloaded before import = 0Number of asset objects unloaded after import = 15

========================================================================
Received Import Request.
  Time since last request: 0.000020 seconds.
  path: Assets/UnityXRContent/ARFoundation/SimulationEnvironments/Factory/Prefab/Power_Cutter_FY001.prefab
  artifactKey: Guid(6a5bf92d3422ac040bceb9ea6b17d45b) Importer(2089858483,b0f066a214c2f5e87bad3c948f4d605d)
Start importing Assets/UnityXRContent/ARFoundation/SimulationEnvironments/Factory/Prefab/Power_Cutter_FY001.prefab using Guid(6a5bf92d3422ac040bceb9ea6b17d45b) Importer(2089858483,b0f066a214c2f5e87bad3c948f4d605d) (ScriptedImporter) -> (artifact id: 'fa76f4e5858958a6c4da779522c3ebe6') in 0.0113371 seconds
Number of updated asset objects reloaded before import = 0Number of asset objects unloaded after import = 15

========================================================================
Received Import Request.
  Time since last request: 0.000027 seconds.
  path: Assets/UnityXRContent/ARFoundation/SimulationEnvironments/Backyard/Models/Flagstone_3in_BY002.fbx
  artifactKey: Guid(edf2d40583999b34c8b452fffd98b8fd) Importer(2089858483,b0f066a214c2f5e87bad3c948f4d605d)
Start importing Assets/UnityXRContent/ARFoundation/SimulationEnvironments/Backyard/Models/Flagstone_3in_BY002.fbx using Guid(edf2d40583999b34c8b452fffd98b8fd) Importer(2089858483,b0f066a214c2f5e87bad3c948f4d605d) (ScriptedImporter) -> (artifact id: '5ba79a77a21bfba95aaa8a5bdb748344') in 0.0143929 seconds
Number of updated asset objects reloaded before import = 0Number of asset objects unloaded after import = 7

========================================================================
Received Import Request.
  Time since last request: 0.000034 seconds.
  path: Assets/UnityXRContent/ARFoundation/SimulationEnvironments/LivingRoom/Prefab/Shelf_48in_LR001.prefab
  artifactKey: Guid(4d01a5ca317523b43a1c92ed2f3f7c86) Importer(2089858483,b0f066a214c2f5e87bad3c948f4d605d)
Start importing Assets/UnityXRContent/ARFoundation/SimulationEnvironments/LivingRoom/Prefab/Shelf_48in_LR001.prefab using Guid(4d01a5ca317523b43a1c92ed2f3f7c86) Importer(2089858483,b0f066a214c2f5e87bad3c948f4d605d) (ScriptedImporter) -> (artifact id: 'c1fff93be8658528e93b2477fcfec5af') in 0.0124573 seconds
Number of updated asset objects reloaded before import = 0Number of asset objects unloaded after import = 15

========================================================================
Received Import Request.
  Time since last request: 0.000023 seconds.
  path: Assets/UnityXRContent/ARFoundation/SimulationEnvironments/LivingRoom/Prefab/Houseplant_7.5ft_LR001.prefab
  artifactKey: Guid(cbbad912a1796934aa9e5c21be9d12dc) Importer(2089858483,b0f066a214c2f5e87bad3c948f4d605d)
Start importing Assets/UnityXRContent/ARFoundation/SimulationEnvironments/LivingRoom/Prefab/Houseplant_7.5ft_LR001.prefab using Guid(cbbad912a1796934aa9e5c21be9d12dc) Importer(2089858483,b0f066a214c2f5e87bad3c948f4d605d) (ScriptedImporter) -> (artifact id: '872ebbf056e386f05b86bf0cec4bd699') in 0.0125951 seconds
Number of updated asset objects reloaded before import = 0Number of asset objects unloaded after import = 16

========================================================================
Received Import Request.
  Time since last request: 0.000021 seconds.
  path: Assets/UnityXRContent/ARFoundation/SimulationEnvironments/Backyard/Models/Fence_Wood_SlatsPost_BY002.fbx
  artifactKey: Guid(35603b459142fed4eaf158a45cc17c0e) Importer(2089858483,b0f066a214c2f5e87bad3c948f4d605d)
Start importing Assets/UnityXRContent/ARFoundation/SimulationEnvironments/Backyard/Models/Fence_Wood_SlatsPost_BY002.fbx using Guid(35603b459142fed4eaf158a45cc17c0e) Importer(2089858483,b0f066a214c2f5e87bad3c948f4d605d) (ScriptedImporter) -> (artifact id: 'f2ab39fd09c820fadff3ec4c1375f31f') in 0.0108336 seconds
Number of updated asset objects reloaded before import = 0Number of asset objects unloaded after import = 7

========================================================================
Received Import Request.
  Time since last request: 0.000025 seconds.
  path: Assets/UnityXRContent/ARFoundation/SimulationEnvironments/Bedroom/Models/Dresser_55in_BR001.fbx
  artifactKey: Guid(0414e3ad508c1a749a2de33c42fc949e) Importer(2089858483,b0f066a214c2f5e87bad3c948f4d605d)
Start importing Assets/UnityXRContent/ARFoundation/SimulationEnvironments/Bedroom/Models/Dresser_55in_BR001.fbx using Guid(0414e3ad508c1a749a2de33c42fc949e) Importer(2089858483,b0f066a214c2f5e87bad3c948f4d605d) (ScriptedImporter) -> (artifact id: 'f831612d59aafbf2d7c345968cb25833') in 0.0105636 seconds
Number of updated asset objects reloaded before import = 0Number of asset objects unloaded after import = 7

========================================================================
Received Import Request.
  Time since last request: 0.000034 seconds.
  path: Assets/UnityXRContent/Common/ReferenceObjects/Models/HeadBase_SD001.fbx
  artifactKey: Guid(b3c0df4c7abc0d44d9df8ae91865f677) Importer(2089858483,b0f066a214c2f5e87bad3c948f4d605d)
Start importing Assets/UnityXRContent/Common/ReferenceObjects/Models/HeadBase_SD001.fbx using Guid(b3c0df4c7abc0d44d9df8ae91865f677) Importer(2089858483,b0f066a214c2f5e87bad3c948f4d605d) (ScriptedImporter) -> (artifact id: 'af7e7b1fa595b6036e10a2991d96079a') in 0.013958 seconds
Number of updated asset objects reloaded before import = 0Number of asset objects unloaded after import = 9

========================================================================
Received Import Request.
  Time since last request: 0.000019 seconds.
  path: Assets/UnityXRContent/ARFoundation/SimulationEnvironments/Billboard/Prefab/Billboard_20ftx50ft_BB001.prefab
  artifactKey: Guid(4a59aa25bb77e934eabb8a5ea0ee93be) Importer(2089858483,b0f066a214c2f5e87bad3c948f4d605d)
Start importing Assets/UnityXRContent/ARFoundation/SimulationEnvironments/Billboard/Prefab/Billboard_20ftx50ft_BB001.prefab using Guid(4a59aa25bb77e934eabb8a5ea0ee93be) Importer(2089858483,b0f066a214c2f5e87bad3c948f4d605d) (ScriptedImporter) -> (artifact id: 'b27e700209dfeb533c99c3d902a9b4e6') in 0.0115883 seconds
Number of updated asset objects reloaded before import = 0Number of asset objects unloaded after import = 16

========================================================================
Received Import Request.
  Time since last request: 0.000051 seconds.
  path: Assets/UnityXRContent/ARFoundation/SimulationEnvironments/Factory/Models/Pylon_FY001.fbx
  artifactKey: Guid(401edf5dda5d82147a3629baca1ed64e) Importer(2089858483,b0f066a214c2f5e87bad3c948f4d605d)
Start importing Assets/UnityXRContent/ARFoundation/SimulationEnvironments/Factory/Models/Pylon_FY001.fbx using Guid(401edf5dda5d82147a3629baca1ed64e) Importer(2089858483,b0f066a214c2f5e87bad3c948f4d605d) (ScriptedImporter) -> (artifact id: '9c160ee7cae5584d5f3b0bfbf859c52d') in 0.0102831 seconds
Number of updated asset objects reloaded before import = 0Number of asset objects unloaded after import = 7

========================================================================
Received Import Request.
  Time since last request: 0.000023 seconds.
  path: Assets/UnityXRContent/ARFoundation/SimulationEnvironments/Kitchen/Prefab/CabinetLower_Backsplash_30Wx24Dx36H_Sink_KN001a.prefab
  artifactKey: Guid(e7bf5ef7fbcbb6b49a5330dc472c07bd) Importer(2089858483,b0f066a214c2f5e87bad3c948f4d605d)
Start importing Assets/UnityXRContent/ARFoundation/SimulationEnvironments/Kitchen/Prefab/CabinetLower_Backsplash_30Wx24Dx36H_Sink_KN001a.prefab using Guid(e7bf5ef7fbcbb6b49a5330dc472c07bd) Importer(2089858483,b0f066a214c2f5e87bad3c948f4d605d) (ScriptedImporter) -> (artifact id: '9fdb5e8fa00245263de3e34c8f105936') in 0.0127431 seconds
Number of updated asset objects reloaded before import = 0Number of asset objects unloaded after import = 60

========================================================================
Received Import Request.
  Time since last request: 0.000032 seconds.
  path: Assets/UnityXRContent/ARFoundation/SimulationEnvironments/Office/Prefab/PC_OF001.prefab
  artifactKey: Guid(344efc02dbbf7ae4398c352a035bb4bd) Importer(2089858483,b0f066a214c2f5e87bad3c948f4d605d)
Start importing Assets/UnityXRContent/ARFoundation/SimulationEnvironments/Office/Prefab/PC_OF001.prefab using Guid(344efc02dbbf7ae4398c352a035bb4bd) Importer(2089858483,b0f066a214c2f5e87bad3c948f4d605d) (ScriptedImporter) -> (artifact id: '64af66f16d91636ccb6c74fdde6a1d56') in 0.0068232 seconds
Number of updated asset objects reloaded before import = 0Number of asset objects unloaded after import = 63

========================================================================
Received Import Request.
  Time since last request: 0.000020 seconds.
  path: Assets/UnityXRContent/ARFoundation/SimulationEnvironments/Factory/Prefab/Camera_Stand_7ft_FY001.prefab
  artifactKey: Guid(fd90616f3a98f744a87cd9cd1e25cd62) Importer(2089858483,b0f066a214c2f5e87bad3c948f4d605d)
Start importing Assets/UnityXRContent/ARFoundation/SimulationEnvironments/Factory/Prefab/Camera_Stand_7ft_FY001.prefab using Guid(fd90616f3a98f744a87cd9cd1e25cd62) Importer(2089858483,b0f066a214c2f5e87bad3c948f4d605d) (ScriptedImporter) -> (artifact id: '61636cf215d649b130700a2bcb6b4471') in 0.0109055 seconds
Number of updated asset objects reloaded before import = 0Number of asset objects unloaded after import = 33

========================================================================
Received Import Request.
  Time since last request: 0.000024 seconds.
  path: Assets/UnityXRContent/ARFoundation/SimulationEnvironments/Factory/Prefab/VentilatorFan_Curved_FY001.prefab
  artifactKey: Guid(401450553762f234889989d9f1d3eefa) Importer(2089858483,b0f066a214c2f5e87bad3c948f4d605d)
Start importing Assets/UnityXRContent/ARFoundation/SimulationEnvironments/Factory/Prefab/VentilatorFan_Curved_FY001.prefab using Guid(401450553762f234889989d9f1d3eefa) Importer(2089858483,b0f066a214c2f5e87bad3c948f4d605d) (ScriptedImporter) -> (artifact id: '4cc5b8f7701932c0003aa8b2d7c9c787') in 0.0146947 seconds
Number of updated asset objects reloaded before import = 0Number of asset objects unloaded after import = 15

========================================================================
Received Import Request.
  Time since last request: 0.000023 seconds.
  path: Assets/UnityXRContent/ARFoundation/SimulationEnvironments/LivingRoom/Models/CoffeeTable_60in_LR001.fbx
  artifactKey: Guid(6ec33f563df33a84287da0fb5bf1e720) Importer(2089858483,b0f066a214c2f5e87bad3c948f4d605d)
Start importing Assets/UnityXRContent/ARFoundation/SimulationEnvironments/LivingRoom/Models/CoffeeTable_60in_LR001.fbx using Guid(6ec33f563df33a84287da0fb5bf1e720) Importer(2089858483,b0f066a214c2f5e87bad3c948f4d605d) (ScriptedImporter) -> (artifact id: '88fc8d4e5180f651556b8a99bee24d93') in 0.0131804 seconds
Number of updated asset objects reloaded before import = 0Number of asset objects unloaded after import = 7

========================================================================
Received Import Request.
  Time since last request: 0.000038 seconds.
  path: Assets/UnityXRContent/ARFoundation/SimulationEnvironments/Kitchen/Models/Environment_13ftx9ft_KN001.fbx
  artifactKey: Guid(cc2f1ce6ecf1c7141bf473ed080e1aab) Importer(2089858483,b0f066a214c2f5e87bad3c948f4d605d)
Start importing Assets/UnityXRContent/ARFoundation/SimulationEnvironments/Kitchen/Models/Environment_13ftx9ft_KN001.fbx using Guid(cc2f1ce6ecf1c7141bf473ed080e1aab) Importer(2089858483,b0f066a214c2f5e87bad3c948f4d605d) (ScriptedImporter) -> (artifact id: '986619a5ac6dabdc05fdb891f6fdcf73') in 0.0134256 seconds
Number of updated asset objects reloaded before import = 0Number of asset objects unloaded after import = 29

========================================================================
Received Import Request.
  Time since last request: 0.000024 seconds.
  path: Assets/UnityXRContent/ARFoundation/SimulationEnvironments/Museum/Prefab/CubeSat_MM001.prefab
  artifactKey: Guid(1c5dde2078badf340b018cbda617e462) Importer(2089858483,b0f066a214c2f5e87bad3c948f4d605d)
Start importing Assets/UnityXRContent/ARFoundation/SimulationEnvironments/Museum/Prefab/CubeSat_MM001.prefab using Guid(1c5dde2078badf340b018cbda617e462) Importer(2089858483,b0f066a214c2f5e87bad3c948f4d605d) (ScriptedImporter) -> (artifact id: 'dc2065b4743c5ed986ec23e385776ccf') in 0.01586 seconds
Number of updated asset objects reloaded before import = 0Number of asset objects unloaded after import = 16

========================================================================
Received Import Request.
  Time since last request: 0.000024 seconds.
  path: Assets/UnityXRContent/ARFoundation/SimulationEnvironments/Bedroom/Models/Bed_Twin_BR004.fbx
  artifactKey: Guid(28b74afe0bc0b49409e263a2f06539de) Importer(2089858483,b0f066a214c2f5e87bad3c948f4d605d)
Start importing Assets/UnityXRContent/ARFoundation/SimulationEnvironments/Bedroom/Models/Bed_Twin_BR004.fbx using Guid(28b74afe0bc0b49409e263a2f06539de) Importer(2089858483,b0f066a214c2f5e87bad3c948f4d605d) (ScriptedImporter) -> (artifact id: '5815f3867305b20ff49bd6bd677fbc46') in 0.0116422 seconds
Number of updated asset objects reloaded before import = 0Number of asset objects unloaded after import = 14

========================================================================
Received Import Request.
  Time since last request: 0.000024 seconds.
  path: Assets/UnityXRContent/ARFoundation/SimulationEnvironments/Kitchen/Models/FryPan_8in_KN001.fbx
  artifactKey: Guid(6eb139288079374418586e63239db79c) Importer(2089858483,b0f066a214c2f5e87bad3c948f4d605d)
Start importing Assets/UnityXRContent/ARFoundation/SimulationEnvironments/Kitchen/Models/FryPan_8in_KN001.fbx using Guid(6eb139288079374418586e63239db79c) Importer(2089858483,b0f066a214c2f5e87bad3c948f4d605d) (ScriptedImporter) -> (artifact id: '756b04fab9be59a19bcde1f7ade51c95') in 0.015505 seconds
Number of updated asset objects reloaded before import = 0Number of asset objects unloaded after import = 7

========================================================================
Received Import Request.
  Time since last request: 0.000033 seconds.
  path: Assets/UnityXRContent/ARFoundation/SimulationEnvironments/Common/Models/FloorLamp_62in_CN001.fbx
  artifactKey: Guid(869097b870e66d04095fe6b042258bb5) Importer(2089858483,b0f066a214c2f5e87bad3c948f4d605d)
Start importing Assets/UnityXRContent/ARFoundation/SimulationEnvironments/Common/Models/FloorLamp_62in_CN001.fbx using Guid(869097b870e66d04095fe6b042258bb5) Importer(2089858483,b0f066a214c2f5e87bad3c948f4d605d) (ScriptedImporter) -> (artifact id: '85950382bd48c95ccdd7c79aa522cec3') in 0.0119027 seconds
Number of updated asset objects reloaded before import = 0Number of asset objects unloaded after import = 7

========================================================================
Received Import Request.
  Time since last request: 0.000018 seconds.
  path: Assets/UnityXRContent/ARFoundation/SimulationEnvironments/Kitchen/Kitchen_25ftx16ft.prefab
  artifactKey: Guid(11a7dc5051a1c634cbfd991fab58c55b) Importer(2089858483,b0f066a214c2f5e87bad3c948f4d605d)
Start importing Assets/UnityXRContent/ARFoundation/SimulationEnvironments/Kitchen/Kitchen_25ftx16ft.prefab using Guid(11a7dc5051a1c634cbfd991fab58c55b) Importer(2089858483,b0f066a214c2f5e87bad3c948f4d605d) (ScriptedImporter) -> (artifact id: '9a5c418b32c6cb8795f3d95fc6c690a4') in 0.0517839 seconds
Number of updated asset objects reloaded before import = 0Number of asset objects unloaded after import = 967

========================================================================
Received Import Request.
  Time since last request: 0.000023 seconds.
  path: Assets/UnityXRContent/ARFoundation/SimulationEnvironments/DiningRoom/Models
  artifactKey: Guid(dc85abb452b380f4d89f55207b2f12bc) Importer(2089858483,b0f066a214c2f5e87bad3c948f4d605d)
Start importing Assets/UnityXRContent/ARFoundation/SimulationEnvironments/DiningRoom/Models using Guid(dc85abb452b380f4d89f55207b2f12bc) Importer(2089858483,b0f066a214c2f5e87bad3c948f4d605d) (ScriptedImporter) -> (artifact id: '344e9b37220c93de24e9bec4a983fc24') in 0.0045608 seconds
Number of updated asset objects reloaded before import = 0Number of asset objects unloaded after import = 1

========================================================================
Received Import Request.
  Time since last request: 0.000023 seconds.
  path: Assets/UnityXRContent/ARFoundation/SimulationEnvironments/Bedroom/Prefab/Bed_Full_BR001.prefab
  artifactKey: Guid(8338a109ccabad94ea8853866a417958) Importer(2089858483,b0f066a214c2f5e87bad3c948f4d605d)
Start importing Assets/UnityXRContent/ARFoundation/SimulationEnvironments/Bedroom/Prefab/Bed_Full_BR001.prefab using Guid(8338a109ccabad94ea8853866a417958) Importer(2089858483,b0f066a214c2f5e87bad3c948f4d605d) (ScriptedImporter) -> (artifact id: '427cf0bbfc62fab04432311eeaa74205') in 0.0067644 seconds
Number of updated asset objects reloaded before import = 0Number of asset objects unloaded after import = 36

========================================================================
Received Import Request.
  Time since last request: 0.000032 seconds.
  path: Assets/UnityXRContent/ARFoundation/SimulationEnvironments/LivingRoom/Models/Apple_3in_LR001.fbx
  artifactKey: Guid(b606b7137f5ce9f40aa4f9e8ae0a05e1) Importer(2089858483,b0f066a214c2f5e87bad3c948f4d605d)
Start importing Assets/UnityXRContent/ARFoundation/SimulationEnvironments/LivingRoom/Models/Apple_3in_LR001.fbx using Guid(b606b7137f5ce9f40aa4f9e8ae0a05e1) Importer(2089858483,b0f066a214c2f5e87bad3c948f4d605d) (ScriptedImporter) -> (artifact id: '50d2ed7ce6131b331173ce319d94cc14') in 0.0107803 seconds
Number of updated asset objects reloaded before import = 0Number of asset objects unloaded after import = 7

========================================================================
Received Import Request.
  Time since last request: 0.000021 seconds.
  path: Assets/UnityXRContent/ARFoundation/SimulationEnvironments/Bedroom/Prefab/Bed_Full_BR004.prefab
  artifactKey: Guid(6fb75a2bfea4dd54d8dd3291ba93b8fd) Importer(2089858483,b0f066a214c2f5e87bad3c948f4d605d)
Start importing Assets/UnityXRContent/ARFoundation/SimulationEnvironments/Bedroom/Prefab/Bed_Full_BR004.prefab using Guid(6fb75a2bfea4dd54d8dd3291ba93b8fd) Importer(2089858483,b0f066a214c2f5e87bad3c948f4d605d) (ScriptedImporter) -> (artifact id: '7be684cc5389a62b65aef0daecf83aa6') in 0.0064115 seconds
Number of updated asset objects reloaded before import = 0Number of asset objects unloaded after import = 36

========================================================================
Received Import Request.
  Time since last request: 0.000020 seconds.
  path: Assets/UnityXRContent/ARFoundation/SimulationEnvironments/Museum/Prefab/DisplayStand_36in_MM001.prefab
  artifactKey: Guid(217dc848254bdff47ace8c14ad1157fc) Importer(2089858483,b0f066a214c2f5e87bad3c948f4d605d)
Start importing Assets/UnityXRContent/ARFoundation/SimulationEnvironments/Museum/Prefab/DisplayStand_36in_MM001.prefab using Guid(217dc848254bdff47ace8c14ad1157fc) Importer(2089858483,b0f066a214c2f5e87bad3c948f4d605d) (ScriptedImporter) -> (artifact id: 'ac5ad6bbf4f42a9c9b359c5db6dbb81b') in 0.0140497 seconds
Number of updated asset objects reloaded before import = 0Number of asset objects unloaded after import = 15

========================================================================
Received Import Request.
  Time since last request: 0.000022 seconds.
  path: Assets/UnityXRContent/ARFoundation/SimulationEnvironments/Backyard/Prefab/Grill_54in_BY001.prefab
  artifactKey: Guid(eecc640ddde182a4494d4459f3852454) Importer(2089858483,b0f066a214c2f5e87bad3c948f4d605d)
Start importing Assets/UnityXRContent/ARFoundation/SimulationEnvironments/Backyard/Prefab/Grill_54in_BY001.prefab using Guid(eecc640ddde182a4494d4459f3852454) Importer(2089858483,b0f066a214c2f5e87bad3c948f4d605d) (ScriptedImporter) -> (artifact id: 'dc28e50d44c93b63bf7e2762c72a247b') in 0.0125405 seconds
Number of updated asset objects reloaded before import = 0Number of asset objects unloaded after import = 16

========================================================================
Received Import Request.
  Time since last request: 0.000036 seconds.
  path: Assets/UnityXRContent/ARFoundation/SimulationEnvironments/Common/Prefab/Coaster_4in_CN001.prefab
  artifactKey: Guid(7b6f0619dbd260e48ae081de5e237e61) Importer(2089858483,b0f066a214c2f5e87bad3c948f4d605d)
Start importing Assets/UnityXRContent/ARFoundation/SimulationEnvironments/Common/Prefab/Coaster_4in_CN001.prefab using Guid(7b6f0619dbd260e48ae081de5e237e61) Importer(2089858483,b0f066a214c2f5e87bad3c948f4d605d) (ScriptedImporter) -> (artifact id: '875415342c357c84de93b9304f83dae0') in 0.0112017 seconds
Number of updated asset objects reloaded before import = 0Number of asset objects unloaded after import = 15

========================================================================
Received Import Request.
  Time since last request: 0.000019 seconds.
  path: Assets/UnityXRContent/ARFoundation/SimulationEnvironments/Kitchen/Prefab/Refrigerator_30Wx26.5Dx70H_KN002.prefab
  artifactKey: Guid(ec806fbb6cbf6dc4ea3f458d2b608f24) Importer(2089858483,b0f066a214c2f5e87bad3c948f4d605d)
Start importing Assets/UnityXRContent/ARFoundation/SimulationEnvironments/Kitchen/Prefab/Refrigerator_30Wx26.5Dx70H_KN002.prefab using Guid(ec806fbb6cbf6dc4ea3f458d2b608f24) Importer(2089858483,b0f066a214c2f5e87bad3c948f4d605d) (ScriptedImporter) -> (artifact id: 'a39d83ff42a562c8b58abe279c298098') in 0.0133565 seconds
Number of updated asset objects reloaded before import = 0Number of asset objects unloaded after import = 16

========================================================================
Received Import Request.
  Time since last request: 0.000022 seconds.
  path: Assets/UnityXRContent/ARFoundation/SimulationEnvironments/DiningRoom/Prefab/Table_72in_DR002.prefab
  artifactKey: Guid(00afd6e192690b74398d0351889bf872) Importer(2089858483,b0f066a214c2f5e87bad3c948f4d605d)
Start importing Assets/UnityXRContent/ARFoundation/SimulationEnvironments/DiningRoom/Prefab/Table_72in_DR002.prefab using Guid(00afd6e192690b74398d0351889bf872) Importer(2089858483,b0f066a214c2f5e87bad3c948f4d605d) (ScriptedImporter) -> (artifact id: '2b25cc1e3f7e4b85756262418637fa55') in 0.0132208 seconds
Number of updated asset objects reloaded before import = 0Number of asset objects unloaded after import = 17

========================================================================
Received Import Request.
  Time since last request: 0.000024 seconds.
  path: Assets/UnityXRContent/ARFoundation/SimulationEnvironments/Factory/Prefab/ShelvingRack_CustomPrefab_FY001.prefab
  artifactKey: Guid(8d420370dc1139940a0d715a0aa96b96) Importer(2089858483,b0f066a214c2f5e87bad3c948f4d605d)
Start importing Assets/UnityXRContent/ARFoundation/SimulationEnvironments/Factory/Prefab/ShelvingRack_CustomPrefab_FY001.prefab using Guid(8d420370dc1139940a0d715a0aa96b96) Importer(2089858483,b0f066a214c2f5e87bad3c948f4d605d) (ScriptedImporter) -> (artifact id: '234aabaf206d273c6633df3b45576d43') in 0.0136515 seconds
Number of updated asset objects reloaded before import = 0Number of asset objects unloaded after import = 408

========================================================================
Received Import Request.
  Time since last request: 0.000036 seconds.
  path: Assets/UnityXRContent/ARFoundation/SimulationEnvironments/Kitchen/Prefab/CabinetUpper_TopTrim_12D_LeftCap_KN001.prefab
  artifactKey: Guid(8c956752108106441b36f4fee376f63c) Importer(2089858483,b0f066a214c2f5e87bad3c948f4d605d)
Start importing Assets/UnityXRContent/ARFoundation/SimulationEnvironments/Kitchen/Prefab/CabinetUpper_TopTrim_12D_LeftCap_KN001.prefab using Guid(8c956752108106441b36f4fee376f63c) Importer(2089858483,b0f066a214c2f5e87bad3c948f4d605d) (ScriptedImporter) -> (artifact id: '3deec1f13c25537117c2e7708ad16b95') in 0.0109216 seconds
Number of updated asset objects reloaded before import = 0Number of asset objects unloaded after import = 15

========================================================================
Received Import Request.
  Time since last request: 0.000022 seconds.
  path: Assets/UnityXRContent/ARFoundation/SimulationEnvironments/Kitchen/Models/CabinetUpper_36Wx12Dx36H_Corner_KN002a.fbx
  artifactKey: Guid(6df1436e87916934b929afd3ac0f00ab) Importer(2089858483,b0f066a214c2f5e87bad3c948f4d605d)
Start importing Assets/UnityXRContent/ARFoundation/SimulationEnvironments/Kitchen/Models/CabinetUpper_36Wx12Dx36H_Corner_KN002a.fbx using Guid(6df1436e87916934b929afd3ac0f00ab) Importer(2089858483,b0f066a214c2f5e87bad3c948f4d605d) (ScriptedImporter) -> (artifact id: 'fa4e1c043fa44331efc856d038b5a498') in 0.0184628 seconds
Number of updated asset objects reloaded before import = 0Number of asset objects unloaded after import = 46

========================================================================
Received Import Request.
  Time since last request: 0.000019 seconds.
  path: Assets/UnityXRContent/ARFoundation/SimulationEnvironments/LivingRoom/Prefab/EndTable_22in_LR001.prefab
  artifactKey: Guid(59c7c887296b66345892762c23159ddd) Importer(2089858483,b0f066a214c2f5e87bad3c948f4d605d)
Start importing Assets/UnityXRContent/ARFoundation/SimulationEnvironments/LivingRoom/Prefab/EndTable_22in_LR001.prefab using Guid(59c7c887296b66345892762c23159ddd) Importer(2089858483,b0f066a214c2f5e87bad3c948f4d605d) (ScriptedImporter) -> (artifact id: 'c5bde2a011928af565c43ddf08b75731') in 0.0140502 seconds
Number of updated asset objects reloaded before import = 0Number of asset objects unloaded after import = 17

========================================================================
Received Import Request.
  Time since last request: 0.000023 seconds.
  path: Assets/UnityXRContent/ARFoundation/SimulationEnvironments/Backyard/Models/Flagstone_3in_BY003.fbx
  artifactKey: Guid(ba76f59cd8a084c48acbd576b3540d73) Importer(2089858483,b0f066a214c2f5e87bad3c948f4d605d)
Start importing Assets/UnityXRContent/ARFoundation/SimulationEnvironments/Backyard/Models/Flagstone_3in_BY003.fbx using Guid(ba76f59cd8a084c48acbd576b3540d73) Importer(2089858483,b0f066a214c2f5e87bad3c948f4d605d) (ScriptedImporter) -> (artifact id: 'a660bb2a0762d54318027c2d1fbb1729') in 0.0109446 seconds
Number of updated asset objects reloaded before import = 0Number of asset objects unloaded after import = 7

========================================================================
Received Import Request.
  Time since last request: 0.000044 seconds.
  path: Assets/UnityXRContent/ARFoundation/SimulationEnvironments/LivingRoom/Models/Bookcase_72in_LR001.fbx
  artifactKey: Guid(c2ea7701f2714314fb953a12d4bebddb) Importer(2089858483,b0f066a214c2f5e87bad3c948f4d605d)
Start importing Assets/UnityXRContent/ARFoundation/SimulationEnvironments/LivingRoom/Models/Bookcase_72in_LR001.fbx using Guid(c2ea7701f2714314fb953a12d4bebddb) Importer(2089858483,b0f066a214c2f5e87bad3c948f4d605d) (ScriptedImporter) -> (artifact id: '193a83fa540af1deca804879d7fb29e5') in 0.0114864 seconds
Number of updated asset objects reloaded before import = 0Number of asset objects unloaded after import = 7

========================================================================
Received Import Request.
  Time since last request: 0.000018 seconds.
  path: Assets/UnityXRContent/ARFoundation/SimulationEnvironments/Backyard/Prefab/FirePit_32in_BY001.prefab
  artifactKey: Guid(f579e22455334094db2842cad168d7a9) Importer(2089858483,b0f066a214c2f5e87bad3c948f4d605d)
Start importing Assets/UnityXRContent/ARFoundation/SimulationEnvironments/Backyard/Prefab/FirePit_32in_BY001.prefab using Guid(f579e22455334094db2842cad168d7a9) Importer(2089858483,b0f066a214c2f5e87bad3c948f4d605d) (ScriptedImporter) -> (artifact id: '8c87ef7fb42b664d142371834277b710') in 0.0116369 seconds
Number of updated asset objects reloaded before import = 0Number of asset objects unloaded after import = 15

========================================================================
Received Import Request.
  Time since last request: 0.000021 seconds.
  path: Assets/UnityXRContent/ARFoundation/SimulationEnvironments/Museum
  artifactKey: Guid(fce86d36b40900f47ba98debeb328014) Importer(2089858483,b0f066a214c2f5e87bad3c948f4d605d)
Start importing Assets/UnityXRContent/ARFoundation/SimulationEnvironments/Museum using Guid(fce86d36b40900f47ba98debeb328014) Importer(2089858483,b0f066a214c2f5e87bad3c948f4d605d) (ScriptedImporter) -> (artifact id: '48187533e39982eb827d615c9b2351de') in 0.0042589 seconds
Number of updated asset objects reloaded before import = 0Number of asset objects unloaded after import = 1

========================================================================
Received Import Request.
  Time since last request: 0.000019 seconds.
  path: Assets/UnityXRContent/ARFoundation/SimulationEnvironments/LivingRoom/Models/PictureFrame_3x4in_LR001.fbx
  artifactKey: Guid(42e53cccd2aab3648937d3ef1ed571b5) Importer(2089858483,b0f066a214c2f5e87bad3c948f4d605d)
Start importing Assets/UnityXRContent/ARFoundation/SimulationEnvironments/LivingRoom/Models/PictureFrame_3x4in_LR001.fbx using Guid(42e53cccd2aab3648937d3ef1ed571b5) Importer(2089858483,b0f066a214c2f5e87bad3c948f4d605d) (ScriptedImporter) -> (artifact id: '0e17c7f98720ce7c99ad9a825e1e9c6f') in 0.0135637 seconds
Number of updated asset objects reloaded before import = 0Number of asset objects unloaded after import = 7

========================================================================
Received Import Request.
  Time since last request: 0.000031 seconds.
  path: Assets/UnityXRContent/ARFoundation/SimulationEnvironments/Kitchen/Prefab/Cooktop_30in_Gas_KN001.prefab
  artifactKey: Guid(9f45c3a67ddfebb4c8a1101193e2d4d3) Importer(2089858483,b0f066a214c2f5e87bad3c948f4d605d)
Start importing Assets/UnityXRContent/ARFoundation/SimulationEnvironments/Kitchen/Prefab/Cooktop_30in_Gas_KN001.prefab using Guid(9f45c3a67ddfebb4c8a1101193e2d4d3) Importer(2089858483,b0f066a214c2f5e87bad3c948f4d605d) (ScriptedImporter) -> (artifact id: 'e2dc1aadde742d313f91532c700c55bf') in 0.0124554 seconds
Number of updated asset objects reloaded before import = 0Number of asset objects unloaded after import = 34

========================================================================
Received Import Request.
  Time since last request: 0.000020 seconds.
  path: Assets/UnityXRContent/ARFoundation/SimulationEnvironments/Kitchen/Prefab/StockPot_9.5in_KN001.prefab
  artifactKey: Guid(59c18a09a73e3bc4282d6ae4de06a91f) Importer(2089858483,b0f066a214c2f5e87bad3c948f4d605d)
Start importing Assets/UnityXRContent/ARFoundation/SimulationEnvironments/Kitchen/Prefab/StockPot_9.5in_KN001.prefab using Guid(59c18a09a73e3bc4282d6ae4de06a91f) Importer(2089858483,b0f066a214c2f5e87bad3c948f4d605d) (ScriptedImporter) -> (artifact id: '55b0ce4ca7d64445f9f972fa40d3025a') in 0.0067168 seconds
Number of updated asset objects reloaded before import = 0Number of asset objects unloaded after import = 26

========================================================================
Received Import Request.
  Time since last request: 0.000018 seconds.
  path: Assets/UnityXRContent/ARFoundation/SimulationEnvironments/Factory/Prefab/Box_7in_FY001.prefab
  artifactKey: Guid(625832fa436498242bd6e7811abc3655) Importer(2089858483,b0f066a214c2f5e87bad3c948f4d605d)
Start importing Assets/UnityXRContent/ARFoundation/SimulationEnvironments/Factory/Prefab/Box_7in_FY001.prefab using Guid(625832fa436498242bd6e7811abc3655) Importer(2089858483,b0f066a214c2f5e87bad3c948f4d605d) (ScriptedImporter) -> (artifact id: '83b8f246a50c9f419655ce006297656a') in 0.0224566 seconds
Number of updated asset objects reloaded before import = 0Number of asset objects unloaded after import = 15

========================================================================
Received Import Request.
  Time since last request: 0.000032 seconds.
  path: Assets/UnityXRContent/ARFoundation/SimulationEnvironments/DiningRoom/Models/Table_Placemat_50in_DR001.fbx
  artifactKey: Guid(267a359b6e9c0f849a5dac78bfc10235) Importer(2089858483,b0f066a214c2f5e87bad3c948f4d605d)
Start importing Assets/UnityXRContent/ARFoundation/SimulationEnvironments/DiningRoom/Models/Table_Placemat_50in_DR001.fbx using Guid(267a359b6e9c0f849a5dac78bfc10235) Importer(2089858483,b0f066a214c2f5e87bad3c948f4d605d) (ScriptedImporter) -> (artifact id: '7f620ff1e9151594c418963186cc9bf0') in 0.0097406 seconds
Number of updated asset objects reloaded before import = 0Number of asset objects unloaded after import = 7

========================================================================
Received Import Request.
  Time since last request: 0.000039 seconds.
  path: Assets/UnityXRContent/ARFoundation/SimulationEnvironments/Common/Models/Container_12in_CN001.fbx
  artifactKey: Guid(a01dbc5a38cddb94a8c2e361a47208c5) Importer(2089858483,b0f066a214c2f5e87bad3c948f4d605d)
Start importing Assets/UnityXRContent/ARFoundation/SimulationEnvironments/Common/Models/Container_12in_CN001.fbx using Guid(a01dbc5a38cddb94a8c2e361a47208c5) Importer(2089858483,b0f066a214c2f5e87bad3c948f4d605d) (ScriptedImporter) -> (artifact id: '83308f0acdf4dbc73009ad9ea818eec2') in 0.009687 seconds
Number of updated asset objects reloaded before import = 0Number of asset objects unloaded after import = 7

========================================================================
Received Import Request.
  Time since last request: 0.000020 seconds.
  path: Assets/UnityXRContent/ARFoundation/SimulationEnvironments/LivingRoom/Prefab/Blanket_Draped_LR001.prefab
  artifactKey: Guid(7bd6b25ed178ce249b7ab81bf7b9978f) Importer(2089858483,b0f066a214c2f5e87bad3c948f4d605d)
Start importing Assets/UnityXRContent/ARFoundation/SimulationEnvironments/LivingRoom/Prefab/Blanket_Draped_LR001.prefab using Guid(7bd6b25ed178ce249b7ab81bf7b9978f) Importer(2089858483,b0f066a214c2f5e87bad3c948f4d605d) (ScriptedImporter) -> (artifact id: 'e912f46d3c8fc01615aea48a57a0f459') in 0.0136669 seconds
Number of updated asset objects reloaded before import = 0Number of asset objects unloaded after import = 15

========================================================================
Received Import Request.
  Time since last request: 0.000022 seconds.
  path: Assets/UnityXRContent/ARFoundation/SimulationEnvironments/Kitchen/Models/Cooktop_30in_Electric_KN001.fbx
  artifactKey: Guid(84979f0cf1ea3db4aa31f0aaa805c4f9) Importer(2089858483,b0f066a214c2f5e87bad3c948f4d605d)
Start importing Assets/UnityXRContent/ARFoundation/SimulationEnvironments/Kitchen/Models/Cooktop_30in_Electric_KN001.fbx using Guid(84979f0cf1ea3db4aa31f0aaa805c4f9) Importer(2089858483,b0f066a214c2f5e87bad3c948f4d605d) (ScriptedImporter) -> (artifact id: 'c28f3b32b323d9b12fbb8428dd58eda8') in 0.0118769 seconds
Number of updated asset objects reloaded before import = 0Number of asset objects unloaded after import = 17

========================================================================
Received Import Request.
  Time since last request: 0.000021 seconds.
  path: Assets/UnityXRContent/ARFoundation/SimulationEnvironments/Kitchen/Prefab/Microwave_19.5in_KN001.prefab
  artifactKey: Guid(7a4e745156d7bcb44bbbe3aec166aaaa) Importer(2089858483,b0f066a214c2f5e87bad3c948f4d605d)
Start importing Assets/UnityXRContent/ARFoundation/SimulationEnvironments/Kitchen/Prefab/Microwave_19.5in_KN001.prefab using Guid(7a4e745156d7bcb44bbbe3aec166aaaa) Importer(2089858483,b0f066a214c2f5e87bad3c948f4d605d) (ScriptedImporter) -> (artifact id: '61b3517d93aa75da73a6395fef82e67b') in 0.011188 seconds
Number of updated asset objects reloaded before import = 0Number of asset objects unloaded after import = 16

========================================================================
Received Import Request.
  Time since last request: 0.000023 seconds.
  path: Assets/UnityXRContent/ARFoundation/SimulationEnvironments/DiningRoom/Models/Environment_15ftx12.5ft_DR001.fbx
  artifactKey: Guid(16f68e047e24aa94db733593fa0d1ffe) Importer(2089858483,b0f066a214c2f5e87bad3c948f4d605d)
Start importing Assets/UnityXRContent/ARFoundation/SimulationEnvironments/DiningRoom/Models/Environment_15ftx12.5ft_DR001.fbx using Guid(16f68e047e24aa94db733593fa0d1ffe) Importer(2089858483,b0f066a214c2f5e87bad3c948f4d605d) (ScriptedImporter) -> (artifact id: '4939d63f9cb87c6dcd849d9236a4b309') in 0.0109362 seconds
Number of updated asset objects reloaded before import = 0Number of asset objects unloaded after import = 29

========================================================================
Received Import Request.
  Time since last request: 0.000033 seconds.
  path: Assets/UnityXRContent/Common/ReferenceShapes/Models
  artifactKey: Guid(626365eb356721d46be5f874cd294113) Importer(2089858483,b0f066a214c2f5e87bad3c948f4d605d)
Start importing Assets/UnityXRContent/Common/ReferenceShapes/Models using Guid(626365eb356721d46be5f874cd294113) Importer(2089858483,b0f066a214c2f5e87bad3c948f4d605d) (ScriptedImporter) -> (artifact id: '1f76311d4ae83f96e6ff609b6998e2a8') in 0.0046912 seconds
Number of updated asset objects reloaded before import = 0Number of asset objects unloaded after import = 1

========================================================================
Received Import Request.
  Time since last request: 0.000017 seconds.
  path: Assets/UnityXRContent/ARFoundation/SimulationEnvironments/Factory/Prefab/ShelvingRack_CustomPrefab_FY002.prefab
  artifactKey: Guid(d90e1f2a138fec34eb3a0653ce440a96) Importer(2089858483,b0f066a214c2f5e87bad3c948f4d605d)
Start importing Assets/UnityXRContent/ARFoundation/SimulationEnvironments/Factory/Prefab/ShelvingRack_CustomPrefab_FY002.prefab using Guid(d90e1f2a138fec34eb3a0653ce440a96) Importer(2089858483,b0f066a214c2f5e87bad3c948f4d605d) (ScriptedImporter) -> (artifact id: 'e77f3cef13440d5cf843330a4d847d88') in 0.0113843 seconds
Number of updated asset objects reloaded before import = 0Number of asset objects unloaded after import = 431

========================================================================
Received Import Request.
  Time since last request: 0.000020 seconds.
  path: Assets/UnityXRContent/ARFoundation/SimulationEnvironments/Common/Models/FloorLamp_62in_CN002.fbx
  artifactKey: Guid(d05b490e3f9a7d64c977782ff33ce963) Importer(2089858483,b0f066a214c2f5e87bad3c948f4d605d)
Start importing Assets/UnityXRContent/ARFoundation/SimulationEnvironments/Common/Models/FloorLamp_62in_CN002.fbx using Guid(d05b490e3f9a7d64c977782ff33ce963) Importer(2089858483,b0f066a214c2f5e87bad3c948f4d605d) (ScriptedImporter) -> (artifact id: '695b03bed3c8ba91b4c2f028c5c09836') in 0.0126402 seconds
Number of updated asset objects reloaded before import = 0Number of asset objects unloaded after import = 7

========================================================================
Received Import Request.
  Time since last request: 0.000019 seconds.
  path: Assets/UnityXRContent/ARFoundation/SimulationEnvironments/Kitchen/Prefab/CabinetLower_Backsplash_30Wx24Dx36H_Sink_KN002a.prefab
  artifactKey: Guid(a4f54fd39838eaa4c86b28c71896ff53) Importer(2089858483,b0f066a214c2f5e87bad3c948f4d605d)
Start importing Assets/UnityXRContent/ARFoundation/SimulationEnvironments/Kitchen/Prefab/CabinetLower_Backsplash_30Wx24Dx36H_Sink_KN002a.prefab using Guid(a4f54fd39838eaa4c86b28c71896ff53) Importer(2089858483,b0f066a214c2f5e87bad3c948f4d605d) (ScriptedImporter) -> (artifact id: '089fc8c868a3a47db0d17605e0013502') in 0.0128339 seconds
Number of updated asset objects reloaded before import = 0Number of asset objects unloaded after import = 60

========================================================================
Received Import Request.
  Time since last request: 0.000024 seconds.
  path: Assets/UnityXRContent/ARFoundation/SimulationEnvironments/Backyard/Prefab/Fence_Wood_SlatsPost_BY001.prefab
  artifactKey: Guid(ea57d1231a90c4349843f1a274aec294) Importer(2089858483,b0f066a214c2f5e87bad3c948f4d605d)
Start importing Assets/UnityXRContent/ARFoundation/SimulationEnvironments/Backyard/Prefab/Fence_Wood_SlatsPost_BY001.prefab using Guid(ea57d1231a90c4349843f1a274aec294) Importer(2089858483,b0f066a214c2f5e87bad3c948f4d605d) (ScriptedImporter) -> (artifact id: '0ac1fb4cd7b65c457d9d79784012abad') in 0.0113671 seconds
Number of updated asset objects reloaded before import = 0Number of asset objects unloaded after import = 16

========================================================================
Received Import Request.
  Time since last request: 0.000040 seconds.
  path: Assets/UnityXRContent/ARFoundation/SimulationEnvironments/LivingRoom/Models/Bowl_8in_LR001.fbx
  artifactKey: Guid(ca2a8b35846e38843810680cfb435019) Importer(2089858483,b0f066a214c2f5e87bad3c948f4d605d)
Start importing Assets/UnityXRContent/ARFoundation/SimulationEnvironments/LivingRoom/Models/Bowl_8in_LR001.fbx using Guid(ca2a8b35846e38843810680cfb435019) Importer(2089858483,b0f066a214c2f5e87bad3c948f4d605d) (ScriptedImporter) -> (artifact id: 'c24d8dc5d97ac4f1ca4c1aac2f79bf71') in 0.0098181 seconds
Number of updated asset objects reloaded before import = 0Number of asset objects unloaded after import = 7

========================================================================
Received Import Request.
  Time since last request: 0.000021 seconds.
  path: Assets/UnityXRContent/ARFoundation/SimulationEnvironments/Park/Prefab/Custom/Monkey Bars.prefab
  artifactKey: Guid(fe2e3bd866a3ce24faac0e998025c1d3) Importer(2089858483,b0f066a214c2f5e87bad3c948f4d605d)
Start importing Assets/UnityXRContent/ARFoundation/SimulationEnvironments/Park/Prefab/Custom/Monkey Bars.prefab using Guid(fe2e3bd866a3ce24faac0e998025c1d3) Importer(2089858483,b0f066a214c2f5e87bad3c948f4d605d) (ScriptedImporter) -> (artifact id: '8b58560eb3e072cf9c1e607745849963') in 0.0068573 seconds
Number of updated asset objects reloaded before import = 0Number of asset objects unloaded after import = 101

========================================================================
Received Import Request.
  Time since last request: 0.000022 seconds.
  path: Assets/UnityXRContent/ARFoundation/SimulationEnvironments/Common/Prefab/DeskLamp_13in_CN001.prefab
  artifactKey: Guid(d70066b2099ca1f46bd9f4d4bb81d3da) Importer(2089858483,b0f066a214c2f5e87bad3c948f4d605d)
Start importing Assets/UnityXRContent/ARFoundation/SimulationEnvironments/Common/Prefab/DeskLamp_13in_CN001.prefab using Guid(d70066b2099ca1f46bd9f4d4bb81d3da) Importer(2089858483,b0f066a214c2f5e87bad3c948f4d605d) (ScriptedImporter) -> (artifact id: 'ff9d9c2fb02a99cc92b849bc402d6ed1') in 0.0113912 seconds
Number of updated asset objects reloaded before import = 0Number of asset objects unloaded after import = 16

========================================================================
Received Import Request.
  Time since last request: 0.000021 seconds.
  path: Assets/UnityXRContent/ARFoundation/SimulationEnvironments/LivingRoom/Models/Shelf_18in_LR001.fbx
  artifactKey: Guid(ddbfe32ecfb03c248ab397e468b30b7b) Importer(2089858483,b0f066a214c2f5e87bad3c948f4d605d)
Start importing Assets/UnityXRContent/ARFoundation/SimulationEnvironments/LivingRoom/Models/Shelf_18in_LR001.fbx using Guid(ddbfe32ecfb03c248ab397e468b30b7b) Importer(2089858483,b0f066a214c2f5e87bad3c948f4d605d) (ScriptedImporter) -> (artifact id: '7450b08f62dec32e8c212b6858ca3484') in 0.0117002 seconds
Number of updated asset objects reloaded before import = 0Number of asset objects unloaded after import = 7

========================================================================
Received Import Request.
  Time since last request: 0.000024 seconds.
  path: Assets/UnityXRContent/ARFoundation/SimulationEnvironments/Office/Office_36ftx16.5ft_002.prefab
  artifactKey: Guid(fb211967781995243bc56e45cf85d81a) Importer(2089858483,b0f066a214c2f5e87bad3c948f4d605d)
Start importing Assets/UnityXRContent/ARFoundation/SimulationEnvironments/Office/Office_36ftx16.5ft_002.prefab using Guid(fb211967781995243bc56e45cf85d81a) Importer(2089858483,b0f066a214c2f5e87bad3c948f4d605d) (ScriptedImporter) -> (artifact id: '484ddea3b60d03dac65e4f2694838b8b') in 0.027528 seconds
Number of updated asset objects reloaded before import = 0Number of asset objects unloaded after import = 681

========================================================================
Received Import Request.
  Time since last request: 0.000036 seconds.
  path: Assets/UnityXRContent/ARFoundation/SimulationEnvironments/LivingRoom/Prefab/Shelf_18in_LR001.prefab
  artifactKey: Guid(8335bbd27379b364f9fa58a56f59b866) Importer(2089858483,b0f066a214c2f5e87bad3c948f4d605d)
Start importing Assets/UnityXRContent/ARFoundation/SimulationEnvironments/LivingRoom/Prefab/Shelf_18in_LR001.prefab using Guid(8335bbd27379b364f9fa58a56f59b866) Importer(2089858483,b0f066a214c2f5e87bad3c948f4d605d) (ScriptedImporter) -> (artifact id: 'fd380a49c9690c9aebe60061278b05ca') in 0.0111397 seconds
Number of updated asset objects reloaded before import = 0Number of asset objects unloaded after import = 15

========================================================================
Received Import Request.
  Time since last request: 0.000019 seconds.
  path: Assets/UnityXRContent/ARFoundation/SimulationEnvironments/LivingRoom/Prefab/Fireplace_72in_LR001.prefab
  artifactKey: Guid(0f2cf5447f2a43640b262b9c86d059aa) Importer(2089858483,b0f066a214c2f5e87bad3c948f4d605d)
Start importing Assets/UnityXRContent/ARFoundation/SimulationEnvironments/LivingRoom/Prefab/Fireplace_72in_LR001.prefab using Guid(0f2cf5447f2a43640b262b9c86d059aa) Importer(2089858483,b0f066a214c2f5e87bad3c948f4d605d) (ScriptedImporter) -> (artifact id: 'd5456a8fddeebc396759ee16df8fb6c8') in 0.0060312 seconds
Number of updated asset objects reloaded before import = 0Number of asset objects unloaded after import = 26

========================================================================
Received Import Request.
  Time since last request: 0.000020 seconds.
  path: Assets/UnityXRContent/ARFoundation/SimulationEnvironments/LivingRoom/Models/Ottoman_28in_LR001.fbx
  artifactKey: Guid(9d8adbd67be9e5b4889093bd975a70b4) Importer(2089858483,b0f066a214c2f5e87bad3c948f4d605d)
Start importing Assets/UnityXRContent/ARFoundation/SimulationEnvironments/LivingRoom/Models/Ottoman_28in_LR001.fbx using Guid(9d8adbd67be9e5b4889093bd975a70b4) Importer(2089858483,b0f066a214c2f5e87bad3c948f4d605d) (ScriptedImporter) -> (artifact id: 'e0f97490ebf919efab1904da72320a9b') in 0.009718 seconds
Number of updated asset objects reloaded before import = 0Number of asset objects unloaded after import = 14

========================================================================
Received Import Request.
  Time since last request: 0.000020 seconds.
  path: Assets/UnityXRContent/ARFoundation/SimulationEnvironments/Museum/Prefab/ApolloCommand_MM001.prefab
  artifactKey: Guid(b8f73b03f841d0749950de8f3096784a) Importer(2089858483,b0f066a214c2f5e87bad3c948f4d605d)
Start importing Assets/UnityXRContent/ARFoundation/SimulationEnvironments/Museum/Prefab/ApolloCommand_MM001.prefab using Guid(b8f73b03f841d0749950de8f3096784a) Importer(2089858483,b0f066a214c2f5e87bad3c948f4d605d) (ScriptedImporter) -> (artifact id: 'bd16c5f726760e9fd596e68a24a94d61') in 0.0117068 seconds
Number of updated asset objects reloaded before import = 0Number of asset objects unloaded after import = 15

========================================================================
Received Import Request.
  Time since last request: 0.000025 seconds.
  path: Assets/UnityXRContent/ARFoundation/SimulationEnvironments/Common/Prefab/Box_Open_12in_CN001.prefab
  artifactKey: Guid(4e2f360523e35da4bba14801403dad77) Importer(2089858483,b0f066a214c2f5e87bad3c948f4d605d)
Start importing Assets/UnityXRContent/ARFoundation/SimulationEnvironments/Common/Prefab/Box_Open_12in_CN001.prefab using Guid(4e2f360523e35da4bba14801403dad77) Importer(2089858483,b0f066a214c2f5e87bad3c948f4d605d) (ScriptedImporter) -> (artifact id: '52aeaa0e518c5e936cc5a2cc822e6c0a') in 0.0165959 seconds
Number of updated asset objects reloaded before import = 0Number of asset objects unloaded after import = 16

========================================================================
Received Import Request.
  Time since last request: 0.000030 seconds.
  path: Assets/UnityXRContent/ARFoundation/SimulationEnvironments/Kitchen/Models/Dishwasher_30in_KN001.fbx
  artifactKey: Guid(62dd8f33cbf152346ab87c794780767f) Importer(2089858483,b0f066a214c2f5e87bad3c948f4d605d)
Start importing Assets/UnityXRContent/ARFoundation/SimulationEnvironments/Kitchen/Models/Dishwasher_30in_KN001.fbx using Guid(62dd8f33cbf152346ab87c794780767f) Importer(2089858483,b0f066a214c2f5e87bad3c948f4d605d) (ScriptedImporter) -> (artifact id: 'bc0170e177c696abab5e413d79ac0bd5') in 0.0133843 seconds
Number of updated asset objects reloaded before import = 0Number of asset objects unloaded after import = 7

========================================================================
Received Import Request.
  Time since last request: 1.077801 seconds.
  path: Assets/UnityXRContent/ARFoundation/SimulationEnvironments/Factory/Prefab/Pallet_Jack_FY001.prefab
  artifactKey: Guid(c177cd3b60675104ba63f514c63ef29b) Importer(2089858483,b0f066a214c2f5e87bad3c948f4d605d)
Start importing Assets/UnityXRContent/ARFoundation/SimulationEnvironments/Factory/Prefab/Pallet_Jack_FY001.prefab using Guid(c177cd3b60675104ba63f514c63ef29b) Importer(2089858483,b0f066a214c2f5e87bad3c948f4d605d) (ScriptedImporter) -> (artifact id: '95d3e70e8b00a3e95d7f99f47cae773f') in 0.0119003 seconds
Number of updated asset objects reloaded before import = 0Number of asset objects unloaded after import = 15

========================================================================
Received Import Request.
  Time since last request: 0.000022 seconds.
  path: Assets/UnityXRContent/Common/ReferenceImages/two.png
  artifactKey: Guid(038b8a7b4862745aaadfd7c9f14e7bbd) Importer(2089858483,b0f066a214c2f5e87bad3c948f4d605d)
Start importing Assets/UnityXRContent/Common/ReferenceImages/two.png using Guid(038b8a7b4862745aaadfd7c9f14e7bbd) Importer(2089858483,b0f066a214c2f5e87bad3c948f4d605d) (ScriptedImporter)[Licensing::Client] Successfully resolved entitlement details
[Licensing::Client] Successfully resolved entitlement details
 -> (artifact id: '5b1432fd85dd6e25990ec91c43a10d35') in 0.044763 seconds
Number of updated asset objects reloaded before import = 0Number of asset objects unloaded after import = 1

========================================================================
Received Import Request.
  Time since last request: 0.000025 seconds.
  path: Assets/UnityXRContent/ARFoundation/SimulationEnvironments/Kitchen/Models/CabinetSurround_Refrigerator_60Wx24Dx90H_KN001a.fbx
  artifactKey: Guid(4f003c03fb454354b9e090d06ea5ff76) Importer(2089858483,b0f066a214c2f5e87bad3c948f4d605d)
Start importing Assets/UnityXRContent/ARFoundation/SimulationEnvironments/Kitchen/Models/CabinetSurround_Refrigerator_60Wx24Dx90H_KN001a.fbx using Guid(4f003c03fb454354b9e090d06ea5ff76) Importer(2089858483,b0f066a214c2f5e87bad3c948f4d605d) (ScriptedImporter) -> (artifact id: '512a88e0182b714bd25c2e3544a99477') in 0.0171258 seconds
Number of updated asset objects reloaded before import = 0Number of asset objects unloaded after import = 76

========================================================================
Received Import Request.
  Time since last request: 0.000029 seconds.
  path: Assets/UnityXRContent/ARFoundation/SimulationEnvironments/Kitchen/Models/CabinetUpper_Refrigerator_36Wx24Dx18H_KN001a.fbx
  artifactKey: Guid(b6552e3fdfef71545b7ced2f4c2b0cc6) Importer(2089858483,b0f066a214c2f5e87bad3c948f4d605d)
Start importing Assets/UnityXRContent/ARFoundation/SimulationEnvironments/Kitchen/Models/CabinetUpper_Refrigerator_36Wx24Dx18H_KN001a.fbx using Guid(b6552e3fdfef71545b7ced2f4c2b0cc6) Importer(2089858483,b0f066a214c2f5e87bad3c948f4d605d) (ScriptedImporter) -> (artifact id: '1f5ddcd83b2705f300948eca57c53e20') in 0.0133924 seconds
Number of updated asset objects reloaded before import = 0Number of asset objects unloaded after import = 36

========================================================================
Received Import Request.
  Time since last request: 0.000021 seconds.
  path: Assets/UnityXRContent/ARFoundation/SimulationEnvironments/Common/Prefab/Media_Case_CN001.prefab
  artifactKey: Guid(cf27d62c12baa0841ba920b84ae2088a) Importer(2089858483,b0f066a214c2f5e87bad3c948f4d605d)
Start importing Assets/UnityXRContent/ARFoundation/SimulationEnvironments/Common/Prefab/Media_Case_CN001.prefab using Guid(cf27d62c12baa0841ba920b84ae2088a) Importer(2089858483,b0f066a214c2f5e87bad3c948f4d605d) (ScriptedImporter) -> (artifact id: '87eeb553ad85e354517b9894fd6ba6ca') in 0.0119623 seconds
Number of updated asset objects reloaded before import = 0Number of asset objects unloaded after import = 15

========================================================================
Received Import Request.
  Time since last request: 0.000020 seconds.
  path: Assets/UnityXRContent/ARFoundation/SimulationEnvironments/Backyard/Prefab/Couch_Patio_67in_BY001.prefab
  artifactKey: Guid(8f887ff7d310ae94d957c753591639ec) Importer(2089858483,b0f066a214c2f5e87bad3c948f4d605d)
Start importing Assets/UnityXRContent/ARFoundation/SimulationEnvironments/Backyard/Prefab/Couch_Patio_67in_BY001.prefab using Guid(8f887ff7d310ae94d957c753591639ec) Importer(2089858483,b0f066a214c2f5e87bad3c948f4d605d) (ScriptedImporter) -> (artifact id: '77029bd1f175fd62b173a4d9a608c6d9') in 0.0081454 seconds
Number of updated asset objects reloaded before import = 0Number of asset objects unloaded after import = 46

========================================================================
Received Import Request.
  Time since last request: 0.000027 seconds.
  path: Assets/UnityXRContent/ARFoundation/SimulationEnvironments/Kitchen/Prefab/CabinetLower_Backsplash_36Wx24Dx36H_KN002a.prefab
  artifactKey: Guid(0a1ef44f11618064ab22f3caa22735af) Importer(2089858483,b0f066a214c2f5e87bad3c948f4d605d)
Start importing Assets/UnityXRContent/ARFoundation/SimulationEnvironments/Kitchen/Prefab/CabinetLower_Backsplash_36Wx24Dx36H_KN002a.prefab using Guid(0a1ef44f11618064ab22f3caa22735af) Importer(2089858483,b0f066a214c2f5e87bad3c948f4d605d) (ScriptedImporter) -> (artifact id: '2d0242a7c7a3b3971c785bb4ab2d8963') in 0.0150367 seconds
Number of updated asset objects reloaded before import = 0Number of asset objects unloaded after import = 96

========================================================================
Received Import Request.
  Time since last request: 0.000040 seconds.
  path: Assets/UnityXRContent/ARFoundation/SimulationEnvironments/Kitchen/Prefab/Utensils_Container_Full_KN001.prefab
  artifactKey: Guid(fcb66684c9ac1694e8cb6fc907a578ff) Importer(2089858483,b0f066a214c2f5e87bad3c948f4d605d)
Start importing Assets/UnityXRContent/ARFoundation/SimulationEnvironments/Kitchen/Prefab/Utensils_Container_Full_KN001.prefab using Guid(fcb66684c9ac1694e8cb6fc907a578ff) Importer(2089858483,b0f066a214c2f5e87bad3c948f4d605d) (ScriptedImporter) -> (artifact id: 'f3c8812a2083a573c329c38323abeeea') in 0.0067688 seconds
Number of updated asset objects reloaded before import = 0Number of asset objects unloaded after import = 71

========================================================================
Received Import Request.
  Time since last request: 0.000021 seconds.
  path: Assets/UnityXRContent/ARFoundation/SimulationEnvironments/Factory/Prefab/Crate_w_Boxes_FY001.prefab
  artifactKey: Guid(c67778914e87ae74fb2bec7d2551b4c0) Importer(2089858483,b0f066a214c2f5e87bad3c948f4d605d)
Start importing Assets/UnityXRContent/ARFoundation/SimulationEnvironments/Factory/Prefab/Crate_w_Boxes_FY001.prefab using Guid(c67778914e87ae74fb2bec7d2551b4c0) Importer(2089858483,b0f066a214c2f5e87bad3c948f4d605d) (ScriptedImporter) -> (artifact id: '8e2a2eaf9795dcbc68742e4e46eb878a') in 0.0143702 seconds
Number of updated asset objects reloaded before import = 0Number of asset objects unloaded after import = 16

========================================================================
Received Import Request.
  Time since last request: 0.000026 seconds.
  path: Assets/UnityXRContent/ARFoundation/SimulationEnvironments/Bedroom/Playable/CeilingFan_52in_BR001Timeline.playable
  artifactKey: Guid(c7cc20882e6ca854c80e38df0d7981c7) Importer(2089858483,b0f066a214c2f5e87bad3c948f4d605d)
Start importing Assets/UnityXRContent/ARFoundation/SimulationEnvironments/Bedroom/Playable/CeilingFan_52in_BR001Timeline.playable using Guid(c7cc20882e6ca854c80e38df0d7981c7) Importer(2089858483,b0f066a214c2f5e87bad3c948f4d605d) (ScriptedImporter) -> (artifact id: '5be9b6695c4439fb8987d8ab041960a9') in 0.0164381 seconds
Number of updated asset objects reloaded before import = 0Number of asset objects unloaded after import = 3

========================================================================
Received Import Request.
  Time since last request: 0.000018 seconds.
  path: Assets/UnityXRContent/Common/ReferenceShapes/Materials/DebugWhite.mat
  artifactKey: Guid(36177d644ee75d54eb969aa638671804) Importer(2089858483,b0f066a214c2f5e87bad3c948f4d605d)
Start importing Assets/UnityXRContent/Common/ReferenceShapes/Materials/DebugWhite.mat using Guid(36177d644ee75d54eb969aa638671804) Importer(2089858483,b0f066a214c2f5e87bad3c948f4d605d) (ScriptedImporter) -> (artifact id: '2ebdee4d9332b2c9a57b284c5bfb55f6') in 0.0064587 seconds
Number of updated asset objects reloaded before import = 0Number of asset objects unloaded after import = 1

========================================================================
Received Import Request.
  Time since last request: 0.000023 seconds.
  path: Assets/UnityXRContent/ARFoundation/SimulationEnvironments/LivingRoom/Models/ShelfPopulated_9ft_LR001.fbx
  artifactKey: Guid(6f833e4564d8b0e43a67023d2f346ae7) Importer(2089858483,b0f066a214c2f5e87bad3c948f4d605d)
Start importing Assets/UnityXRContent/ARFoundation/SimulationEnvironments/LivingRoom/Models/ShelfPopulated_9ft_LR001.fbx using Guid(6f833e4564d8b0e43a67023d2f346ae7) Importer(2089858483,b0f066a214c2f5e87bad3c948f4d605d) (ScriptedImporter) -> (artifact id: 'cdd31411e2d2d610fbfb00f5ebdf15b0') in 0.0119585 seconds
Number of updated asset objects reloaded before import = 0Number of asset objects unloaded after import = 44

========================================================================
Received Import Request.
  Time since last request: 0.000032 seconds.
  path: Assets/UnityXRContent/ARFoundation/SimulationEnvironments/Bedroom/Models/LaundryBasket_Round_BR001.fbx
  artifactKey: Guid(807ef6bb07e6d504cac11c20053a71fa) Importer(2089858483,b0f066a214c2f5e87bad3c948f4d605d)
Start importing Assets/UnityXRContent/ARFoundation/SimulationEnvironments/Bedroom/Models/LaundryBasket_Round_BR001.fbx using Guid(807ef6bb07e6d504cac11c20053a71fa) Importer(2089858483,b0f066a214c2f5e87bad3c948f4d605d) (ScriptedImporter) -> (artifact id: 'ef844bc943431f9fc4cd2c30a62d11c6') in 0.0125137 seconds
Number of updated asset objects reloaded before import = 0Number of asset objects unloaded after import = 7

========================================================================
Received Import Request.
  Time since last request: 0.000021 seconds.
  path: Assets/UnityXRContent/ARFoundation/SimulationEnvironments/Kitchen/Prefab/Range_Hood_36in_KN001.prefab
  artifactKey: Guid(65c16a78338aa9c46997986081648a7e) Importer(2089858483,b0f066a214c2f5e87bad3c948f4d605d)
Start importing Assets/UnityXRContent/ARFoundation/SimulationEnvironments/Kitchen/Prefab/Range_Hood_36in_KN001.prefab using Guid(65c16a78338aa9c46997986081648a7e) Importer(2089858483,b0f066a214c2f5e87bad3c948f4d605d) (ScriptedImporter) -> (artifact id: '5d53ccb7d6b27e781c9795938726a2c6') in 0.0108425 seconds
Number of updated asset objects reloaded before import = 0Number of asset objects unloaded after import = 15

========================================================================
Received Import Request.
  Time since last request: 0.000028 seconds.
  path: Assets/UnityXRContent/ARFoundation/SimulationEnvironments/Office/Prefab/Chair_39in_OF001.prefab
  artifactKey: Guid(4e7e692f9d4a44545b9e55987d24bb71) Importer(2089858483,b0f066a214c2f5e87bad3c948f4d605d)
Start importing Assets/UnityXRContent/ARFoundation/SimulationEnvironments/Office/Prefab/Chair_39in_OF001.prefab using Guid(4e7e692f9d4a44545b9e55987d24bb71) Importer(2089858483,b0f066a214c2f5e87bad3c948f4d605d) (ScriptedImporter) -> (artifact id: '084e0b0e8d0e220533d9b0d54b866375') in 0.0145093 seconds
Number of updated asset objects reloaded before import = 0Number of asset objects unloaded after import = 17

========================================================================
Received Import Request.
  Time since last request: 0.000026 seconds.
  path: Assets/UnityXRContent/ARFoundation/SimulationEnvironments/Kitchen/Prefab
  artifactKey: Guid(2c880ceafac488448a04fc18021e995b) Importer(2089858483,b0f066a214c2f5e87bad3c948f4d605d)
Start importing Assets/UnityXRContent/ARFoundation/SimulationEnvironments/Kitchen/Prefab using Guid(2c880ceafac488448a04fc18021e995b) Importer(2089858483,b0f066a214c2f5e87bad3c948f4d605d) (ScriptedImporter) -> (artifact id: '762847f12ba0f671044cff9449174f2b') in 0.0044039 seconds
Number of updated asset objects reloaded before import = 0Number of asset objects unloaded after import = 1

========================================================================
Received Import Request.
  Time since last request: 0.000030 seconds.
  path: Assets/UnityXRContent/ARFoundation/SimulationEnvironments/Backyard/Models/Plant_Small_BY001.fbx
  artifactKey: Guid(c925364f5046d044b9413732ec0d2ab5) Importer(2089858483,b0f066a214c2f5e87bad3c948f4d605d)
Start importing Assets/UnityXRContent/ARFoundation/SimulationEnvironments/Backyard/Models/Plant_Small_BY001.fbx using Guid(c925364f5046d044b9413732ec0d2ab5) Importer(2089858483,b0f066a214c2f5e87bad3c948f4d605d) (ScriptedImporter) -> (artifact id: 'd4f6a60f3e28423616af820be8d519f6') in 0.0101302 seconds
Number of updated asset objects reloaded before import = 0Number of asset objects unloaded after import = 7

========================================================================
Received Import Request.
  Time since last request: 0.000018 seconds.
  path: Assets/UnityXRContent/ARFoundation/SimulationEnvironments/Common/Models/Book_Paperback_CN001.fbx
  artifactKey: Guid(b7df2f02ce82a3d4285695699a846c0f) Importer(2089858483,b0f066a214c2f5e87bad3c948f4d605d)
Start importing Assets/UnityXRContent/ARFoundation/SimulationEnvironments/Common/Models/Book_Paperback_CN001.fbx using Guid(b7df2f02ce82a3d4285695699a846c0f) Importer(2089858483,b0f066a214c2f5e87bad3c948f4d605d) (ScriptedImporter) -> (artifact id: '52064a13f776f643802d5e8774108752') in 0.0105212 seconds
Number of updated asset objects reloaded before import = 0Number of asset objects unloaded after import = 7

========================================================================
Received Import Request.
  Time since last request: 0.000020 seconds.
  path: Assets/UnityXRContent/ARFoundation/SimulationEnvironments/Kitchen/Kitchen_13ftx9ft.prefab
  artifactKey: Guid(4348753b6a99eb740ad3908a926d9866) Importer(2089858483,b0f066a214c2f5e87bad3c948f4d605d)
Start importing Assets/UnityXRContent/ARFoundation/SimulationEnvironments/Kitchen/Kitchen_13ftx9ft.prefab using Guid(4348753b6a99eb740ad3908a926d9866) Importer(2089858483,b0f066a214c2f5e87bad3c948f4d605d) (ScriptedImporter) -> (artifact id: '1c6f9306103ac03c8c35d5da6c136219') in 0.0366799 seconds
Number of updated asset objects reloaded before import = 0Number of asset objects unloaded after import = 835

========================================================================
Received Import Request.
  Time since last request: 0.000030 seconds.
  path: Assets/UnityXRContent/ARFoundation/SimulationEnvironments/DiningRoom/Prefab/Cabinet_60in_DR001.prefab
  artifactKey: Guid(805c0962bf7649d46b4e24bf9f297562) Importer(2089858483,b0f066a214c2f5e87bad3c948f4d605d)
Start importing Assets/UnityXRContent/ARFoundation/SimulationEnvironments/DiningRoom/Prefab/Cabinet_60in_DR001.prefab using Guid(805c0962bf7649d46b4e24bf9f297562) Importer(2089858483,b0f066a214c2f5e87bad3c948f4d605d) (ScriptedImporter) -> (artifact id: 'cacdf8547dc1c659b2d6210c97cc0ae9') in 0.0131274 seconds
Number of updated asset objects reloaded before import = 0Number of asset objects unloaded after import = 16

========================================================================
Received Import Request.
  Time since last request: 0.000035 seconds.
  path: Assets/UnityXRContent/ARFoundation/SimulationEnvironments/LivingRoom/LivingRoom_18ftx13ft.prefab
  artifactKey: Guid(a596eab4521add64d91928bbd56d3efb) Importer(2089858483,b0f066a214c2f5e87bad3c948f4d605d)
Start importing Assets/UnityXRContent/ARFoundation/SimulationEnvironments/LivingRoom/LivingRoom_18ftx13ft.prefab using Guid(a596eab4521add64d91928bbd56d3efb) Importer(2089858483,b0f066a214c2f5e87bad3c948f4d605d) (ScriptedImporter) -> (artifact id: '8f44d30abee45cdeef9f1f8f807b72c3') in 0.0173591 seconds
Number of updated asset objects reloaded before import = 0Number of asset objects unloaded after import = 212

========================================================================
Received Import Request.
  Time since last request: 0.000024 seconds.
  path: Assets/UnityXRContent/ARFoundation/SimulationEnvironments/Factory/Models/SodaCup_FY001.fbx
  artifactKey: Guid(a5b11e30bccd56947b3786e332477ff8) Importer(2089858483,b0f066a214c2f5e87bad3c948f4d605d)
Start importing Assets/UnityXRContent/ARFoundation/SimulationEnvironments/Factory/Models/SodaCup_FY001.fbx using Guid(a5b11e30bccd56947b3786e332477ff8) Importer(2089858483,b0f066a214c2f5e87bad3c948f4d605d) (ScriptedImporter) -> (artifact id: 'd9d3cf12af1e46711495a2d127fb5da1') in 0.0097372 seconds
Number of updated asset objects reloaded before import = 0Number of asset objects unloaded after import = 7

========================================================================
Received Import Request.
  Time since last request: 0.000025 seconds.
  path: Assets/UnityXRContent/ARFoundation/SimulationEnvironments/Bedroom/Models/Bed_Queen_BR006.fbx
  artifactKey: Guid(7d8c07b8fe55e4d4586b282d6ad3b131) Importer(2089858483,b0f066a214c2f5e87bad3c948f4d605d)
Start importing Assets/UnityXRContent/ARFoundation/SimulationEnvironments/Bedroom/Models/Bed_Queen_BR006.fbx using Guid(7d8c07b8fe55e4d4586b282d6ad3b131) Importer(2089858483,b0f066a214c2f5e87bad3c948f4d605d) (ScriptedImporter) -> (artifact id: '566f5ea4e500417288cf76075790baad') in 0.0128706 seconds
Number of updated asset objects reloaded before import = 0Number of asset objects unloaded after import = 19

========================================================================
Received Import Request.
  Time since last request: 0.000022 seconds.
  path: Assets/UnityXRContent/ARFoundation/SimulationEnvironments/Kitchen/Models/CabinetLower_Backsplash_54Wx24Dx36H_Corner_KN001a.fbx
  artifactKey: Guid(f7288ba042c6455478b2e5ebc637adb9) Importer(2089858483,b0f066a214c2f5e87bad3c948f4d605d)
Start importing Assets/UnityXRContent/ARFoundation/SimulationEnvironments/Kitchen/Models/CabinetLower_Backsplash_54Wx24Dx36H_Corner_KN001a.fbx using Guid(f7288ba042c6455478b2e5ebc637adb9) Importer(2089858483,b0f066a214c2f5e87bad3c948f4d605d) (ScriptedImporter) -> (artifact id: '38b45f3417803d73c566f42d4c6ea86d') in 0.0184555 seconds
Number of updated asset objects reloaded before import = 0Number of asset objects unloaded after import = 91

========================================================================
Received Import Request.
  Time since last request: 0.000033 seconds.
  path: Assets/UnityXRContent/ARFoundation/SimulationEnvironments/Bedroom/Prefab/Bed_Queen_BR001.prefab
  artifactKey: Guid(c5d6649d73ee8eb4799b6cb678b704ef) Importer(2089858483,b0f066a214c2f5e87bad3c948f4d605d)
Start importing Assets/UnityXRContent/ARFoundation/SimulationEnvironments/Bedroom/Prefab/Bed_Queen_BR001.prefab using Guid(c5d6649d73ee8eb4799b6cb678b704ef) Importer(2089858483,b0f066a214c2f5e87bad3c948f4d605d) (ScriptedImporter) -> (artifact id: '926342eb9c5e498f4d8140a318baa6a7') in 0.0066802 seconds
Number of updated asset objects reloaded before import = 0Number of asset objects unloaded after import = 36

========================================================================
Received Import Request.
  Time since last request: 0.000019 seconds.
  path: Assets/UnityXRContent/ARFoundation/SimulationEnvironments/LivingRoom/Prefab/Console_31in_LR001.prefab
  artifactKey: Guid(28576f7e53034ec41ab1b15e0d0cbe19) Importer(2089858483,b0f066a214c2f5e87bad3c948f4d605d)
Start importing Assets/UnityXRContent/ARFoundation/SimulationEnvironments/LivingRoom/Prefab/Console_31in_LR001.prefab using Guid(28576f7e53034ec41ab1b15e0d0cbe19) Importer(2089858483,b0f066a214c2f5e87bad3c948f4d605d) (ScriptedImporter) -> (artifact id: 'e66e9aa15f7951da52ab4a732e1e276e') in 0.0152221 seconds
Number of updated asset objects reloaded before import = 0Number of asset objects unloaded after import = 16

========================================================================
Received Import Request.
  Time since last request: 0.000025 seconds.
  path: Assets/UnityXRContent/ARFoundation/SimulationEnvironments/DiningRoom/Prefab/Dish_Set_DR001.prefab
  artifactKey: Guid(d156af340f370a44d8bb95f5a1ac2910) Importer(2089858483,b0f066a214c2f5e87bad3c948f4d605d)
Start importing Assets/UnityXRContent/ARFoundation/SimulationEnvironments/DiningRoom/Prefab/Dish_Set_DR001.prefab using Guid(d156af340f370a44d8bb95f5a1ac2910) Importer(2089858483,b0f066a214c2f5e87bad3c948f4d605d) (ScriptedImporter) -> (artifact id: '2be49545d301f11800126c5c239698ab') in 0.0106468 seconds
Number of updated asset objects reloaded before import = 0Number of asset objects unloaded after import = 44

========================================================================
Received Import Request.
  Time since last request: 0.000023 seconds.
  path: Assets/UnityXRContent/ARFoundation/SimulationEnvironments/LivingRoom/Prefab/Ottoman_28in_LR001.prefab
  artifactKey: Guid(ad517491cab03c041afd51105d50d6f5) Importer(2089858483,b0f066a214c2f5e87bad3c948f4d605d)
Start importing Assets/UnityXRContent/ARFoundation/SimulationEnvironments/LivingRoom/Prefab/Ottoman_28in_LR001.prefab using Guid(ad517491cab03c041afd51105d50d6f5) Importer(2089858483,b0f066a214c2f5e87bad3c948f4d605d) (ScriptedImporter) -> (artifact id: '968e85885ca6dc89c508b16f70f1d1c8') in 0.0079486 seconds
Number of updated asset objects reloaded before import = 0Number of asset objects unloaded after import = 27

========================================================================
Received Import Request.
  Time since last request: 0.000032 seconds.
  path: Assets/UnityXRContent/ARFoundation/SimulationEnvironments/Office/Prefab/CoffeeTable_34in_OF001.prefab
  artifactKey: Guid(f9ced131c51206f4190b299455b439ea) Importer(2089858483,b0f066a214c2f5e87bad3c948f4d605d)
Start importing Assets/UnityXRContent/ARFoundation/SimulationEnvironments/Office/Prefab/CoffeeTable_34in_OF001.prefab using Guid(f9ced131c51206f4190b299455b439ea) Importer(2089858483,b0f066a214c2f5e87bad3c948f4d605d) (ScriptedImporter) -> (artifact id: '50696b5505f9eaabdb638c9b9bd6c472') in 0.0131225 seconds
Number of updated asset objects reloaded before import = 0Number of asset objects unloaded after import = 17

========================================================================
Received Import Request.
  Time since last request: 0.000020 seconds.
  path: Assets/UnityXRContent/Common/ReferenceImages/one.png
  artifactKey: Guid(d1879707d69d24adfb421bde69c92c94) Importer(2089858483,b0f066a214c2f5e87bad3c948f4d605d)
Start importing Assets/UnityXRContent/Common/ReferenceImages/one.png using Guid(d1879707d69d24adfb421bde69c92c94) Importer(2089858483,b0f066a214c2f5e87bad3c948f4d605d) (ScriptedImporter) -> (artifact id: 'a204f8402b1f2fac0fdef69bd7be54ad') in 0.0127305 seconds
Number of updated asset objects reloaded before import = 0Number of asset objects unloaded after import = 1

========================================================================
Received Import Request.
  Time since last request: 0.000020 seconds.
  path: Assets/UnityXRContent/ARFoundation/SimulationEnvironments/LivingRoom/Prefab/Mirror_48in_LR001.prefab
  artifactKey: Guid(b270ab1591f8a6e4388c9f005b14acf0) Importer(2089858483,b0f066a214c2f5e87bad3c948f4d605d)
Start importing Assets/UnityXRContent/ARFoundation/SimulationEnvironments/LivingRoom/Prefab/Mirror_48in_LR001.prefab using Guid(b270ab1591f8a6e4388c9f005b14acf0) Importer(2089858483,b0f066a214c2f5e87bad3c948f4d605d) (ScriptedImporter) -> (artifact id: '25c7ad90cf7717ce227cd06846ecb5b0') in 0.0152154 seconds
Number of updated asset objects reloaded before import = 0Number of asset objects unloaded after import = 15

========================================================================
Received Import Request.
  Time since last request: 0.000028 seconds.
  path: Assets/UnityXRContent/ARFoundation/SimulationEnvironments/Kitchen/Prefab/Environment_17ftx16ft_KN001.prefab
  artifactKey: Guid(62c88bfc4d91a614fb95a3b3dd4181da) Importer(2089858483,b0f066a214c2f5e87bad3c948f4d605d)
Start importing Assets/UnityXRContent/ARFoundation/SimulationEnvironments/Kitchen/Prefab/Environment_17ftx16ft_KN001.prefab using Guid(62c88bfc4d91a614fb95a3b3dd4181da) Importer(2089858483,b0f066a214c2f5e87bad3c948f4d605d) (ScriptedImporter) -> (artifact id: '5cbd9382ae2de6cb40cca926c9e11bb9') in 0.0078703 seconds
Number of updated asset objects reloaded before import = 0Number of asset objects unloaded after import = 78

========================================================================
Received Import Request.
  Time since last request: 0.000033 seconds.
  path: Assets/UnityXRContent/ARFoundation/SimulationEnvironments/Bedroom/Prefab/Environment_20ftx14ft_BR001.prefab
  artifactKey: Guid(0f521fcfbc07d794ebaf7caa6f9a46e7) Importer(2089858483,b0f066a214c2f5e87bad3c948f4d605d)
Start importing Assets/UnityXRContent/ARFoundation/SimulationEnvironments/Bedroom/Prefab/Environment_20ftx14ft_BR001.prefab using Guid(0f521fcfbc07d794ebaf7caa6f9a46e7) Importer(2089858483,b0f066a214c2f5e87bad3c948f4d605d) (ScriptedImporter) -> (artifact id: '7b32affdfb75812abd4435f81ac39c65') in 0.0084077 seconds
Number of updated asset objects reloaded before import = 0Number of asset objects unloaded after import = 82

========================================================================
Received Import Request.
  Time since last request: 0.000019 seconds.
  path: Assets/UnityXRContent/ARFoundation/SimulationEnvironments/Kitchen/Prefab/Dishwasher_30in_KN001.prefab
  artifactKey: Guid(e946fad63b1dcbf40b6697d5e144ac99) Importer(2089858483,b0f066a214c2f5e87bad3c948f4d605d)
Start importing Assets/UnityXRContent/ARFoundation/SimulationEnvironments/Kitchen/Prefab/Dishwasher_30in_KN001.prefab using Guid(e946fad63b1dcbf40b6697d5e144ac99) Importer(2089858483,b0f066a214c2f5e87bad3c948f4d605d) (ScriptedImporter) -> (artifact id: '62031e5d5d40f932b1a1bd544003e73a') in 0.0122838 seconds
Number of updated asset objects reloaded before import = 0Number of asset objects unloaded after import = 16

========================================================================
Received Import Request.
  Time since last request: 0.000020 seconds.
  path: Assets/UnityXRContent/ARFoundation/SimulationEnvironments/Museum/Models/DisplayStand_36in_MM001.fbx
  artifactKey: Guid(d4761a6a14826f24cbecad2329af7bfb) Importer(2089858483,b0f066a214c2f5e87bad3c948f4d605d)
Start importing Assets/UnityXRContent/ARFoundation/SimulationEnvironments/Museum/Models/DisplayStand_36in_MM001.fbx using Guid(d4761a6a14826f24cbecad2329af7bfb) Importer(2089858483,b0f066a214c2f5e87bad3c948f4d605d) (ScriptedImporter) -> (artifact id: 'c0afaa8df7308c6ea74a7eb8a13928fa') in 0.0105798 seconds
Number of updated asset objects reloaded before import = 0Number of asset objects unloaded after import = 7

========================================================================
Received Import Request.
  Time since last request: 0.000030 seconds.
  path: Assets/UnityXRContent/ARFoundation/SimulationEnvironments/Kitchen/Models/Range_Electric_36in_KN001.fbx
  artifactKey: Guid(1d29a4a3adc1d4846a79c8e90da712ae) Importer(2089858483,b0f066a214c2f5e87bad3c948f4d605d)
Start importing Assets/UnityXRContent/ARFoundation/SimulationEnvironments/Kitchen/Models/Range_Electric_36in_KN001.fbx using Guid(1d29a4a3adc1d4846a79c8e90da712ae) Importer(2089858483,b0f066a214c2f5e87bad3c948f4d605d) (ScriptedImporter) -> (artifact id: '81463e8d7231a8ca528b18d9ef1338fc') in 0.0145239 seconds
Number of updated asset objects reloaded before import = 0Number of asset objects unloaded after import = 7

========================================================================
Received Import Request.
  Time since last request: 0.000045 seconds.
  path: Assets/UnityXRContent/ARFoundation/SimulationEnvironments/Kitchen/Prefab/Refrigerator_36Wx26.5Dx70H_KN002.prefab
  artifactKey: Guid(664259ddb0c16c7478d22193b609d8c8) Importer(2089858483,b0f066a214c2f5e87bad3c948f4d605d)
Start importing Assets/UnityXRContent/ARFoundation/SimulationEnvironments/Kitchen/Prefab/Refrigerator_36Wx26.5Dx70H_KN002.prefab using Guid(664259ddb0c16c7478d22193b609d8c8) Importer(2089858483,b0f066a214c2f5e87bad3c948f4d605d) (ScriptedImporter) -> (artifact id: 'fd3830a87c091fec8ecc59f007713e05') in 0.0162732 seconds
Number of updated asset objects reloaded before import = 0Number of asset objects unloaded after import = 16

========================================================================
Received Import Request.
  Time since last request: 0.000022 seconds.
  path: Assets/UnityXRContent/ARFoundation/SimulationEnvironments/Backyard/Prefab/FirePit_42in_BY001.prefab
  artifactKey: Guid(aec174225ec491946bdfed0e125c4fe6) Importer(2089858483,b0f066a214c2f5e87bad3c948f4d605d)
Start importing Assets/UnityXRContent/ARFoundation/SimulationEnvironments/Backyard/Prefab/FirePit_42in_BY001.prefab using Guid(aec174225ec491946bdfed0e125c4fe6) Importer(2089858483,b0f066a214c2f5e87bad3c948f4d605d) (ScriptedImporter) -> (artifact id: '567532b605f0922981043ea8f940344a') in 0.0106168 seconds
Number of updated asset objects reloaded before import = 0Number of asset objects unloaded after import = 15

========================================================================
Received Import Request.
  Time since last request: 0.000027 seconds.
  path: Assets/UnityXRContent/ARFoundation/SimulationEnvironments/LivingRoom/Prefab/Lamp_15in_LR001.prefab
  artifactKey: Guid(dce593fa795bc8742808714f58abcd05) Importer(2089858483,b0f066a214c2f5e87bad3c948f4d605d)
Start importing Assets/UnityXRContent/ARFoundation/SimulationEnvironments/LivingRoom/Prefab/Lamp_15in_LR001.prefab using Guid(dce593fa795bc8742808714f58abcd05) Importer(2089858483,b0f066a214c2f5e87bad3c948f4d605d) (ScriptedImporter) -> (artifact id: 'c6729f787ed8834495e83ce925a03dcc') in 0.0118697 seconds
Number of updated asset objects reloaded before import = 0Number of asset objects unloaded after import = 16

========================================================================
Received Import Request.
  Time since last request: 0.000024 seconds.
  path: Assets/UnityXRContent/Common/ReferenceImages
  artifactKey: Guid(44eaa4ccd0673e345810d464b3bd8288) Importer(2089858483,b0f066a214c2f5e87bad3c948f4d605d)
Start importing Assets/UnityXRContent/Common/ReferenceImages using Guid(44eaa4ccd0673e345810d464b3bd8288) Importer(2089858483,b0f066a214c2f5e87bad3c948f4d605d) (ScriptedImporter) -> (artifact id: '34981ec6c25eeaca154aed59b2291011') in 0.0141627 seconds
Number of updated asset objects reloaded before import = 0Number of asset objects unloaded after import = 1

========================================================================
Received Import Request.
  Time since last request: 0.000034 seconds.
  path: Assets/UnityXRContent/ARFoundation/SimulationEnvironments/DiningRoom/Prefab/Tray_28in_DR001.prefab
  artifactKey: Guid(3ea0455007950ea42bef32e4cdf38dd1) Importer(2089858483,b0f066a214c2f5e87bad3c948f4d605d)
Start importing Assets/UnityXRContent/ARFoundation/SimulationEnvironments/DiningRoom/Prefab/Tray_28in_DR001.prefab using Guid(3ea0455007950ea42bef32e4cdf38dd1) Importer(2089858483,b0f066a214c2f5e87bad3c948f4d605d) (ScriptedImporter) -> (artifact id: '1867fad26694519c1b606db0e7c01410') in 0.0127035 seconds
Number of updated asset objects reloaded before import = 0Number of asset objects unloaded after import = 15

========================================================================
Received Import Request.
  Time since last request: 0.000021 seconds.
  path: Assets/UnityXRContent/ARFoundation/SimulationEnvironments/Park/Models/LightPost_10ft_PK001.fbx
  artifactKey: Guid(78fc376117d69804183eb2d5d00fb8e5) Importer(2089858483,b0f066a214c2f5e87bad3c948f4d605d)
Start importing Assets/UnityXRContent/ARFoundation/SimulationEnvironments/Park/Models/LightPost_10ft_PK001.fbx using Guid(78fc376117d69804183eb2d5d00fb8e5) Importer(2089858483,b0f066a214c2f5e87bad3c948f4d605d) (ScriptedImporter) -> (artifact id: 'cfbe093b270f2d239f070c30ff3a814e') in 0.0095312 seconds
Number of updated asset objects reloaded before import = 0Number of asset objects unloaded after import = 7

========================================================================
Received Import Request.
  Time since last request: 0.000021 seconds.
  path: Assets/UnityXRContent/ARFoundation/SimulationEnvironments/Factory/Models/VentilatorFan_Curved_FY001.fbx
  artifactKey: Guid(42a26a89af2a75644a4364adeedcd6be) Importer(2089858483,b0f066a214c2f5e87bad3c948f4d605d)
Start importing Assets/UnityXRContent/ARFoundation/SimulationEnvironments/Factory/Models/VentilatorFan_Curved_FY001.fbx using Guid(42a26a89af2a75644a4364adeedcd6be) Importer(2089858483,b0f066a214c2f5e87bad3c948f4d605d) (ScriptedImporter) -> (artifact id: '559c32c00436e109c6e4bb45fd01fab5') in 0.0152328 seconds
Number of updated asset objects reloaded before import = 0Number of asset objects unloaded after import = 7

========================================================================
Received Import Request.
  Time since last request: 0.000029 seconds.
  path: Assets/UnityXRContent/ARFoundation/SimulationEnvironments/DiningRoom/Prefab/Environment_18ftx16ft_DR001.prefab
  artifactKey: Guid(a018fd7d40dcafe4da1db5b1adffe0da) Importer(2089858483,b0f066a214c2f5e87bad3c948f4d605d)
Start importing Assets/UnityXRContent/ARFoundation/SimulationEnvironments/DiningRoom/Prefab/Environment_18ftx16ft_DR001.prefab using Guid(a018fd7d40dcafe4da1db5b1adffe0da) Importer(2089858483,b0f066a214c2f5e87bad3c948f4d605d) (ScriptedImporter) -> (artifact id: '20026e5412b6018e1117b97ebd14c1fc') in 0.0079928 seconds
Number of updated asset objects reloaded before import = 0Number of asset objects unloaded after import = 71

========================================================================
Received Import Request.
  Time since last request: 0.000036 seconds.
  path: Assets/UnityXRContent/ARFoundation/SimulationEnvironments/Factory/Models/Air_Compressor_FY001.fbx
  artifactKey: Guid(648b87cc183dc964fa64305e8e015145) Importer(2089858483,b0f066a214c2f5e87bad3c948f4d605d)
Start importing Assets/UnityXRContent/ARFoundation/SimulationEnvironments/Factory/Models/Air_Compressor_FY001.fbx using Guid(648b87cc183dc964fa64305e8e015145) Importer(2089858483,b0f066a214c2f5e87bad3c948f4d605d) (ScriptedImporter) -> (artifact id: '80da391766078ea127ad3bd4ac5840b6') in 0.011207 seconds
Number of updated asset objects reloaded before import = 0Number of asset objects unloaded after import = 7

========================================================================
Received Import Request.
  Time since last request: 0.000018 seconds.
  path: Assets/UnityXRContent/ARFoundation/SimulationEnvironments/Backyard/Prefab/Fence_DogEar_8ft_BY001.prefab
  artifactKey: Guid(e372861043c42b84d9ee7cc2da3ad496) Importer(2089858483,b0f066a214c2f5e87bad3c948f4d605d)
Start importing Assets/UnityXRContent/ARFoundation/SimulationEnvironments/Backyard/Prefab/Fence_DogEar_8ft_BY001.prefab using Guid(e372861043c42b84d9ee7cc2da3ad496) Importer(2089858483,b0f066a214c2f5e87bad3c948f4d605d) (ScriptedImporter) -> (artifact id: '0b8e69a022968fb4fd672d37ab9a6635') in 0.0134908 seconds
Number of updated asset objects reloaded before import = 0Number of asset objects unloaded after import = 16

========================================================================
Received Import Request.
  Time since last request: 0.000024 seconds.
  path: Assets/UnityXRContent/ARFoundation/SimulationEnvironments/Billboard/Models/Billboard_20ftx50ft_BB001.fbx
  artifactKey: Guid(d4b980f46443a494da6ab0e068b049a4) Importer(2089858483,b0f066a214c2f5e87bad3c948f4d605d)
Start importing Assets/UnityXRContent/ARFoundation/SimulationEnvironments/Billboard/Models/Billboard_20ftx50ft_BB001.fbx using Guid(d4b980f46443a494da6ab0e068b049a4) Importer(2089858483,b0f066a214c2f5e87bad3c948f4d605d) (ScriptedImporter) -> (artifact id: 'c7d4d5758a0f0af1d2d9d910bbd0e0b2') in 0.0114338 seconds
Number of updated asset objects reloaded before import = 0Number of asset objects unloaded after import = 7

========================================================================
Received Import Request.
  Time since last request: 0.000021 seconds.
  path: Assets/UnityXRContent/ARFoundation/SimulationEnvironments/Office/Prefab/Chair_36in_OF001.prefab
  artifactKey: Guid(4d166b6b7ea97c2478ecbe3177f63903) Importer(2089858483,b0f066a214c2f5e87bad3c948f4d605d)
Start importing Assets/UnityXRContent/ARFoundation/SimulationEnvironments/Office/Prefab/Chair_36in_OF001.prefab using Guid(4d166b6b7ea97c2478ecbe3177f63903) Importer(2089858483,b0f066a214c2f5e87bad3c948f4d605d) (ScriptedImporter) -> (artifact id: 'e8c1b1d9cec0c87e7eae00d611738225') in 0.0121717 seconds
Number of updated asset objects reloaded before import = 0Number of asset objects unloaded after import = 17

========================================================================
Received Import Request.
  Time since last request: 0.000030 seconds.
  path: Assets/UnityXRContent/ARFoundation/SimulationEnvironments/Factory/Models/Pallet_w_MedBoxes_FY002.fbx
  artifactKey: Guid(cacc698a3fc42734395575b2c037bb7e) Importer(2089858483,b0f066a214c2f5e87bad3c948f4d605d)
Start importing Assets/UnityXRContent/ARFoundation/SimulationEnvironments/Factory/Models/Pallet_w_MedBoxes_FY002.fbx using Guid(cacc698a3fc42734395575b2c037bb7e) Importer(2089858483,b0f066a214c2f5e87bad3c948f4d605d) (ScriptedImporter) -> (artifact id: '32d7e2bb90b22024a8d34566c8b2d6ea') in 0.0144679 seconds
Number of updated asset objects reloaded before import = 0Number of asset objects unloaded after import = 41

========================================================================
Received Import Request.
  Time since last request: 0.000019 seconds.
  path: Assets/UnityXRContent/ARFoundation/SimulationEnvironments/Factory/Prefab/Pallet_w_MedBoxes_FY002.prefab
  artifactKey: Guid(e719b58887416d8429909b2b9ad5c90b) Importer(2089858483,b0f066a214c2f5e87bad3c948f4d605d)
Start importing Assets/UnityXRContent/ARFoundation/SimulationEnvironments/Factory/Prefab/Pallet_w_MedBoxes_FY002.prefab using Guid(e719b58887416d8429909b2b9ad5c90b) Importer(2089858483,b0f066a214c2f5e87bad3c948f4d605d) (ScriptedImporter) -> (artifact id: '0aa57d45d7616992bf3b05b01e4a562f') in 0.0064872 seconds
Number of updated asset objects reloaded before import = 0Number of asset objects unloaded after import = 75

========================================================================
Received Import Request.
  Time since last request: 0.000020 seconds.
  path: Assets/UnityXRContent/ARFoundation/SimulationEnvironments/LivingRoom/Models/Sectional_106in_LR002.fbx
  artifactKey: Guid(87b0034c3a5320e47b531a2fb88e7fa5) Importer(2089858483,b0f066a214c2f5e87bad3c948f4d605d)
Start importing Assets/UnityXRContent/ARFoundation/SimulationEnvironments/LivingRoom/Models/Sectional_106in_LR002.fbx using Guid(87b0034c3a5320e47b531a2fb88e7fa5) Importer(2089858483,b0f066a214c2f5e87bad3c948f4d605d) (ScriptedImporter) -> (artifact id: '941582ec289a273c0bb33c334a4f4067') in 0.0113874 seconds
Number of updated asset objects reloaded before import = 0Number of asset objects unloaded after import = 29

========================================================================
Received Import Request.
  Time since last request: 0.000018 seconds.
  path: Assets/UnityXRContent/ARFoundation/SimulationEnvironments/DiningRoom/Prefab/Server_36in_DR002.prefab
  artifactKey: Guid(cae2533c9dca7bc44b9c9ca55ea452db) Importer(2089858483,b0f066a214c2f5e87bad3c948f4d605d)
Start importing Assets/UnityXRContent/ARFoundation/SimulationEnvironments/DiningRoom/Prefab/Server_36in_DR002.prefab using Guid(cae2533c9dca7bc44b9c9ca55ea452db) Importer(2089858483,b0f066a214c2f5e87bad3c948f4d605d) (ScriptedImporter) -> (artifact id: 'ea02febad8f3f449cb3b3b71269d3a79') in 0.0123593 seconds
Number of updated asset objects reloaded before import = 0Number of asset objects unloaded after import = 16

========================================================================
Received Import Request.
  Time since last request: 0.000023 seconds.
  path: Assets/UnityXRContent/ARFoundation/SimulationEnvironments/Kitchen/Prefab/Microwave_36in_Floating_KN001.prefab
  artifactKey: Guid(3dd6110f50469f2408527bcefb3b66b3) Importer(2089858483,b0f066a214c2f5e87bad3c948f4d605d)
Start importing Assets/UnityXRContent/ARFoundation/SimulationEnvironments/Kitchen/Prefab/Microwave_36in_Floating_KN001.prefab using Guid(3dd6110f50469f2408527bcefb3b66b3) Importer(2089858483,b0f066a214c2f5e87bad3c948f4d605d) (ScriptedImporter) -> (artifact id: 'b888198d903e1726b1ae43608d91009b') in 0.0128396 seconds
Number of updated asset objects reloaded before import = 0Number of asset objects unloaded after import = 16

========================================================================
Received Import Request.
  Time since last request: 0.000029 seconds.
  path: Assets/UnityXRContent/ARFoundation/SimulationEnvironments/Common/Models/TableLamp_16in_CN002.fbx
  artifactKey: Guid(abc4e8d5ce4d8e647904d74e203dc974) Importer(2089858483,b0f066a214c2f5e87bad3c948f4d605d)
Start importing Assets/UnityXRContent/ARFoundation/SimulationEnvironments/Common/Models/TableLamp_16in_CN002.fbx using Guid(abc4e8d5ce4d8e647904d74e203dc974) Importer(2089858483,b0f066a214c2f5e87bad3c948f4d605d) (ScriptedImporter) -> (artifact id: 'd26e69ed2df684c11cd20bc7b8e49adf') in 0.0146796 seconds
Number of updated asset objects reloaded before import = 0Number of asset objects unloaded after import = 7

========================================================================
Received Import Request.
  Time since last request: 0.000017 seconds.
  path: Assets/UnityXRContent/ARFoundation/SimulationEnvironments/Billboard/Prefab/Billboard_20ftx30ft_BB001.prefab
  artifactKey: Guid(c9bb6f176e9175a4ab7a991250115931) Importer(2089858483,b0f066a214c2f5e87bad3c948f4d605d)
Start importing Assets/UnityXRContent/ARFoundation/SimulationEnvironments/Billboard/Prefab/Billboard_20ftx30ft_BB001.prefab using Guid(c9bb6f176e9175a4ab7a991250115931) Importer(2089858483,b0f066a214c2f5e87bad3c948f4d605d) (ScriptedImporter) -> (artifact id: '0536816706c973a291d914fb836b1b5e') in 0.0123714 seconds
Number of updated asset objects reloaded before import = 0Number of asset objects unloaded after import = 16

========================================================================
Received Import Request.
  Time since last request: 0.000020 seconds.
  path: Assets/UnityXRContent/ARFoundation/SimulationEnvironments/LivingRoom/Models/PictureFrame_10x10in_LR001.fbx
  artifactKey: Guid(5fdebefb64f6b4e4baef83e943f661c3) Importer(2089858483,b0f066a214c2f5e87bad3c948f4d605d)
Start importing Assets/UnityXRContent/ARFoundation/SimulationEnvironments/LivingRoom/Models/PictureFrame_10x10in_LR001.fbx using Guid(5fdebefb64f6b4e4baef83e943f661c3) Importer(2089858483,b0f066a214c2f5e87bad3c948f4d605d) (ScriptedImporter) -> (artifact id: '2404d32f63f192cadb28bc77e03a45f4') in 0.0102387 seconds
Number of updated asset objects reloaded before import = 0Number of asset objects unloaded after import = 7

========================================================================
Received Import Request.
  Time since last request: 0.000023 seconds.
  path: Assets/UnityXRContent/ARFoundation/SimulationEnvironments/Billboard/Models/Sidewalk_Large_BB002.fbx
  artifactKey: Guid(64258a6148b7b334a997020f5a6190e9) Importer(2089858483,b0f066a214c2f5e87bad3c948f4d605d)
Start importing Assets/UnityXRContent/ARFoundation/SimulationEnvironments/Billboard/Models/Sidewalk_Large_BB002.fbx using Guid(64258a6148b7b334a997020f5a6190e9) Importer(2089858483,b0f066a214c2f5e87bad3c948f4d605d) (ScriptedImporter) -> (artifact id: 'd0e060104fa9d3bee90daf24ccf8e70a') in 0.0117689 seconds
Number of updated asset objects reloaded before import = 0Number of asset objects unloaded after import = 8

========================================================================
Received Import Request.
  Time since last request: 0.000033 seconds.
  path: Assets/UnityXRContent/ARFoundation/SimulationEnvironments/Kitchen/Models/Refrigerator_36Wx26.5Dx70H_KN001.fbx
  artifactKey: Guid(dab7c9b1e92a3c94aa6462943434522b) Importer(2089858483,b0f066a214c2f5e87bad3c948f4d605d)
Start importing Assets/UnityXRContent/ARFoundation/SimulationEnvironments/Kitchen/Models/Refrigerator_36Wx26.5Dx70H_KN001.fbx using Guid(dab7c9b1e92a3c94aa6462943434522b) Importer(2089858483,b0f066a214c2f5e87bad3c948f4d605d) (ScriptedImporter) -> (artifact id: 'b1dd364e2e700cb3a4b4264cd30f512b') in 0.0124247 seconds
Number of updated asset objects reloaded before import = 0Number of asset objects unloaded after import = 7

========================================================================
Received Import Request.
  Time since last request: 0.000023 seconds.
  path: Assets/UnityXRContent/ARFoundation/SimulationEnvironments/Kitchen/Prefab/Range_Electric_36in_KN001.prefab
  artifactKey: Guid(99ddf14c14ab17c4fb8dfb99b45a34ee) Importer(2089858483,b0f066a214c2f5e87bad3c948f4d605d)
Start importing Assets/UnityXRContent/ARFoundation/SimulationEnvironments/Kitchen/Prefab/Range_Electric_36in_KN001.prefab using Guid(99ddf14c14ab17c4fb8dfb99b45a34ee) Importer(2089858483,b0f066a214c2f5e87bad3c948f4d605d) (ScriptedImporter) -> (artifact id: '917cd0eedb03a99377d899a9776d25aa') in 0.0129869 seconds
Number of updated asset objects reloaded before import = 0Number of asset objects unloaded after import = 18

========================================================================
Received Import Request.
  Time since last request: 0.000020 seconds.
  path: Assets/UnityXRContent/ARFoundation/SimulationEnvironments/LivingRoom/Models/Fireplace_72in_LR001.fbx
  artifactKey: Guid(7b601fb885953714ab4e0b3f69a47d9d) Importer(2089858483,b0f066a214c2f5e87bad3c948f4d605d)
Start importing Assets/UnityXRContent/ARFoundation/SimulationEnvironments/LivingRoom/Models/Fireplace_72in_LR001.fbx using Guid(7b601fb885953714ab4e0b3f69a47d9d) Importer(2089858483,b0f066a214c2f5e87bad3c948f4d605d) (ScriptedImporter) -> (artifact id: '265a0cb1db3c0b2e800effe8c2c8383f') in 0.0088891 seconds
Number of updated asset objects reloaded before import = 0Number of asset objects unloaded after import = 14

========================================================================
Received Import Request.
  Time since last request: 0.000029 seconds.
  path: Assets/UnityXRContent/ARFoundation/SimulationEnvironments/Bedroom/Prefab/AlarmClock_BR001.prefab
  artifactKey: Guid(4080d5cd1959ddf4ebebb675db481be6) Importer(2089858483,b0f066a214c2f5e87bad3c948f4d605d)
Start importing Assets/UnityXRContent/ARFoundation/SimulationEnvironments/Bedroom/Prefab/AlarmClock_BR001.prefab using Guid(4080d5cd1959ddf4ebebb675db481be6) Importer(2089858483,b0f066a214c2f5e87bad3c948f4d605d) (ScriptedImporter) -> (artifact id: '1be8823ebd437c3e4def3b93ce58aa3a') in 0.0123066 seconds
Number of updated asset objects reloaded before import = 0Number of asset objects unloaded after import = 15

========================================================================
Received Import Request.
  Time since last request: 0.000040 seconds.
  path: Assets/UnityXRContent/ARFoundation/SimulationEnvironments/DiningRoom/Prefab/Chair_32in_DR002.prefab
  artifactKey: Guid(8b582fb0d0c98b94da40c39ebbc83564) Importer(2089858483,b0f066a214c2f5e87bad3c948f4d605d)
Start importing Assets/UnityXRContent/ARFoundation/SimulationEnvironments/DiningRoom/Prefab/Chair_32in_DR002.prefab using Guid(8b582fb0d0c98b94da40c39ebbc83564) Importer(2089858483,b0f066a214c2f5e87bad3c948f4d605d) (ScriptedImporter) -> (artifact id: '7bbd8364fe621706737387b2a51cf202') in 0.0118128 seconds
Number of updated asset objects reloaded before import = 0Number of asset objects unloaded after import = 17

========================================================================
Received Import Request.
  Time since last request: 0.000020 seconds.
  path: Assets/UnityXRContent/ARFoundation/SimulationEnvironments/Kitchen/Models/CabinetLower_Backsplash_36Wx24Dx36H_Corner_KN002a.fbx
  artifactKey: Guid(072ce30d60d30e0439955becb4989171) Importer(2089858483,b0f066a214c2f5e87bad3c948f4d605d)
Start importing Assets/UnityXRContent/ARFoundation/SimulationEnvironments/Kitchen/Models/CabinetLower_Backsplash_36Wx24Dx36H_Corner_KN002a.fbx using Guid(072ce30d60d30e0439955becb4989171) Importer(2089858483,b0f066a214c2f5e87bad3c948f4d605d) (ScriptedImporter) -> (artifact id: '1288897ecd4d938fe3749522991c3a91') in 0.0151694 seconds
Number of updated asset objects reloaded before import = 0Number of asset objects unloaded after import = 21

========================================================================
Received Import Request.
  Time since last request: 0.000022 seconds.
  path: Assets/UnityXRContent/ARFoundation/SimulationEnvironments/Kitchen/Prefab/CabinetLower_Backsplash_36Wx24Dx36H_KN001a.prefab
  artifactKey: Guid(b04bf5234a949c444acf64351ab12fac) Importer(2089858483,b0f066a214c2f5e87bad3c948f4d605d)
Start importing Assets/UnityXRContent/ARFoundation/SimulationEnvironments/Kitchen/Prefab/CabinetLower_Backsplash_36Wx24Dx36H_KN001a.prefab using Guid(b04bf5234a949c444acf64351ab12fac) Importer(2089858483,b0f066a214c2f5e87bad3c948f4d605d) (ScriptedImporter) -> (artifact id: '70237c04f9cc806530da3be83d0e3c56') in 0.0145258 seconds
Number of updated asset objects reloaded before import = 0Number of asset objects unloaded after import = 96

========================================================================
Received Import Request.
  Time since last request: 0.000029 seconds.
  path: Assets/UnityXRContent/ARFoundation/SimulationEnvironments/Kitchen/Models/Range_Hood_36in_KN001.fbx
  artifactKey: Guid(ac5f26f7c84e46c488ff016a6b419447) Importer(2089858483,b0f066a214c2f5e87bad3c948f4d605d)
Start importing Assets/UnityXRContent/ARFoundation/SimulationEnvironments/Kitchen/Models/Range_Hood_36in_KN001.fbx using Guid(ac5f26f7c84e46c488ff016a6b419447) Importer(2089858483,b0f066a214c2f5e87bad3c948f4d605d) (ScriptedImporter) -> (artifact id: '3275b101975dfb86b4591bf7342620b3') in 0.0099622 seconds
Number of updated asset objects reloaded before import = 0Number of asset objects unloaded after import = 7

========================================================================
Received Import Request.
  Time since last request: 0.000029 seconds.
  path: Assets/UnityXRContent/ARFoundation/SimulationEnvironments/Factory/Prefab/Pallet_FY001.prefab
  artifactKey: Guid(319b9c8678be6df41a730fd21bed1bbe) Importer(2089858483,b0f066a214c2f5e87bad3c948f4d605d)
Start importing Assets/UnityXRContent/ARFoundation/SimulationEnvironments/Factory/Prefab/Pallet_FY001.prefab using Guid(319b9c8678be6df41a730fd21bed1bbe) Importer(2089858483,b0f066a214c2f5e87bad3c948f4d605d) (ScriptedImporter) -> (artifact id: '3954b6b158170355f98c02cda8ba1246') in 0.0112428 seconds
Number of updated asset objects reloaded before import = 0Number of asset objects unloaded after import = 15

========================================================================
Received Import Request.
  Time since last request: 0.000024 seconds.
  path: Assets/UnityXRContent/ARFoundation/SimulationEnvironments/LivingRoom/Models/Sectional_Customizable_LR001.fbx
  artifactKey: Guid(8c4fbbee2076ce4499e102372365ae9c) Importer(2089858483,b0f066a214c2f5e87bad3c948f4d605d)
Start importing Assets/UnityXRContent/ARFoundation/SimulationEnvironments/LivingRoom/Models/Sectional_Customizable_LR001.fbx using Guid(8c4fbbee2076ce4499e102372365ae9c) Importer(2089858483,b0f066a214c2f5e87bad3c948f4d605d) (ScriptedImporter) -> (artifact id: 'b624e5bd5750002588a3daf35b54aa45') in 0.010735 seconds
Number of updated asset objects reloaded before import = 0Number of asset objects unloaded after import = 24

========================================================================
Received Import Request.
  Time since last request: 0.000017 seconds.
  path: Assets/UnityXRContent/ARFoundation/SimulationEnvironments/Kitchen/Prefab/Range_Gas_36in_KN001.prefab
  artifactKey: Guid(5e6a2330617db824b8b7e8314a93965e) Importer(2089858483,b0f066a214c2f5e87bad3c948f4d605d)
Start importing Assets/UnityXRContent/ARFoundation/SimulationEnvironments/Kitchen/Prefab/Range_Gas_36in_KN001.prefab using Guid(5e6a2330617db824b8b7e8314a93965e) Importer(2089858483,b0f066a214c2f5e87bad3c948f4d605d) (ScriptedImporter) -> (artifact id: '3d6be3bed6d57f7ee1c6ca27b9075ecd') in 0.0127001 seconds
Number of updated asset objects reloaded before import = 0Number of asset objects unloaded after import = 19

========================================================================
Received Import Request.
  Time since last request: 0.000018 seconds.
  path: Assets/UnityXRContent/ARFoundation/SimulationEnvironments/DiningRoom/Models/Cabinet_Corner_84in_DR001.fbx
  artifactKey: Guid(58c3581666993d54483ba5559dd59518) Importer(2089858483,b0f066a214c2f5e87bad3c948f4d605d)
Start importing Assets/UnityXRContent/ARFoundation/SimulationEnvironments/DiningRoom/Models/Cabinet_Corner_84in_DR001.fbx using Guid(58c3581666993d54483ba5559dd59518) Importer(2089858483,b0f066a214c2f5e87bad3c948f4d605d) (ScriptedImporter) -> (artifact id: '0f97d044f2ca942d5852ff88f6df9eae') in 0.0132665 seconds
Number of updated asset objects reloaded before import = 0Number of asset objects unloaded after import = 7

========================================================================
Received Import Request.
  Time since last request: 0.000025 seconds.
  path: Assets/UnityXRContent/ARFoundation/SimulationEnvironments/Kitchen/Models/CabinetLower_Backsplash_30Wx24Dx36H_Sink_KN001a.fbx
  artifactKey: Guid(0e0887c6cc8422845ab8846edecc8012) Importer(2089858483,b0f066a214c2f5e87bad3c948f4d605d)
Start importing Assets/UnityXRContent/ARFoundation/SimulationEnvironments/Kitchen/Models/CabinetLower_Backsplash_30Wx24Dx36H_Sink_KN001a.fbx using Guid(0e0887c6cc8422845ab8846edecc8012) Importer(2089858483,b0f066a214c2f5e87bad3c948f4d605d) (ScriptedImporter) -> (artifact id: '02aad7ca322f94876c874782d75a6e07') in 0.0122639 seconds
Number of updated asset objects reloaded before import = 0Number of asset objects unloaded after import = 31

========================================================================
Received Import Request.
  Time since last request: 0.000036 seconds.
  path: Assets/UnityXRContent/ARFoundation/SimulationEnvironments/Common/Prefab/Custom/Book_Hardcover_CN002.prefab
  artifactKey: Guid(eb7569402bfb1d843b19f0434b212739) Importer(2089858483,b0f066a214c2f5e87bad3c948f4d605d)
Start importing Assets/UnityXRContent/ARFoundation/SimulationEnvironments/Common/Prefab/Custom/Book_Hardcover_CN002.prefab using Guid(eb7569402bfb1d843b19f0434b212739) Importer(2089858483,b0f066a214c2f5e87bad3c948f4d605d) (ScriptedImporter) -> (artifact id: '73ede8c8c9ceabe1188b0c8d58aead57') in 0.0107134 seconds
Number of updated asset objects reloaded before import = 0Number of asset objects unloaded after import = 20

========================================================================
Received Import Request.
  Time since last request: 0.000019 seconds.
  path: Assets/UnityXRContent/ARFoundation/SimulationEnvironments/Bedroom/Prefab/LaundryBasket_Tall_BR001.prefab
  artifactKey: Guid(cd90a45d730f8854c96bc0ff92fcc384) Importer(2089858483,b0f066a214c2f5e87bad3c948f4d605d)
Start importing Assets/UnityXRContent/ARFoundation/SimulationEnvironments/Bedroom/Prefab/LaundryBasket_Tall_BR001.prefab using Guid(cd90a45d730f8854c96bc0ff92fcc384) Importer(2089858483,b0f066a214c2f5e87bad3c948f4d605d) (ScriptedImporter) -> (artifact id: '4eaab4382580f2937b0e48d71163d1a0') in 0.0115423 seconds
Number of updated asset objects reloaded before import = 0Number of asset objects unloaded after import = 16

========================================================================
Received Import Request.
  Time since last request: 0.000020 seconds.
  path: Assets/UnityXRContent/ARFoundation/SimulationEnvironments/Kitchen/Prefab/CabinetSurround_Refrigerator_60Wx24Dx90H_KN001a.prefab
  artifactKey: Guid(41cd1c3df1e7f5245b48924901599cf1) Importer(2089858483,b0f066a214c2f5e87bad3c948f4d605d)
Start importing Assets/UnityXRContent/ARFoundation/SimulationEnvironments/Kitchen/Prefab/CabinetSurround_Refrigerator_60Wx24Dx90H_KN001a.prefab using Guid(41cd1c3df1e7f5245b48924901599cf1) Importer(2089858483,b0f066a214c2f5e87bad3c948f4d605d) (ScriptedImporter) -> (artifact id: '4cec701f0cdff7a5ea55d69c4ebe5967') in 0.0150505 seconds
Number of updated asset objects reloaded before import = 0Number of asset objects unloaded after import = 144

========================================================================
Received Import Request.
  Time since last request: 0.000023 seconds.
  path: Assets/UnityXRContent/ARFoundation/SimulationEnvironments/LivingRoom/Models/Apple_3in_LR002.fbx
  artifactKey: Guid(3c78210a89d15f94894f7cfe0a62daaa) Importer(2089858483,b0f066a214c2f5e87bad3c948f4d605d)
Start importing Assets/UnityXRContent/ARFoundation/SimulationEnvironments/LivingRoom/Models/Apple_3in_LR002.fbx using Guid(3c78210a89d15f94894f7cfe0a62daaa) Importer(2089858483,b0f066a214c2f5e87bad3c948f4d605d) (ScriptedImporter) -> (artifact id: '4bb638cc25aaed820fb703e96a7e441f') in 0.0144042 seconds
Number of updated asset objects reloaded before import = 0Number of asset objects unloaded after import = 7

========================================================================
Received Import Request.
  Time since last request: 0.000033 seconds.
  path: Assets/UnityXRContent/ARFoundation/SimulationEnvironments/LivingRoom/Models/Couch_88in_LR001.fbx
  artifactKey: Guid(33a11084ec8fd9148ba828c640265bb8) Importer(2089858483,b0f066a214c2f5e87bad3c948f4d605d)
Start importing Assets/UnityXRContent/ARFoundation/SimulationEnvironments/LivingRoom/Models/Couch_88in_LR001.fbx using Guid(33a11084ec8fd9148ba828c640265bb8) Importer(2089858483,b0f066a214c2f5e87bad3c948f4d605d) (ScriptedImporter) -> (artifact id: '2f9b7f52021ec1b1181bf86d8e39a423') in 0.0150268 seconds
Number of updated asset objects reloaded before import = 0Number of asset objects unloaded after import = 29

========================================================================
Received Import Request.
  Time since last request: 0.000018 seconds.
  path: Assets/UnityXRContent/ARFoundation/SimulationEnvironments/Kitchen/Prefab/Barstool_29in_KN002.prefab
  artifactKey: Guid(c6e8908658411c4428a6dec5304cfe7d) Importer(2089858483,b0f066a214c2f5e87bad3c948f4d605d)
Start importing Assets/UnityXRContent/ARFoundation/SimulationEnvironments/Kitchen/Prefab/Barstool_29in_KN002.prefab using Guid(c6e8908658411c4428a6dec5304cfe7d) Importer(2089858483,b0f066a214c2f5e87bad3c948f4d605d) (ScriptedImporter) -> (artifact id: 'ece4eeff54e537a4a6ea3e2b2af11c7b') in 0.0170368 seconds
Number of updated asset objects reloaded before import = 0Number of asset objects unloaded after import = 17

========================================================================
Received Import Request.
  Time since last request: 0.000021 seconds.
  path: Assets/UnityXRContent/ARFoundation/SimulationEnvironments/Bedroom/Bedroom_12ftx12ft.prefab
  artifactKey: Guid(f1fbb93a309712c40992b49e13b0e872) Importer(2089858483,b0f066a214c2f5e87bad3c948f4d605d)
Start importing Assets/UnityXRContent/ARFoundation/SimulationEnvironments/Bedroom/Bedroom_12ftx12ft.prefab using Guid(f1fbb93a309712c40992b49e13b0e872) Importer(2089858483,b0f066a214c2f5e87bad3c948f4d605d) (ScriptedImporter) -> (artifact id: '8343c89be5587e8e9a39b3ee839a53e4') in 0.0215324 seconds
Number of updated asset objects reloaded before import = 0Number of asset objects unloaded after import = 232

========================================================================
Received Import Request.
  Time since last request: 0.000028 seconds.
  path: Assets/UnityXRContent/ARFoundation/SimulationEnvironments/Backyard/Prefab/Table_PatioDining_67in_BY001.prefab
  artifactKey: Guid(ce4024af95c916c43a6624b2fd4e3358) Importer(2089858483,b0f066a214c2f5e87bad3c948f4d605d)
Start importing Assets/UnityXRContent/ARFoundation/SimulationEnvironments/Backyard/Prefab/Table_PatioDining_67in_BY001.prefab using Guid(ce4024af95c916c43a6624b2fd4e3358) Importer(2089858483,b0f066a214c2f5e87bad3c948f4d605d) (ScriptedImporter) -> (artifact id: '29e04edccf11ae7efc4280ea80e6b161') in 0.0154022 seconds
Number of updated asset objects reloaded before import = 0Number of asset objects unloaded after import = 17

========================================================================
Received Import Request.
  Time since last request: 0.000035 seconds.
  path: Assets/UnityXRContent/ARFoundation/SimulationEnvironments/DiningRoom/DiningRoom_15ftx12.5ft.prefab
  artifactKey: Guid(bac9905226754f7429474e1c164365b6) Importer(2089858483,b0f066a214c2f5e87bad3c948f4d605d)
Start importing Assets/UnityXRContent/ARFoundation/SimulationEnvironments/DiningRoom/DiningRoom_15ftx12.5ft.prefab using Guid(bac9905226754f7429474e1c164365b6) Importer(2089858483,b0f066a214c2f5e87bad3c948f4d605d) (ScriptedImporter) -> (artifact id: 'd63353e0018e92f08053c0d86d6ca852') in 0.0238865 seconds
Number of updated asset objects reloaded before import = 0Number of asset objects unloaded after import = 402

========================================================================
Received Import Request.
  Time since last request: 0.000025 seconds.
  path: Assets/UnityXRContent/ARFoundation/SimulationEnvironments/Backyard/Prefab/Sandbox_8ftx8ft_BY001.prefab
  artifactKey: Guid(4749e80c2f9b53349a86cef64569ff63) Importer(2089858483,b0f066a214c2f5e87bad3c948f4d605d)
Start importing Assets/UnityXRContent/ARFoundation/SimulationEnvironments/Backyard/Prefab/Sandbox_8ftx8ft_BY001.prefab using Guid(4749e80c2f9b53349a86cef64569ff63) Importer(2089858483,b0f066a214c2f5e87bad3c948f4d605d) (ScriptedImporter) -> (artifact id: '0aa4a29d56e082c6e74a187a0e789e49') in 0.0141839 seconds
Number of updated asset objects reloaded before import = 0Number of asset objects unloaded after import = 15

========================================================================
Received Import Request.
  Time since last request: 0.000020 seconds.
  path: Assets/UnityXRContent/ARFoundation/SimulationEnvironments/Office/Office_36ftx16.5ft_001.prefab
  artifactKey: Guid(051166dc421bb564eb946220163dafc9) Importer(2089858483,b0f066a214c2f5e87bad3c948f4d605d)
Start importing Assets/UnityXRContent/ARFoundation/SimulationEnvironments/Office/Office_36ftx16.5ft_001.prefab using Guid(051166dc421bb564eb946220163dafc9) Importer(2089858483,b0f066a214c2f5e87bad3c948f4d605d) (ScriptedImporter) -> (artifact id: '088512f8cc2ac105726f475a4b4b764f') in 0.0201042 seconds
Number of updated asset objects reloaded before import = 0Number of asset objects unloaded after import = 329

========================================================================
Received Import Request.
  Time since last request: 0.000025 seconds.
  path: Assets/UnityXRContent/ARFoundation/SimulationEnvironments/Backyard/Models/Grill_54in_BY001.fbx
  artifactKey: Guid(a8aff27d74035dc4a9de061883a49ddf) Importer(2089858483,b0f066a214c2f5e87bad3c948f4d605d)
Start importing Assets/UnityXRContent/ARFoundation/SimulationEnvironments/Backyard/Models/Grill_54in_BY001.fbx using Guid(a8aff27d74035dc4a9de061883a49ddf) Importer(2089858483,b0f066a214c2f5e87bad3c948f4d605d) (ScriptedImporter) -> (artifact id: '54d41a62824c1d246abae9243d40cc4f') in 0.0132601 seconds
Number of updated asset objects reloaded before import = 0Number of asset objects unloaded after import = 7

========================================================================
Received Import Request.
  Time since last request: 0.000040 seconds.
  path: Assets/UnityXRContent/ARFoundation/SimulationEnvironments/PostProcessing/XR Simulation Profile.asset
  artifactKey: Guid(a4cecc7e18acd3c4a995d597a778f539) Importer(2089858483,b0f066a214c2f5e87bad3c948f4d605d)
Start importing Assets/UnityXRContent/ARFoundation/SimulationEnvironments/PostProcessing/XR Simulation Profile.asset using Guid(a4cecc7e18acd3c4a995d597a778f539) Importer(2089858483,b0f066a214c2f5e87bad3c948f4d605d) (ScriptedImporter) -> (artifact id: '98714c00d08c61bc9e99bc635ff8a121') in 0.0064448 seconds
Number of updated asset objects reloaded before import = 0Number of asset objects unloaded after import = 1

========================================================================
Received Import Request.
  Time since last request: 0.000015 seconds.
  path: Assets/UnityXRContent/ARFoundation/SimulationEnvironments/Backyard/Prefab/Rock_Small_BY001.prefab
  artifactKey: Guid(5be563b629fff6c44a6d7101201292c9) Importer(2089858483,b0f066a214c2f5e87bad3c948f4d605d)
Start importing Assets/UnityXRContent/ARFoundation/SimulationEnvironments/Backyard/Prefab/Rock_Small_BY001.prefab using Guid(5be563b629fff6c44a6d7101201292c9) Importer(2089858483,b0f066a214c2f5e87bad3c948f4d605d) (ScriptedImporter) -> (artifact id: '6406d7e0cb21244bb52e3c81cb755efd') in 0.0110229 seconds
Number of updated asset objects reloaded before import = 0Number of asset objects unloaded after import = 15

========================================================================
Received Import Request.
  Time since last request: 0.000023 seconds.
  path: Assets/UnityXRContent/ARFoundation/SimulationEnvironments/LivingRoom/Models/Rug_8x10ft_LR001.fbx
  artifactKey: Guid(4e8a5c1fd24ac3246a5b3d9fd6240d0a) Importer(2089858483,b0f066a214c2f5e87bad3c948f4d605d)
Start importing Assets/UnityXRContent/ARFoundation/SimulationEnvironments/LivingRoom/Models/Rug_8x10ft_LR001.fbx using Guid(4e8a5c1fd24ac3246a5b3d9fd6240d0a) Importer(2089858483,b0f066a214c2f5e87bad3c948f4d605d) (ScriptedImporter) -> (artifact id: '15ba0c6b825a3a1a8891e058ca6e359f') in 0.0137746 seconds
Number of updated asset objects reloaded before import = 0Number of asset objects unloaded after import = 7

========================================================================
Received Import Request.
  Time since last request: 0.000020 seconds.
  path: Assets/UnityXRContent/Common/ReferenceObjects
  artifactKey: Guid(ccb20909ff550d544b59aa31ba20adad) Importer(2089858483,b0f066a214c2f5e87bad3c948f4d605d)
Start importing Assets/UnityXRContent/Common/ReferenceObjects using Guid(ccb20909ff550d544b59aa31ba20adad) Importer(2089858483,b0f066a214c2f5e87bad3c948f4d605d) (ScriptedImporter) -> (artifact id: '5221d3623f2bb269b29a2ca2943bd2a6') in 0.0045617 seconds
Number of updated asset objects reloaded before import = 0Number of asset objects unloaded after import = 1

========================================================================
Received Import Request.
  Time since last request: 0.000021 seconds.
  path: Assets/UnityXRContent/ARFoundation/SimulationEnvironments/LivingRoom/Models/Houseplant_17in_LR001.fbx
  artifactKey: Guid(f3d16ec24a4f1164eb29dc61c1b43137) Importer(2089858483,b0f066a214c2f5e87bad3c948f4d605d)
Start importing Assets/UnityXRContent/ARFoundation/SimulationEnvironments/LivingRoom/Models/Houseplant_17in_LR001.fbx using Guid(f3d16ec24a4f1164eb29dc61c1b43137) Importer(2089858483,b0f066a214c2f5e87bad3c948f4d605d) (ScriptedImporter) -> (artifact id: '5fb0e49628b5e82b6bad984413d66e23') in 0.0116307 seconds
Number of updated asset objects reloaded before import = 0Number of asset objects unloaded after import = 7

========================================================================
Received Import Request.
  Time since last request: 0.000033 seconds.
  path: Assets/UnityXRContent/ARFoundation/SimulationEnvironments/LivingRoom/Models/CoffeeTable_48in_LR001.fbx
  artifactKey: Guid(7bcaccf2c021c03448afcef0522d6026) Importer(2089858483,b0f066a214c2f5e87bad3c948f4d605d)
Start importing Assets/UnityXRContent/ARFoundation/SimulationEnvironments/LivingRoom/Models/CoffeeTable_48in_LR001.fbx using Guid(7bcaccf2c021c03448afcef0522d6026) Importer(2089858483,b0f066a214c2f5e87bad3c948f4d605d) (ScriptedImporter) -> (artifact id: 'ae96709a5b2543f1416d218c4f582c46') in 0.0141103 seconds
Number of updated asset objects reloaded before import = 0Number of asset objects unloaded after import = 7

========================================================================
Received Import Request.
  Time since last request: 0.000019 seconds.
  path: Assets/UnityXRContent/ARFoundation/SimulationEnvironments/Bedroom/Prefab/Bed_Queen_BR003.prefab
  artifactKey: Guid(bc8cf38a7f0cd104a88a84d385f1943e) Importer(2089858483,b0f066a214c2f5e87bad3c948f4d605d)
Start importing Assets/UnityXRContent/ARFoundation/SimulationEnvironments/Bedroom/Prefab/Bed_Queen_BR003.prefab using Guid(bc8cf38a7f0cd104a88a84d385f1943e) Importer(2089858483,b0f066a214c2f5e87bad3c948f4d605d) (ScriptedImporter) -> (artifact id: 'eca8621d2ee263dc486b245cddb2426e') in 0.0063619 seconds
Number of updated asset objects reloaded before import = 0Number of asset objects unloaded after import = 36

========================================================================
Received Import Request.
  Time since last request: 0.000020 seconds.
  path: Assets/UnityXRContent/ARFoundation/SimulationEnvironments/DiningRoom/Models/Dish_Set_DR002.fbx
  artifactKey: Guid(a2228f73977c1c545861aa785a082d79) Importer(2089858483,b0f066a214c2f5e87bad3c948f4d605d)
Start importing Assets/UnityXRContent/ARFoundation/SimulationEnvironments/DiningRoom/Models/Dish_Set_DR002.fbx using Guid(a2228f73977c1c545861aa785a082d79) Importer(2089858483,b0f066a214c2f5e87bad3c948f4d605d) (ScriptedImporter) -> (artifact id: '7283c2b7af5ad45849589265c8867953') in 0.0111792 seconds
Number of updated asset objects reloaded before import = 0Number of asset objects unloaded after import = 29

========================================================================
Received Import Request.
  Time since last request: 0.000029 seconds.
  path: Assets/UnityXRContent/ARFoundation/SimulationEnvironments/Backyard/Models/Fence_Wood_SlatsPost_BY001.fbx
  artifactKey: Guid(36da5c14c56a87246bc518d4ad654f2c) Importer(2089858483,b0f066a214c2f5e87bad3c948f4d605d)
Start importing Assets/UnityXRContent/ARFoundation/SimulationEnvironments/Backyard/Models/Fence_Wood_SlatsPost_BY001.fbx using Guid(36da5c14c56a87246bc518d4ad654f2c) Importer(2089858483,b0f066a214c2f5e87bad3c948f4d605d) (ScriptedImporter) -> (artifact id: '7875b8068df5fec1ac03ec1552bcc329') in 0.0142587 seconds
Number of updated asset objects reloaded before import = 0Number of asset objects unloaded after import = 7

========================================================================
Received Import Request.
  Time since last request: 0.000036 seconds.
  path: Assets/UnityXRContent/ARFoundation/SimulationEnvironments/Museum/Models
  artifactKey: Guid(78245c2c3c0392a44a662300cffc0c00) Importer(2089858483,b0f066a214c2f5e87bad3c948f4d605d)
Start importing Assets/UnityXRContent/ARFoundation/SimulationEnvironments/Museum/Models using Guid(78245c2c3c0392a44a662300cffc0c00) Importer(2089858483,b0f066a214c2f5e87bad3c948f4d605d) (ScriptedImporter) -> (artifact id: '3b9b95f0d4c128411bc21751d71d307f') in 0.0042749 seconds
Number of updated asset objects reloaded before import = 0Number of asset objects unloaded after import = 1

========================================================================
Received Import Request.
  Time since last request: 0.000023 seconds.
  path: Assets/UnityXRContent/ARFoundation/SimulationEnvironments/Office/Models/Laptop_15in_OF001.fbx
  artifactKey: Guid(201691a9dd77a6a47a1fd9d6c4bcef3f) Importer(2089858483,b0f066a214c2f5e87bad3c948f4d605d)
Start importing Assets/UnityXRContent/ARFoundation/SimulationEnvironments/Office/Models/Laptop_15in_OF001.fbx using Guid(201691a9dd77a6a47a1fd9d6c4bcef3f) Importer(2089858483,b0f066a214c2f5e87bad3c948f4d605d) (ScriptedImporter) -> (artifact id: '6a56dd32d7d8a0185c6948ca746ae06d') in 0.0113835 seconds
Number of updated asset objects reloaded before import = 0Number of asset objects unloaded after import = 7

========================================================================
Received Import Request.
  Time since last request: 0.000020 seconds.
  path: Assets/UnityXRContent/ARFoundation/SimulationEnvironments/LivingRoom/Prefab/Couch_106in_LR001.prefab
  artifactKey: Guid(5106cf06d83060e4c88166699338387b) Importer(2089858483,b0f066a214c2f5e87bad3c948f4d605d)
Start importing Assets/UnityXRContent/ARFoundation/SimulationEnvironments/LivingRoom/Prefab/Couch_106in_LR001.prefab using Guid(5106cf06d83060e4c88166699338387b) Importer(2089858483,b0f066a214c2f5e87bad3c948f4d605d) (ScriptedImporter) -> (artifact id: '9d666eaedeeb9f21a55459cf50c38714') in 0.0143566 seconds
Number of updated asset objects reloaded before import = 0Number of asset objects unloaded after import = 17

========================================================================
Received Import Request.
  Time since last request: 0.000024 seconds.
  path: Assets/UnityXRContent/ARFoundation/SimulationEnvironments/Office/Models/Chair_38in_OF001.fbx
  artifactKey: Guid(fb112a7c17261df45ba8b865a93ec54e) Importer(2089858483,b0f066a214c2f5e87bad3c948f4d605d)
Start importing Assets/UnityXRContent/ARFoundation/SimulationEnvironments/Office/Models/Chair_38in_OF001.fbx using Guid(fb112a7c17261df45ba8b865a93ec54e) Importer(2089858483,b0f066a214c2f5e87bad3c948f4d605d) (ScriptedImporter) -> (artifact id: 'd11dba8d57933f4def376a1a536180d4') in 0.0130408 seconds
Number of updated asset objects reloaded before import = 0Number of asset objects unloaded after import = 7

========================================================================
Received Import Request.
  Time since last request: 0.000040 seconds.
  path: Assets/UnityXRContent/ARFoundation/SimulationEnvironments/DiningRoom/Models/Cabinet_60in_DR001.fbx
  artifactKey: Guid(5fb213e282e3b424eb4c0bffb6e7dc3e) Importer(2089858483,b0f066a214c2f5e87bad3c948f4d605d)
Start importing Assets/UnityXRContent/ARFoundation/SimulationEnvironments/DiningRoom/Models/Cabinet_60in_DR001.fbx using Guid(5fb213e282e3b424eb4c0bffb6e7dc3e) Importer(2089858483,b0f066a214c2f5e87bad3c948f4d605d) (ScriptedImporter) -> (artifact id: '1216b73d63545f668da0d01395350871') in 0.0099484 seconds
Number of updated asset objects reloaded before import = 0Number of asset objects unloaded after import = 7

========================================================================
Received Import Request.
  Time since last request: 0.000020 seconds.
  path: Assets/UnityXRContent/ARFoundation/SimulationEnvironments/Backyard/Prefab
  artifactKey: Guid(c6e39dc147c064648a279aadd698cafe) Importer(2089858483,b0f066a214c2f5e87bad3c948f4d605d)
Start importing Assets/UnityXRContent/ARFoundation/SimulationEnvironments/Backyard/Prefab using Guid(c6e39dc147c064648a279aadd698cafe) Importer(2089858483,b0f066a214c2f5e87bad3c948f4d605d) (ScriptedImporter) -> (artifact id: '04be8d59d8f66ae3976817df135f6cca') in 0.005125 seconds
Number of updated asset objects reloaded before import = 0Number of asset objects unloaded after import = 1

========================================================================
Received Import Request.
  Time since last request: 0.000019 seconds.
  path: Assets/UnityXRContent/ARFoundation/SimulationEnvironments/LivingRoom/Models/Bookcase_40in_LR001.fbx
  artifactKey: Guid(6ac46d52e4965f647920afbbcd1e1dc3) Importer(2089858483,b0f066a214c2f5e87bad3c948f4d605d)
Start importing Assets/UnityXRContent/ARFoundation/SimulationEnvironments/LivingRoom/Models/Bookcase_40in_LR001.fbx using Guid(6ac46d52e4965f647920afbbcd1e1dc3) Importer(2089858483,b0f066a214c2f5e87bad3c948f4d605d) (ScriptedImporter) -> (artifact id: 'f9f82369f8d1832614a27f8bbb5c05d7') in 0.0104756 seconds
Number of updated asset objects reloaded before import = 0Number of asset objects unloaded after import = 7

========================================================================
Received Import Request.
  Time since last request: 0.000020 seconds.
  path: Assets/UnityXRContent/ARFoundation/SimulationEnvironments/Kitchen/Prefab/CabinetUpper_36Wx12Dx36H_Corner_KN001a.prefab
  artifactKey: Guid(e717f6aac777d274b97e738f13818d9d) Importer(2089858483,b0f066a214c2f5e87bad3c948f4d605d)
Start importing Assets/UnityXRContent/ARFoundation/SimulationEnvironments/Kitchen/Prefab/CabinetUpper_36Wx12Dx36H_Corner_KN001a.prefab using Guid(e717f6aac777d274b97e738f13818d9d) Importer(2089858483,b0f066a214c2f5e87bad3c948f4d605d) (ScriptedImporter) -> (artifact id: '7b1d10e413667b984019862b54906136') in 0.0119486 seconds
Number of updated asset objects reloaded before import = 0Number of asset objects unloaded after import = 90

========================================================================
Received Import Request.
  Time since last request: 0.000026 seconds.
  path: Assets/UnityXRContent/ARFoundation/SimulationEnvironments/Factory/Models/Table_6ft_FY001.fbx
  artifactKey: Guid(238485a3cc516d34c917c6b2f13a3262) Importer(2089858483,b0f066a214c2f5e87bad3c948f4d605d)
Start importing Assets/UnityXRContent/ARFoundation/SimulationEnvironments/Factory/Models/Table_6ft_FY001.fbx using Guid(238485a3cc516d34c917c6b2f13a3262) Importer(2089858483,b0f066a214c2f5e87bad3c948f4d605d) (ScriptedImporter) -> (artifact id: 'c6526e0de7dd64f66c451d15d8fd7ecb') in 0.0103276 seconds
Number of updated asset objects reloaded before import = 0Number of asset objects unloaded after import = 7

========================================================================
Received Import Request.
  Time since last request: 0.000032 seconds.
  path: Assets/UnityXRContent/ARFoundation/SimulationEnvironments/Backyard/Prefab/Flagstone_4in_BY001.prefab
  artifactKey: Guid(a314fcf09303c3742bbc4da653e8d935) Importer(2089858483,b0f066a214c2f5e87bad3c948f4d605d)
Start importing Assets/UnityXRContent/ARFoundation/SimulationEnvironments/Backyard/Prefab/Flagstone_4in_BY001.prefab using Guid(a314fcf09303c3742bbc4da653e8d935) Importer(2089858483,b0f066a214c2f5e87bad3c948f4d605d) (ScriptedImporter) -> (artifact id: 'b1f40accc6bc6f536770a57dc8d301c2') in 0.0146409 seconds
Number of updated asset objects reloaded before import = 0Number of asset objects unloaded after import = 15

========================================================================
Received Import Request.
  Time since last request: 0.000019 seconds.
  path: Assets/UnityXRContent/ARFoundation/SimulationEnvironments/LivingRoom/Prefab/EndTable_24in_LR004.prefab
  artifactKey: Guid(68975f9baf7c4254aa8fc3a4f637ddbb) Importer(2089858483,b0f066a214c2f5e87bad3c948f4d605d)
Start importing Assets/UnityXRContent/ARFoundation/SimulationEnvironments/LivingRoom/Prefab/EndTable_24in_LR004.prefab using Guid(68975f9baf7c4254aa8fc3a4f637ddbb) Importer(2089858483,b0f066a214c2f5e87bad3c948f4d605d) (ScriptedImporter) -> (artifact id: '1234613f72e2ec811539fe03f0b8e47a') in 0.0127083 seconds
Number of updated asset objects reloaded before import = 0Number of asset objects unloaded after import = 17

========================================================================
Received Import Request.
  Time since last request: 0.000026 seconds.
  path: Assets/UnityXRContent/ARFoundation/SimulationEnvironments/Park/Prefab/Custom/RockPile_Climbable_PK001 Variant.prefab
  artifactKey: Guid(67f1bd8a35f922b4ab3eb0c7d1ef0375) Importer(2089858483,b0f066a214c2f5e87bad3c948f4d605d)
Start importing Assets/UnityXRContent/ARFoundation/SimulationEnvironments/Park/Prefab/Custom/RockPile_Climbable_PK001 Variant.prefab using Guid(67f1bd8a35f922b4ab3eb0c7d1ef0375) Importer(2089858483,b0f066a214c2f5e87bad3c948f4d605d) (ScriptedImporter) -> (artifact id: 'e77c92acbd77e6d047ff9fa7fa4d267a') in 0.0152046 seconds
Number of updated asset objects reloaded before import = 0Number of asset objects unloaded after import = 20

========================================================================
Received Import Request.
  Time since last request: 0.000027 seconds.
  path: Assets/UnityXRContent/ARFoundation/SimulationEnvironments/LivingRoom/Prefab/Tray_12x16in_LR001.prefab
  artifactKey: Guid(b16d63f42fd7ea643aca61cef517a2fc) Importer(2089858483,b0f066a214c2f5e87bad3c948f4d605d)
Start importing Assets/UnityXRContent/ARFoundation/SimulationEnvironments/LivingRoom/Prefab/Tray_12x16in_LR001.prefab using Guid(b16d63f42fd7ea643aca61cef517a2fc) Importer(2089858483,b0f066a214c2f5e87bad3c948f4d605d) (ScriptedImporter) -> (artifact id: 'ef25c01995d286bcca44c660c6fecdb4') in 0.010713 seconds
Number of updated asset objects reloaded before import = 0Number of asset objects unloaded after import = 15

========================================================================
Received Import Request.
  Time since last request: 0.000032 seconds.
  path: Assets/UnityXRContent/ARFoundation/SimulationEnvironments/Kitchen/Models/CabinetLower_Backsplash_45Wx24Dx36H_CornerSink_KN001a.fbx
  artifactKey: Guid(b7efba04346da7944b4f103882e005b1) Importer(2089858483,b0f066a214c2f5e87bad3c948f4d605d)
Start importing Assets/UnityXRContent/ARFoundation/SimulationEnvironments/Kitchen/Models/CabinetLower_Backsplash_45Wx24Dx36H_CornerSink_KN001a.fbx using Guid(b7efba04346da7944b4f103882e005b1) Importer(2089858483,b0f066a214c2f5e87bad3c948f4d605d) (ScriptedImporter) -> (artifact id: '5d0adb6daeebc7b3aefb770666a08106') in 0.0124362 seconds
Number of updated asset objects reloaded before import = 0Number of asset objects unloaded after import = 31

========================================================================
Received Import Request.
  Time since last request: 0.000021 seconds.
  path: Assets/UnityXRContent/ARFoundation/SimulationEnvironments/Museum/Models/SpaceShuttle_MM001.fbx
  artifactKey: Guid(bac66c3635a53814789f5f1e822b4497) Importer(2089858483,b0f066a214c2f5e87bad3c948f4d605d)
Start importing Assets/UnityXRContent/ARFoundation/SimulationEnvironments/Museum/Models/SpaceShuttle_MM001.fbx using Guid(bac66c3635a53814789f5f1e822b4497) Importer(2089858483,b0f066a214c2f5e87bad3c948f4d605d) (ScriptedImporter) -> (artifact id: '9f13717fca619a401e0efe088c6940c7') in 0.0102914 seconds
Number of updated asset objects reloaded before import = 0Number of asset objects unloaded after import = 7

========================================================================
Received Import Request.
  Time since last request: 0.000021 seconds.
  path: Assets/UnityXRContent/ARFoundation/SimulationEnvironments/Kitchen/Prefab/Range_Gas_30in_KN001.prefab
  artifactKey: Guid(36df6358a4e82e247a5eef6fefca145f) Importer(2089858483,b0f066a214c2f5e87bad3c948f4d605d)
Start importing Assets/UnityXRContent/ARFoundation/SimulationEnvironments/Kitchen/Prefab/Range_Gas_30in_KN001.prefab using Guid(36df6358a4e82e247a5eef6fefca145f) Importer(2089858483,b0f066a214c2f5e87bad3c948f4d605d) (ScriptedImporter) -> (artifact id: '5f9269757084cc8d3206a3c4c8153876') in 0.0125198 seconds
Number of updated asset objects reloaded before import = 0Number of asset objects unloaded after import = 19

========================================================================
Received Import Request.
  Time since last request: 1.541498 seconds.
  path: Assets/XR/UserSimulationSettings/SimulationEnvironmentAssetsManager.asset
  artifactKey: Guid(2ac39ca5ce3f7b344b7a57477aae9bf7) Importer(2089858483,b0f066a214c2f5e87bad3c948f4d605d)
Start importing Assets/XR/UserSimulationSettings/SimulationEnvironmentAssetsManager.asset using Guid(2ac39ca5ce3f7b344b7a57477aae9bf7) Importer(2089858483,b0f066a214c2f5e87bad3c948f4d605d) (ScriptedImporter) -> (artifact id: 'b4ddc88f4c2c8f16f41aa855641afe57') in 0.0114025 seconds
Number of updated asset objects reloaded before import = 0Number of asset objects unloaded after import = 1

Editor requested this worker to shutdown with reason: Scaling down because of idle timeout
AssetImportWorker is now disconnected from the server
Process exiting
Exiting without the bug reporter. Application will terminate with return code 0